block_number,block_hash,transaction_hash,transaction_index,log_index,timestamp,amount0_raw,amount1_raw,sqrt_price_x96,liquidity,tick
19999950,0x3ec7bc9b5564df9d6bb8ac9571c8a215029c40f65564d65399dca2a1962bc02b,0x5408e59197f729983717db370d699f8f8a2f7e3b07d50d83f4aa11ac234601e0,0,2,1717280807,254010179590,-66357474124893700895,1280700286608702083939659378399356,14844784382655527465,193821
19999951,0x6bb1029104ba334959a283ad609ddb04b78323eca93a31c95f29544818058aba,0xf9a67be656352d7a8d8a00d9651be70c6bcdbb386424e384b2223c515a64ae43,9,56,1717280819,-4315179638,1128116543305981996,1280706304473914867974678261974055,14844784382655527465,193821
19999952,0xed91068f71f66ba74e2e26630fea683887c616aacdbc6de848db1a5b83a936f8,0xc8cf921e163935a62b9a621a39e52da6487767bcfd948dfe93bad02d9790caf7,13,144,1717280831,-1876549606,490589293078893612,1280708921490975828692562427796058,14844784382655527465,193821
19999952,0xed91068f71f66ba74e2e26630fea683887c616aacdbc6de848db1a5b83a936f8,0xaff3b65de25da6edad5e9cba576806624f2360fe3840264bae0f6e335f897a8c,15,148,1717280831,100000000000,-26114230647238178921,1280569547115518423278356642490120,14844783339865939932,193819
19999952,0xed91068f71f66ba74e2e26630fea683887c616aacdbc6de848db1a5b83a936f8,0xcdf7b92dec2073336dd3a70d9811b3b5ff765e299558f0b56176648fad7c6a34,21,199,1717280831,-2508647399,655699999811698688,1280573044905280916398779182236053,14844783339865939932,193819
19999952,0xed91068f71f66ba74e2e26630fea683887c616aacdbc6de848db1a5b83a936f8,0xcdf7b92dec2073336dd3a70d9811b3b5ff765e299558f0b56176648fad7c6a34,21,213,1717280831,-1482532619,387499998213832704,1280575111999267659853088325786249,14844783339865939932,193819
19999952,0xed91068f71f66ba74e2e26630fea683887c616aacdbc6de848db1a5b83a936f8,0xa15fecf92bd9c2a4707aeb77eeae01f23a9c48887b7d22da9c49c00563be16c4,33,291,1717280831,-12066354928,3153914746549345337,1280591936356009194751940896121974,14844783339865939932,193819
19999952,0xed91068f71f66ba74e2e26630fea683887c616aacdbc6de848db1a5b83a936f8,0x609912bf5e75071ad2938203178c723f9bd994679435afa39a4fb698ac964ec0,87,347,1717280831,-1180409336,308540908254404553,1280593582247774502833280445219493,14844783339865939932,193819
19999952,0xed91068f71f66ba74e2e26630fea683887c616aacdbc6de848db1a5b83a936f8,0x4e5c435b800e6c5e03e7636239263216ebec192cbad44954fc31459fd9fca7a4,239,830,1717280831,-416566404,108884262729189698,1280594163083918440828042803847708,14844783339865939932,193819
19999953,0xb83722ebaaec8b74b838f6dd4b6c072edbafe5120fc77dbb6648362079c41ceb,0xbd9899b61f8f1f2b3eec5bc3da7afa3d7d917af7edb45a1f70dcc7a76a4f0e2c,8,86,1717280843,-2063723820,539428170626482778,1280597040629035658380513519947081,14844783339865939932,193819
19999953,0xb83722ebaaec8b74b838f6dd4b6c072edbafe5120fc77dbb6648362079c41ceb,0xa3cc557cd03bda626dfe6e7a7a50b31d9db59dd6c77727882db28153058c892c,10,92,1717280843,-1113081860,290944836170532853,1280598592655678482502203272290648,14844783339865939932,193819
19999953,0xb83722ebaaec8b74b838f6dd4b6c072edbafe5120fc77dbb6648362079c41ceb,0x3233a00f559da13fa0d0c18039966c9e4c02ffb86b8cec1eea24bb3f993c47a4,43,247,1717280843,-6093405897,1592747985402978560,1280607089068060934791379725434925,14844783339865939932,193819
19999955,0x75d96b706e0f26959e3722f7e060154b6cb5ade4f07d85644e0f6eb300162bbd,0x0f1e7a9f38f9484c312f7880a9623d4cc95e680df32735eabd85ab5f85459284,3,71,1717280867,-37872317384,9899873077967117593,1280659899305100209179274161533264,14844784382655527465,193820
19999955,0x75d96b706e0f26959e3722f7e060154b6cb5ade4f07d85644e0f6eb300162bbd,0x2e731d5d0bfaf2f16a91e4072382fa19ce06a80ec2960440b8367f17763a1b8c,48,445,1717280867,-26400448482,6901594600000000000,1280696715418029787129242437864371,14844784382655527465,193821
19999955,0x75d96b706e0f26959e3722f7e060154b6cb5ade4f07d85644e0f6eb300162bbd,0x2e731d5d0bfaf2f16a91e4072382fa19ce06a80ec2960440b8367f17763a1b8c,48,449,1717280867,-20054887983,5243005946186947584,1280724683896358732639068668094261,14844784382655527465,193821
19999955,0x75d96b706e0f26959e3722f7e060154b6cb5ade4f07d85644e0f6eb300162bbd,0x670102d086b95cec81bb488b740e9768f79a906fa44e57c0b497c01860375e32,303,668,1717280867,-656716933,171691232822147521,1280725599772208148460078956703992,14844784382655527465,193821
19999958,0xeb062534a66b4fb970e9c61f8ecabe4d7d7eac4b5330d5f5de40d4e393a82011,0xcd6114f3b49cb6c1532e00bd2581b283b8c2995106b0b5b9a4d3ed933384ea22,129,4361,1717280903,-386262584,100984109525387983,1280726138465451646064579987675911,14844784382655527465,193821
19999959,0x81c91f769e3373fe551ebe8049f5b318d639485d964eff9ba5c5f8e190710b04,0x3316c15def458fba8635b2b410dc148c669b11262384d2095f0ba9309074a7b4,10,78,1717280915,-78635064336,20560042899183757714,1280835814693205347573220541202432,14844784382655527465,193823
19999959,0x81c91f769e3373fe551ebe8049f5b318d639485d964eff9ba5c5f8e190710b04,0x1a71d982118b0643b2df9cdd5286e1c724b1566bfe489a494e9be44d266a3869,162,380,1717280915,-116780141218,30540011173376159150,1280998728420451742061812249252569,14844784382655527465,193826
19999961,0x12d570242eea5c272cc2c3c3a2fe7c68b473ae968b95c698155a959293694b44,0xe2cc09dc2b6fea777b44b8312a5ce63a379a46356c3605dd862caccfe647e210,15,92,1717280939,-1522500000,398211183581705437,1281000852652423374380551092340093,14844784382655527465,193826
19999961,0x12d570242eea5c272cc2c3c3a2fe7c68b473ae968b95c698155a959293694b44,0x995746fafe1f47c3cc072602b0f2e11d8107a3fdaba14dd787d9148597a8e73d,60,163,1717280939,-386027990,100966162486823883,1281001391249929547957442918716861,14844784382655527465,193826
19999962,0xf373ae75e80e3397b83ce42a2346b164f5351fac6eec7d931e084f1fcd166214,0xcdb17aed9078aeda8cc77cbeb098b30d2631b2888db7df831d01a9dcbee8d856,10,51,1717280951,95000439593,-24820100533875646036,1280868923784722316180863722717184,14844784382655527465,193824
19999963,0xedd87b4b4349a205d42f21a3bd89ef30531300081de4f1aa3e2260457f94e55b,0xfd8200c32a1f2f491d0b89146aa339588c8553a6314cfd19a977c4edb23b9b20,1,9,1717280963,77851562500,-20335906700858758958,1280760388929689121175686208490464,14844784382655527465,193822
19999964,0xe483558119abc686e1114960f1deba4b96a15bb6df9fa31d9fbf44bc3bec0aa0,0xb717649bb389a3a000a99b6d375f08e0f44ac176a39a518f3efe2db41dfaabcd,1,12,1717280975,169719220206,-44321067822069927061,1280523842762103583779348223549529,14844783339865939932,193818
19999965,0x374d0799f0f344f67b7b588a562d637949fe962a5f632bc988711d67ac481757,0x0e0813aded64b2de2b969286f07e1eda64fc234c5085683fab90cef0c9fe1e2e,0,2,1717280987,-857852152,224205480000000000,1280525038771914265594627062285095,14844783339865939932,193818
19999965,0x374d0799f0f344f67b7b588a562d637949fe962a5f632bc988711d67ac481757,0x10b1a41db48c0e81b0b71de9c4a597db916e793cdcb7c4106862f5796f3fed91,1,13,1717280987,-8670344027,2266076742817623308,1280537127013540508495840171438818,14844783339865939932,193818
19999966,0x732536c1a64b0ba0f12789bc034bb4abfe03da67f8fd1b2aceaf2f974c189a88,0x614e4ee699b1d14d8a2d886619f729cbf40c0d6a6dae965404073e0077291af7,6,38,1717280999,19766265472,-5160874074484419578,1280509582888407281882143299266533,14844783339865939932,193818
19999967,0x7192a5382e29e1db6e62e722ff6704a5d432691b9a90244b8aae67792cf3b125,0x8b245ce4cb5c9aa2084278e7989a7702abf5f3e9f9cf665a8db522099b8d973a,0,8,1717281011,-9945397631,2599264970803088408,1280523448501351452898318064136053,14844783339865939932,193818
19999967,0x7192a5382e29e1db6e62e722ff6704a5d432691b9a90244b8aae67792cf3b125,0x65f5def06095d28103f0c1d7d6d508b9d303e6f554f9e9a1f49913d3e54cdb26,2,20,1717281011,-34463283,9007199254740992,1280523496549680492117880893145900,14844783339865939932,193818
19999967,0x7192a5382e29e1db6e62e722ff6704a5d432691b9a90244b8aae67792cf3b125,0x65f5def06095d28103f0c1d7d6d508b9d303e6f554f9e9a1f49913d3e54cdb26,2,29,1717281011,-34463280,9007199254740992,1280523544598009531337443722155747,14844783339865939932,193818
19999967,0x7192a5382e29e1db6e62e722ff6704a5d432691b9a90244b8aae67792cf3b125,0x65f5def06095d28103f0c1d7d6d508b9d303e6f554f9e9a1f49913d3e54cdb26,2,38,1717281011,-16560725142,4328329855533170934,1280546633797127611219542007368879,14844783339865939932,193819
19999967,0x7192a5382e29e1db6e62e722ff6704a5d432691b9a90244b8aae67792cf3b125,0xc4ab5d294c6624a70d121e24bdf74fe87ec2996f1fa565178d88c5f44287dfca,15,121,1717281011,-587849006,153643750000000000,1280547453399897132928628904259078,14844783339865939932,193819
19999967,0x7192a5382e29e1db6e62e722ff6704a5d432691b9a90244b8aae67792cf3b125,0xc4ab5d294c6624a70d121e24bdf74fe87ec2996f1fa565178d88c5f44287dfca,15,134,1717281011,-587848254,153643750000000000,1280548273002666654637715801149277,14844783339865939932,193819
19999967,0x7192a5382e29e1db6e62e722ff6704a5d432691b9a90244b8aae67792cf3b125,0xc4ab5d294c6624a70d121e24bdf74fe87ec2996f1fa565178d88c5f44287dfca,15,156,1717281011,-587847501,153643750000000000,1280549092605436176346802698039476,14844783339865939932,193819
19999967,0x7192a5382e29e1db6e62e722ff6704a5d432691b9a90244b8aae67792cf3b125,0xc4ab5d294c6624a70d121e24bdf74fe87ec2996f1fa565178d88c5f44287dfca,15,171,1717281011,-587846749,153643750000000000,1280549912208205698055889594929675,14844783339865939932,193819
19999967,0x7192a5382e29e1db6e62e722ff6704a5d432691b9a90244b8aae67792cf3b125,0xb80ddbd27154f6ace5508fc4141d5360cf792fdb10c1aca234d392e14d4c1b14,158,516,1717281011,-2295615293,600000000000000000,1280553112869877344481156734882453,14844783339865939932,193819
19999967,0x7192a5382e29e1db6e62e722ff6704a5d432691b9a90244b8aae67792cf3b125,0x48386095493ac3e3cfe678862e07f96b06ab7c81f7620d5f19c41348551bc1f1,280,784,1717281011,-311395677,81389045135430543,1280553547034539439270283358057892,14844783339865939932,193819
19999967,0x7192a5382e29e1db6e62e722ff6704a5d432691b9a90244b8aae67792cf3b125,0x9d97938795222601c2674d144421222a1f996d07288277a96aa32c2469040ce2,281,795,1717281011,-1618160477,422937190158602572,1280555803165962863395194970887634,14844783339865939932,193819
19999968,0x6b38ca343a0ca6726f5e6973d6be916bcf7c8830ea1717a2e4a577d6cd131193,0x344bddfe006b8ac112c5018cc540af4448ecd0427773a7358d6399bc9a524dd8,38,294,1717281023,-387058993,101165491708984732,1280556342826815873747938320383781,14844783339865939932,193819
19999968,0x6b38ca343a0ca6726f5e6973d6be916bcf7c8830ea1717a2e4a577d6cd131193,0x63ad5147f8cc69e01e56b75469d9b4d9b91c446b5f27a57158be83db863c2899,52,337,1717281023,1631094439,-425891870361204573,1280554069797324910073320574848869,14844783339865939932,193819
19999969,0xfc9faddb98eca2f5844cd0b50a5825e8a06178c409524f24cbeb0cceac972c48,0x2e22e313ae40d2fa874c8773c0bef0bf932cc1fa82983125117332be3d578361,0,14,1717281035,-149134518706,38985452317802732973,1280762035191640488140739748228927,14844784382655527465,193822
19999970,0x46b5298bf5074457e23274ddea8ce9c2ba03889ed1b1a95d320c0abf6f457294,0x04e3b42b2d2af211eb00d6d6d24101b26577dd296557dc2692ee2e1b6125ba78,185,449,1717281047,-9468654391,2475641009561758921,1280775241339532907101693855380258,14844784382655527465,193822
19999972,0x19af42e2cf7baa3a9f069a5e07c2a6e43dc0d2bee3ccf415ffd9ab553a5bb981,0x6cb13a50060d2f1f50af4437f0a28830b8d60dfeb88fc3decdcae546cbf996ee,25,105,1717281071,-9620890312,2515496368828113408,1280788660093278413841492018469311,14844784382655527465,193822
19999972,0x19af42e2cf7baa3a9f069a5e07c2a6e43dc0d2bee3ccf415ffd9ab553a5bb981,0xedd1ac2cefe77ddb45bf0feed66e397046122e0043976fbacfce9ec54b4eca40,56,161,1717281071,-214300383,56031988071997899,1280788958992318430975983821749576,14844784382655527465,193822
19999975,0xb9c3d60e4e24a0348134cde260a512a19dd1aff4c7113d978d0a8d1b6906684e,0x4c4ab6ff5e53fa476dcd0057fbaca2b29e7d567b3d49d570b03852519183961d,14,149,1717281107,-74899460547,19585167881856004364,1280893434811933097075599063634847,14844784382655527465,193824
19999975,0xb9c3d60e4e24a0348134cde260a512a19dd1aff4c7113d978d0a8d1b6906684e,0x28f3d1e357657fea693e0d0e7a311f2a510bfb759549d3ebafa06fc0c257bcd1,17,179,1717281107,-2276686462,595371903157075584,1280896610785094680435115835786889,14844784382655527465,193824
19999975,0xb9c3d60e4e24a0348134cde260a512a19dd1aff4c7113d978d0a8d1b6906684e,0x17ae71972333306e38b5bdf1be776bb1e35d5b9ec784368ca2bdc60387f4ca80,46,234,1717281107,1146516107,-299523844899515751,1280895012195095062600336025866554,14844784382655527465,193824
19999975,0xb9c3d60e4e24a0348134cde260a512a19dd1aff4c7113d978d0a8d1b6906684e,0x7ab1cbeb05d3abf2af270aef95b0855852055aa71a089a8e08f6d98eec031cfe,213,607,1717281107,-1080322187,282513307616859242,1280896519244181563694483309431723,14844784382655527465,193824
19999978,0x4c6803e5b8f5b183d7e99ed7e3cbedf15b247b2b53b9690ee7686a8f50b5bd15,0xf00b3051957b6f932759b7f650e67a4a238f0b792797ffc9c12e771c333b3917,0,2,1717281143,-140966574621,36869644633315904800,1281093197994407426853233998289876,14844784382655527465,193827
19999979,0x7066d1e5b87ce98df5f43e98122746cd31d7050a34784c1777c2a60007439803,0x2e502f83be5f42492051a85486880a3323f6ebb2311ef5859e3d9dc34cd1bee5,16,110,1717281155,60000000000,-15678624673325997023,1281009519539294950758973660735412,14844784382655527465,193826
19999979,0x7066d1e5b87ce98df5f43e98122746cd31d7050a34784c1777c2a60007439803,0x179a1df46906dfe4aafe835d986f7616685ac9d551c8a3266a2572bbf2af615f,19,148,1717281155,-67949352051,17773796806665548593,1281104332716299228985082200097583,14844784382655527465,193827
19999979,0x7066d1e5b87ce98df5f43e98122746cd31d7050a34784c1777c2a60007439803,0x19f9ca80de4ceff3c9d3de84178ce0d07ae89bffe8a016d59a81f1e6381cb47b,42,209,1717281155,-80270189177,21000000000000000000,1281216355866937653465902009906934,14844784382655527465,193829
19999979,0x7066d1e5b87ce98df5f43e98122746cd31d7050a34784c1777c2a60007439803,0x62bd1a25a65bccfca027cf6141046ad10213751476bde66af0cf6ae989003c6a,52,232,1717281155,-10386650030,2717586616386152705,1281230852658123386430995902414557,14844784382655527465,193829
19999980,0x539d366f09a6b388bb3f1a299e7589cf3aaa430f256942af26dbddc6f4b5850f,0x7f26792a4819649bc203388d74823635981a45837c9dbcfed08b608a52b3d431,84,267,1717281167,490982413,-128334703138382571,1281230167722427833487009627425297,14844784382655527465,193829
19999981,0x17858e81e92799d250f456e3fe64f4d14b2bdeb3f1bd03c168f8c547f2f4dfbe,0x68d525dee51bed4a96e65f158c4dab95da6e1305f4c381bef8ef2da6490ce339,41,223,1717281179,-1282185921,335477931513470441,1281231957307897252560838119544324,14844784382655527465,193829
19999982,0x143c00da0e9d765e9d6ebec74b3411126a7e58bade022d6cc8d497e06aa74ac1,0xba5ecd8b436e285c65f2ed8dc7740a16a299ff9cf59fec15e8ce4f5dcfd9750d,5,53,1717281191,-198778141988,52020258492333116626,1281497642965357109018160112211545,15554962081002826152,193833
19999985,0x0e04d8a3d41c6c319381fdacad3ff3a0e002f475fee86c715106df5fb727fa16,0xaff394f32a42e6644e2f4380d24cfe3ffbe1a226f888b96050d5c0e616eb37d1,158,335,1717281227,-429978127,112548630840147369,1281498215937676677608630129736027,15554962081002826152,193833
19999986,0xb86e2814cce5abc22e51b0e3bacd1c2a8601348530156fa39c27297ab809692a,0x3e68eeb54fa388433cc42393475ba92966b7e8eb5e31ad753332dc7f585d104b,63,92,1717281239,1620636572,-423783990619299478,1281496057422168579069000462997652,15554962081002826152,193833
19999986,0xb86e2814cce5abc22e51b0e3bacd1c2a8601348530156fa39c27297ab809692a,0x32bad591363a890ac51bb32284ae5623e3e4fdf3f0e503cf3749786e7700630c,91,166,1717281239,695640585,-181904221080297374,1281495130905143675377713056003763,15554962081002826152,193833
19999987,0x320a037261d263516f35f2e2c3501e938379748e112d926e30dda9c6ef2a72db,0x17eeefd9b76d195f8883b6c82693bff82e8bada5c38e87d742580f2656fd755d,144,375,1717281251,3510000000,-917831764836522789,1281490455990229287238703981700026,15554962081002826152,193833
19999988,0x96b966e313f7d1bb2b81bf75b7b8eed30552fc36cfb2c0812281d6a48731ab74,0xb87c61f147dd076d2cb83d08ddefadb82e6a22d0b80eb3789d1c88f02555f12c,18,107,1717281263,1007437114,-263434029222898563,1281489114206561132279610813210198,15554962081002826152,193833
19999989,0x98ae0d14514f88b33ce606537d7189c3aff1799ba98752a8db0921f91f2e4c9d,0x6f2490c5278458524f8e862b08ab54f06c0167e789c7942e2d495c991a39bb41,7,49,1717281275,86249706761,-22551330615751267996,1281374250507271261815848883890516,15554962081002826152,193831
19999989,0x98ae0d14514f88b33ce606537d7189c3aff1799ba98752a8db0921f91f2e4c9d,0xc285586724c6196d94c930324f60990192ee1cf8a0e8828141e44e367da2a6cb,97,250,1717281275,-1702569895,445569790157822521,1281376518852557123343960343110184,15554962081002826152,193831
19999991,0xaa896b9ecd3344ddd4715654d934dfd30a04a06c88baf65894a888e472424cbe,0xcc36c9741e23dbe72075ce31de92d7bd422c3f2b1040462f0f21808878182698,99,220,1717281299,-999757899,261641633729692116,1281377850840451198563935376485089,15554962081002826152,193831
19999992,0xe0e4d16e26b0e8b522c540dcaa8cd9b456467e6c5b947d388387a1df168046a8,0x141ccb827f9476844063050bf7ac0a266939ed8d88898b86618cb75585ec004d,4,26,1717281311,7975000000,-2084995629020524844,1281367231054194097052545411387708,15554962081002826152,193831
19999993,0x06df280daf27377a7de341b9ffe66727c738099f9e73594354eeea2540e1e83c,0x40c730af7930bfc2a2b1084ad55332f7eb797f07b5fe479c095a383731314056,50,149,1717281323,-29760899554,7788696009665727616,1281406882422547135236175657450905,15554962081002826152,193832
19999995,0xda88181a38e02abc774229227f467414e4946984d06ba6f76b70879508b1dcca,0x217b11bd2752e3eb0ccb576fd611543783e47b2dd14a1e9a7b159dc9b445a50f,2,31,1717281347,766861594,-200500000000000000,1281405861189161840742411038980586,15554962081002826152,193832
19999996,0x3fffe302cffc1bb61e158c63a5ac038088bb36df6a7ad983be2be191aa5d694d,0x3b067a00e89180e7d89f42ed83eb2c11bb54296f32f8945b96672c2dbda07f61,20,125,1717281359,-19238349825,5035000000000000000,1281406483682505638145233211843575,640511814837906387903,193832
19999996,0x3fffe302cffc1bb61e158c63a5ac038088bb36df6a7ad983be2be191aa5d694d,0x816380b948b9b588b0177a516f6506db310bc12d1e95677e28c1c6aba40d3858,102,329,1717281359,-950053183,248645277410454505,1281407749507423135268864530156216,15554962081002826152,193832
19999997,0x69907cd4b278230e3a7598c7354d15b077ee7603841cd55156edaecd62b0b19e,0x582710f019d448acdc7aa70416b6dd104f3d12f9cd51c9f9d1948d37e0f5075c,162,208,1717281371,1800000000,-470619605995195941,1281405352437830035843506841334292,15554962081002826152,193832
20000003,0x0dc1297885ed49be3e406ca84925d5d4897ff40712485a26701449b0bc47c463,0x0fa28990bde813b89732c5904653ecc8caeabfab4a4252589efabc4acdad47d8,204,556,1717281443,-22925569,6000000000000000,1281405382983149794502255501768040,15554962081002826152,193832
20000003,0x0dc1297885ed49be3e406ca84925d5d4897ff40712485a26701449b0bc47c463,0xbf70c882682a09269769b02a4b7108267bc01e568652069403c5f79fdd502816,257,724,1717281443,-1841347,481911144581700,1281405385436504795587130400448020,15554962081002826152,193832
20000004,0x1a46e1538e82122b66796ea1ddde53c77fa3ef2314ca624f4c0de03a91ddf1ea,0x9e0b586505cbcc09337a6a635f3a614423a5345a0b380a4dcaba712e3fcf8bac,55,78,1717281455,-1010009504,264336442397981938,1281406731143364281026774817888958,15554962081002826152,193832
20000005,0x0729d51f5f0c316ee97861c5985b99ce387345834e13b5836de58228385aed2b,0xaca35f125e2f22ef79f1a7f27d7dac4910f3681d5f3fb26ed69e412a8b3abb8b,74,149,1717281467,-13378604723,3501411415212401949,1281407571261641566443891131401228,330038870637774317992,193832
20000007,0x40d82f2f25e8d77acb479731231c1bc772d3361164a0cb19cc68061efbe35841,0x6af948da7299c859b297f2684b4855337347b3db58b64f3fe62589f69cc75a1d,65,1392,1717281491,-2674633172,700000000000000000,1281411134882280076631234848671843,15554962081002826152,193832
20000012,0x5fad8a9744c808f15392d555f5dcec8d72a647651ad14694871df6131577d609,0xeac12adb7a17ea509a9d3451adcc4ec513beba63e74d67371983cdcce9ce1c2a,21,195,1717281551,-59333970595,15529777278783274476,1281490195217740274705902789615169,15554962081002826152,193833
20000015,0xe5c5a44f5dae92a4085f8b0104af4204212300fd9597158bee78c464cf945432,0x2ae837dff77487101e72a34973d2b8b7451c3ec5c9788eecdd999ee6d78e38c8,28,90,1717281587,3000000000,-784465966911865766,1281486199592627867109846988559224,15554962081002826152,193833
20000015,0xe5c5a44f5dae92a4085f8b0104af4204212300fd9597158bee78c464cf945432,0xc984fbc40f8c570f8e2e4a96ff321fdad9e1037200597849bd1d93626a7d7853,82,173,1717281587,108285338,-28315295899546712,1281486055370555612200186564364838,15554962081002826152,193833
20000016,0x74b429381d2a6367ec5f5a4295c4ab4948980e993406f3ec5463d044ac631d97,0x6c92dea9d8d4c7e67a3fd4d87276116edf58b78dc20e40ef247e2a70bc48de93,9,56,1717281599,16647689788,-4353092151046147639,1281463883185847822937638582704985,15554962081002826152,193833
20000016,0x74b429381d2a6367ec5f5a4295c4ab4948980e993406f3ec5463d044ac631d97,0x50c388800da9912bafaa2bf1505250f332e721fafb1454e6761266ebdfacbc69,118,314,1717281599,162000000,-42359547624054124,1281463667430315555326051197494485,15554962081002826152,193833
20000018,0xd525ee2d4c8c6d19c134cebf9e6b5c3100622bd6520822a26f2d61fb828b6a6a,0xebaeffe01cfa0ebc371594ce95a62dd98e9b5e653c054e2e9d5e73e972dd89cc,55,184,1717281623,-3820580,1000000000000000,1281463672521202181769175974233443,15554962081002826152,193833
20000018,0xd525ee2d4c8c6d19c134cebf9e6b5c3100622bd6520822a26f2d61fb828b6a6a,0xfce6632192652292578f18314364329dbeb37c6b5e1076306e281784cf59a185,102,281,1717281623,75463316,-19732044135623138,1281463572017350653575757468353362,15554962081002826152,193833
20000018,0xd525ee2d4c8c6d19c134cebf9e6b5c3100622bd6520822a26f2d61fb828b6a6a,0x87614d487a13204313490c30c1f14bb1d0c3291c4abd10b41ff3bff0cddf5026,168,430,1717281623,-112916394,29554772156311321,1281463722477344971714690714867789,15554962081002826152,193833
20000020,0xef2b3d77dcdf0a4bc22913e36093fa2530556ab3554bbc1a2cd47c2b75f3db83,0x68e41cf9c53844c37dac370e37de042ac7dbc91ba95f6656cb379fa6227948b0,12,101,1717281647,2550000000,-666768834988241124,1281460326334728692875873888606518,15554962081002826152,193833
20000020,0xef2b3d77dcdf0a4bc22913e36093fa2530556ab3554bbc1a2cd47c2b75f3db83,0x6aebd9f0621ffacb9df219ac2f5bf218908bcbe6a139a1ae15e8c5f18177773c,195,480,1717281647,-1872090633,490000000000000000,1281462820869175650007014490695948,15554962081002826152,193833
20000021,0x9689ba04e9c187472d5676597fc61e0fcf4f14bf6e639a89811d2ccf96942e50,0x786884300708080e2300a08ccc98ee16b8da5fe0b6dddf9740e61b46a22d0b6e,45,173,1717281659,-19102928,5000000000000000,1281462846323608782222638374390738,15554962081002826152,193833
20000021,0x9689ba04e9c187472d5676597fc61e0fcf4f14bf6e639a89811d2ccf96942e50,0xb03e23f8aaa5be7c62bee813d3da42b20362ebb2e5e27d2d5c1a1c59f6e6f412,52,191,1717281659,-87865438946,23000000000000000000,1281579936716016974092503370425248,15554962081002826152,193835
20000022,0x7fb1a264b5dc8ab49326cea3c3934a75ac24b90dbe65a1578a808d9ef6ff7b03,0x5ecb9f046210d0962a93a7d5003c334a234a996af1ab949a8b3f089553f7a75c,108,224,1717281671,211725481,-55371726201993422,1281579654683820471042303269800306,15554962081002826152,193835
20000023,0x9deaa399efcb8f70c390c0da0a1dbc9f87231dd4992693e6497791fd1ac7a648,0xa9446be91b8fcf2faafa19d7126e0859df21db32f8211bd2ac4bc3cc92e6378f,1,17,1717281683,-2832055228,741399416695988471,1281583429064195781383565237762959,15554962081002826152,193835
20000024,0x4279be71c49d09157dc12206fba46b2eba3345050b9924c8ba1c94bfabe2fe5e,0x9a9bf3f17dbf7be15ea06d7d769118495c487f9fcb8d9d1f01c88db33fb68109,10,90,1717281695,1062288976,-277817495881533656,1281582014019298957754163950538317,15554962081002826152,193835
20000024,0x4279be71c49d09157dc12206fba46b2eba3345050b9924c8ba1c94bfabe2fe5e,0xb484899bac77ddf9fd8b0d0b69e58a32509036b833f561a28c73df086beb3afe,12,101,1717281695,-779105507,203961157564638067,1281583052362428317429067257776615,15554962081002826152,193835
20000025,0x250664d7fdfbab76541f41a27615765f05f03c298785c0d46dfaef863d439c4c,0x604856b9d9b18b8f2ac03af09b7de4c9b6695c73dd65d5cc95188ac9aabb5839,33,138,1717281707,3952108050,-1033580168490085074,1281577787890735347938623356266272,15554962081002826152,193835
20000026,0x1c93d2901f43a70c699fdf807b7c9cfe0e3e470d219155710d5249b0575d7b2d,0x97e872f846c70792a8753ce7b597279a3464aff653addfc558fccc83e91cc556,1,29,1717281719,-122282542335,32016043897490284544,1281740778530286860672600744095065,15554905789595472137,193837
20000026,0x1c93d2901f43a70c699fdf807b7c9cfe0e3e470d219155710d5249b0575d7b2d,0x7dc2642ee475011b58c79511c6722529a7a967450a1188e6551546136949d759,78,205,1717281719,-2326401515,609177929047093643,1281743879797282057263294356671634,15554905789595472137,193837
20000030,0x8d99985f631e98e32984208f854a8b57da7c387002cf29d5c90c57ec5cc93789,0x78626d8100da8071b3b90aa585f4cbe7e2d7e83947a286b4808e62b2e1030dea,94,1231,1717281767,2206100533,-577099156072159787,1281740940370560828696175501143537,15554905789595472137,193837
20000030,0x8d99985f631e98e32984208f854a8b57da7c387002cf29d5c90c57ec5cc93789,0xf7ffdeb3929afa444522474a49199b9dcf6ef75d5277eef12c3929ef1f1f9404,119,1287,1717281767,998139696,-261104899351347190,1281739610445347593627133594045365,15554905789595472137,193837
20000031,0x46b4694515df2a56b8892e61f6574cc26363318b71e7547e52ff20a03d9e095b,0x18011ef5afa473f5102c7557dc5da45a0a82e258d3b5abcf05450b171a2b036b,1,8,1717281779,-153044249375,40081484185531735420,1281943659827703138663137047563217,15555396923185400317,193840
20000031,0x46b4694515df2a56b8892e61f6574cc26363318b71e7547e52ff20a03d9e095b,0xf96d41ce01a206bc7037afde606c3583907348a1d937210001b4d19c77523b70,13,90,1717281779,-485740186,127233116841753491,1281944307538969206597158941248593,15555396923185400317,193840
20000031,0x46b4694515df2a56b8892e61f6574cc26363318b71e7547e52ff20a03d9e095b,0xcf04fce675e58d3f7642b5861e550110ffa3410d649c5e76c28c53d72468758b,132,264,1717281779,-3817701115,1000000000000000000,1281949398283282839395599569873502,15555396923185400317,193840
20000032,0x3845b2668c91bf5671ac9eee64373ad21186832f97fa9d00bbf94b1f282a048b,0x5892e8faed9e29d7b6ffac4a9e1c7a00e093edea2e09c0f40c86552f84e3ccc8,25,86,1717281791,3678179087,-962490843541155610,1281944496037371202803893459300893,15555396923185400317,193840
20000034,0x7f5a8da781d0909443c0da74a72c3e0e0d108368cee4f2a21a46009bb76566d3,0x71f6ba2fc5d986213b23204394d03cbbe8c6237f4fdd59b3f3ae78b06d1d2470,139,718,1717281815,481457128,-125985185038801492,1281943854358167262579169535789089,15555396923185400317,193840
20000034,0x7f5a8da781d0909443c0da74a72c3e0e0d108368cee4f2a21a46009bb76566d3,0x71fb01712e6a62eb0dd75d06867b98946dd901488d94143f90b873347286a66c,141,725,1717281815,-905365650,237148545804418255,1281945061620778302708636988908442,15555396923185400317,193840
20000035,0x794af42cdc4b28c118434772198cd3c25280765e33d7b13b00799de8ddbfbc75,0x48d02c51bf2dbd1e1a5f390c3e13219ca80017b0df407129408e2d2ea2af61e2,3,28,1717281827,881479794,-230661133442888236,1281943886796512719437595258839660,15555396923185400317,193840
20000037,0xdd69df7995951eead62208c858823c5ddf1abdb89bb31062b5c0132ed9f35cc4,0x00401ab152bb4ebb16604d2b1ae179311d3df25ef767e5bb921b386c6a7d9c0a,23,101,1717281851,15389030247,-4026854772552606938,1281923376853506018807596067131618,15555396923185400317,193840
20000038,0xfb613aa09bbcfaf9cd9aed30e8e69641997b3700f8198e5af819e925e07d4605,0xf5680b93c65e75a78f2f103e02d99b5a696da186061a3eaa10626d1d71437e9d,4,30,1717281863,103344175029,-27038781040519904479,1281785657133671931714750218404310,15554905789595472137,193838
20000039,0x556800bf016a94b1f54ca757fad68f66f2a6e3b1f83629e1375c100a9411f4cd,0x5fd2052cdbd9bd52adaa406a6ce46db6805f43ed430a15252b2eed57a1f8e311,12,61,1717281875,15423791152,-4034954286062825062,1281765105288598871536906229333651,15554905789595472137,193838
20000040,0x8432a131bfbc6347d71b677dc44c5befe66dffaee9983032e69d775c88641427,0xaf6f754b2afa1075287ed24d5dd9b8205b51cf794ea331d81e372758bb43c728,72,273,1717281887,-304500000,79737452595178072,1281765511224398944427419434964557,15554905789595472137,193838
20000041,0x035e074e11c61bddb504e6910936204522b9f3b72b33a96d5293ac1350a34ca5,0xe3f32f1a8cababddcb2d844dfdcc5b3b0416ae8657acccbc3f378d2963f642b0,17,63,1717281899,-1201007591,314500610258684002,1281767112317143867301517351243193,15554905789595472137,193838
20000041,0x035e074e11c61bddb504e6910936204522b9f3b72b33a96d5293ac1350a34ca5,0xfce66037cbdfb72b71919a5f9867b97f04d90bf42eea5163973038cdef8e1102,53,201,1717281899,-428080856,112099140452213846,1281767683003224070778712588755836,15554905789595472137,193838
20000041,0x035e074e11c61bddb504e6910936204522b9f3b72b33a96d5293ac1350a34ca5,0x71a06e29c7174b1803fcbd6464a6378f18b99dfa81403404ec7fe0f7986a050d,55,208,1717281899,-356000000,93223805645018991,1281768157596766988136564145095198,15554905789595472137,193838
20000041,0x035e074e11c61bddb504e6910936204522b9f3b72b33a96d5293ac1350a34ca5,0x1ab57d26ca54042adbe4b30c679a1abded7208439944d3eb95f5cb752c1cd4e0,218,628,1717281899,567572271,-148478475745833608,1281767401328811052988957424795351,15554905789595472137,193838
20000042,0xb8c596f163b7d383fab2b4ca3c6c440d89d44a442597c0cf2e2b02b12e588f79,0xaccf6c8f5de172130d3b8f6d71eadda1903979e44a0ca0a1a67780dc6b7a2307,123,222,1717281911,498347707,-130368994060560560,1281766737300626764007018127269878,15554905789595472137,193838
20000044,0x6d287af51fed686ba2dfb3f84588c107e042eaa3d293cb3f36ce38062b932cc4,0xb980c38aa5503b8c7b570424734f1354aa4787728f4b17e304e278b6ea69fe83,83,112,1717281935,-299000000,78297401977571866,1281767135905265875796232170269390,15554905789595472137,193838
20000045,0x31e732b3c1ada0a3903b156f755df25f5c186207a6ed8e1aa1b1ef617f7411f1,0x3bcf4832735bbd71380e1cc0e278e86d13ba429558c33ad48232a28d7bb78f62,1,83,1717281947,-39857361992,10437652968313597703,1281820273005470049915588205239880,15554905789595472137,193838
20000045,0x31e732b3c1ada0a3903b156f755df25f5c186207a6ed8e1aa1b1ef617f7411f1,0xe769f2fd9e6f97a55e980b48e287270528b3bd999ecb85b99c1fa34abc930ef5,8,172,1717281947,-1145535180,300000000000000000,1281821800276984982053631683574820,15554905789595472137,193838
20000046,0xd9dfed3db000561ef2c346bc2c49ee13cbeb6b05bda4e5fcbd36694b5b940449,0x01868724eb90746f997b400620c7da5b024803ca3e58113ab3b247bc8fa020c3,2,34,1717281959,766365218,-200500000000000000,1281820779039903961897961457107734,15554905789595472137,193838
20000047,0x606f7421585823370f9cf1e4f84648f0afadebfa74ec1c49802fc5de1d310a10,0x5ccd19dae6028010d85fd2929125c925520d41c5120f6f55c50c876e82308ca6,155,355,1717281971,-3243906,849534286739789,1281820783364802352217529130743902,15554905789595472137,193838
20000047,0x606f7421585823370f9cf1e4f84648f0afadebfa74ec1c49802fc5de1d310a10,0x91400b27c093c56a1cdcd61730fac435be4537f82510922839f87ec7df922d81,160,384,1717281971,-870253200,227907530000000000,1281821943620397710689859491343651,15554905789595472137,193838
20000048,0x8ba9bfb815970173cf10b187a524a5b36daf0aa9931c1e1152865e8488eb2890,0x16f856831fe849c6d54283aad49cb9fbc5c5f74034f0f4febe9aea759e0ce170,50,171,1717281983,-1718297267,450000000000000000,1281824234527670108896924708846061,15554905789595472137,193838
20000048,0x8ba9bfb815970173cf10b187a524a5b36daf0aa9931c1e1152865e8488eb2890,0x286d2637f4e8a25b4956c58b95ba7a86f988a667d2a35c7c2ea850121440eecf,108,249,1717281983,149883426,-39213366680437714,1281824034796277960751072388942519,15554905789595472137,193838
20000049,0x390925ecac312e6a3291bfcc25f85108e12edbf62638abe705b29b363ca83e3b,0x4c581ba05b0556640b1393fbb46e48451ae7393de585700559b27bfa2ca8b5bd,7,42,1717281995,62277108058,-16292239009427876543,1281741051062565886750481176169438,15554905789595472137,193837
20000049,0x390925ecac312e6a3291bfcc25f85108e12edbf62638abe705b29b363ca83e3b,0x386735a49e11d933b9512577125ee799ae0bbce14079bce3ec123377ecbbd19a,9,49,1717281995,10774153753,-2818399308575227797,1281726695681603100762294698462355,15554905789595472137,193837
20000050,0x64f2e3d395b71b212792abd1a4ef4caf8fbe68ea54d1e6effcef5e788abc8794,0x1fc010605f7d4a59449a9e9c0d52c451c7fe485c3fe0e3f1c59c05e049eb6e65,129,297,1717282007,4950000000,-1294844018482665382,1281720100456037955397239461684751,15554905789595472137,193837
20000051,0x5a2465a8a0caef4df329b2ea5fc7893ab96e7d7ff61aa367eefc31f6cae8d218,0x0988a31879dc534e51a284dc3bcd7b9554ec44703c6942eb0ffa6d767f15b445,63,114,1717282019,-1085785883,284308016600940983,1281721547841155360299194440549056,15554905789595472137,193837
20000052,0x461f57947718fe7f2ef55e0568b03216ebd5d7d695c4c4b0734fca8d73acd54f,0x5cf68c375f1687a735d8dddee6d7da3cedc8593283dddcf4b4d8626149f91330,1,24,1717282031,-8532166993,2234130852359214506,1281732921589193491253764042690827,15554905789595472137,193837
20000052,0x461f57947718fe7f2ef55e0568b03216ebd5d7d695c4c4b0734fca8d73acd54f,0x470752e190b25c91f0468436ae91f6df9d2af2359b00a29221b04933c94e545c,162,448,1717282031,3569880293,-933836299206673296,1281728165139037119743791553311267,15554905789595472137,193837
20000053,0x27cdc78ab08f1435a30c33c8f6a69350ac0188f132cf624e416abe48c643620b,0x46ed95cf82343c7e2e772c26e7488c09138d43187b2a66cfb3a491e389ce4c4c,20,67,1717282043,-44478829,11646710000000000,1281728224431331871994729794509794,15554905789595472137,193837
20000055,0x261a60731996a5149ff6c21ae025bc5fa502bcd49db26a3e185020f17559cc30,0x11ac9600b10bdb719fd24023e432d3b78d831724299c3258dae2941c8d1963e0,17,100,1717282067,78032828524,-20410688235639618491,1281624263575095577554545063752061,15554905789595472137,193835
20000056,0x0401f03504e46c2c83f66050eea64121f91319ca411f7e0b7de72c8d80a8b860,0xf3d8a7f8b5cf576fd6feff74e7ea67e41758fb33a1b49869a8bb0dceef9719c5,2,37,1717282079,-107071240442,28031979720502491858,1281628573513737194735889497127306,515044869162491465993,193835
20000057,0xe5dc18a0f664367c663ceb96c88387b7f4bee15d2ac693765fa6876fcade4d97,0xbf5377c72acc84bb5b113afa2d47b7bfcd8c88cb6ebc1ac7b65d1412f2abfc67,11,55,1717282091,78639344438,-20566120684239066135,1281523820969819586004954632317970,15554905789595472137,193834
20000058,0xee0c4fe96accc4d94ef6a484156fbb310c25346d4ff565ffa1980e448337e57d,0x2ad77395175474c6dd250e81478a9e6e770d2f83f62ea132763bed4b027901b4,109,268,1717282103,-4966262931,1300000000000000000,1281530439146384291936476371769377,15554905789595472137,193834
20000061,0xba8f2da9ae6395b1728e27a908a94c69a534ac8fc1fbbfcebdb1ff0777307266,0x2ea51c85d0e901d0f3a78c4fba32cd7eed3826cdd69bfdf41c3736796180d81c,36,266,1717282139,-882461342,230999997062053888,1281531615145435832878072020770952,15554905789595472137,193834
20000062,0xb5bf370fdb1e18db356034028afc9c694eefe081a0b79f431016af21241a8315,0xcd62e80da4cb74911b42486b03f5d30c860967816fc37a04ef747ee2a958e264,124,291,1717282151,-200000000,52353626372335714,1281531881672776705772405850032251,15554905789595472137,193834
20000063,0x2841edd04a0af07a2ad7b54256ddf4042432a0f815c7c6897c91087a6e8c3a26,0x6e5bf9033321661e93d1a6687f83b584f64d301d66adceaac572cdccff9d4cdd,8,40,1717282163,-3875307803,1014436382981717299,1281537046072081501658932930629678,15554905789595472137,193834
20000064,0x3580ca3dd97db71c3bea11a3564a1784afbc3a8a36bcdbad3112338f885b539a,0x59292e2178bb798a2192982741a0d47f392c8a0eb7399a66ace7c5f2b97358e7,3,34,1717282175,-2878749600,753573391247130295,1281540882442664376837129702963624,15554905789595472137,193834
20000064,0x3580ca3dd97db71c3bea11a3564a1784afbc3a8a36bcdbad3112338f885b539a,0xf1649fabc9e013a7a0a45392f0497664d7692a535015020aece288d52785d371,9,66,1717282175,-17029139319,4457750936301195149,1281541286462753652665860764140917,873725924258612043680,193834
20000066,0x885b373747a9aed07bbd251439611f2d0634e83265d832cb0687e727ae56262a,0xba70f769032a7077b7cc559a3b20b265269c7bb684f8a656a3010141d862a1d0,110,344,1717282199,310053892,-81082266932652379,1281540873474137169877796815352764,15554905789595472137,193834
20000067,0x368dfa35791b52cf7e3922a1553ccfbb427ee27251f2789b44684ffcd8d61bde,0x8577f99be02115562736c052f0cdb3b3391cbb16ae4a71e5c4b19058b16a2c12,14,135,1717282211,3400000000,-889131379049897508,1281536344726335751708599236773257,15554905789595472137,193834
20000067,0x368dfa35791b52cf7e3922a1553ccfbb427ee27251f2789b44684ffcd8d61bde,0x4cd86c713241d3ad93bdfe99248e528e49cb821512f1792fe7c2a1e7dfd7162c,109,293,1717282211,4000000000,-1046028871202615793,1281531016828724331420690603439369,15554905789595472137,193834
20000067,0x368dfa35791b52cf7e3922a1553ccfbb427ee27251f2789b44684ffcd8d61bde,0x39fcfa9f51b4694984c0e0cfee607eb5f40e5ae3f3b324633111abf85a8fccef,111,313,1717282211,500000000,-130752997351800430,1281530350844637796813127821847795,15554905789595472137,193834
20000067,0x368dfa35791b52cf7e3922a1553ccfbb427ee27251f2789b44684ffcd8d61bde,0xecb4e71bf50235382b2a8a0d47678e8ee9df4db5257a43143be1b9a2ad637f26,133,382,1717282211,-1259984060,329823386452487007,1281532029944181421272613251077651,15554905789595472137,193834
20000068,0x29274665c1a71052377fe5088fb01a89e8eddcfe63398e7ab47ee00f5c597b5f,0x806178c829a10a9b45f80ca96b78fc1d44eba7b8c6dfd591b5461240b40f78c8,1,17,1717282223,2687302067,-702745113346145937,1281528450545836010816163737427347,15554905789595472137,193834
20000070,0x93a4f1339de0527d6320ff207998386d4f9c355ce6902e315a0a91d7995eaba8,0x566a9d06107e2e3c042bb0199dd99b1f57a7a7373d9f9256e1d447e8c44e2106,12,97,1717282247,-1060293781,277550000000000000,1281529863526532575532543628800222,15554905789595472137,193834
20000072,0xd6a6035fe366e5a19c85532f623d7ae6b41e7d33b2161ed51ce052d3db7ddcef,0xc9014ec32c406e82fd1c71e23288b19cf6a681b7bdbc707d35307d106ec25547,107,138,1717282271,-20240000,5298171515209245,1281529890499020696878953971687833,15554905789595472137,193834
20000073,0x23cef1be83ff998a2d5b4748c089b04e3bf071c00f87db7705154a21ecf40eb5,0x1d2468ca162639205a766bcc7012b41d3813589e32728c052cb6a73225b9b21c,4,32,1717282283,-2868185356,750799584959449293,1281533712748419135007640487107880,15554905789595472137,193834
20000074,0xeea20b0544cc3a0d6da1e770cbe4f0db3db100f017afe420fb634a8655415de7,0x5fe8ac09757b35552ef0b22d191e3e37ab79da48acf68694e280f2bb7778a6a7,136,478,1717282295,-90423137,23669970484957186,1281533833249991404872823962198108,15554905789595472137,193834
20000074,0xeea20b0544cc3a0d6da1e770cbe4f0db3db100f017afe420fb634a8655415de7,0xaed18ab33bb551beecb4d1c7ae47e5c75e68899c8b94f8a0b31a4e1c061bccdd,140,518,1717282295,-15990000,4185686116875607,1281533854558921994042906857533006,15554905789595472137,193834
20000076,0xa73430b5d4cb576a8dcfdaacdd9d4e2921de7f692044e90d7cd87c480b892762,0x84c5033b00b7c1c27b0504d4f2f068cf56e075ac5db0839d083b738e81fae3db,16,139,1717282319,1005182043,-262862155859598856,1281532515683207476726472540359160,15554905789595472137,193834
20000076,0xa73430b5d4cb576a8dcfdaacdd9d4e2921de7f692044e90d7cd87c480b892762,0x61535ab3ac39f3a21255acf7e8c37f313ca349282b8be68f21098643fb0c6d06,17,153,1717282319,-3513277299,919668496550330368,1281537197628200682675906246182269,15554905789595472137,193834
20000076,0xa73430b5d4cb576a8dcfdaacdd9d4e2921de7f692044e90d7cd87c480b892762,0x49532641c0e9c38b78719e19b403efc909dc244c7ca8398ba237da6e9620ee70,49,237,1717282319,2000000000,-523016218966864334,1281534533670311486071861421226755,15554905789595472137,193834
20000077,0x6c8b7656feec0f3bc386debc324d3027aaf747319e05bfd4b79661c5cdb1e2a5,0x1930ad084558ef6c09b4a2e2497b157df3a548eeab4f190d9d567772d059dd16,113,188,1717282331,-129926687,34010818619946498,1281534706816159745298046012549219,15554905789595472137,193834
20000079,0x2be6974e5ad5246d9625b2efe50e515249bf02dc180c72e45c85e46fc4f3a587,0xde6b00b325a252933521f751ee750da623076a832e82ae8ddbb3658c8996f851,9,32,1717282355,-5116255967,1339286075433538271,1281541524994404261623720074288023,15554905789595472137,193834
20000079,0x2be6974e5ad5246d9625b2efe50e515249bf02dc180c72e45c85e46fc4f3a587,0xde6b00b325a252933521f751ee750da623076a832e82ae8ddbb3658c8996f851,9,39,1717282355,-546477579,143052678917918814,1281542253262009748525693813030091,15554905789595472137,193834
20000079,0x2be6974e5ad5246d9625b2efe50e515249bf02dc180c72e45c85e46fc4f3a587,0x82b4dbc50cc33b48ce172bfd002cc8de46e129ee1dc4c21742136a2ca4e80eee,44,123,1717282355,-16273750,4260019046779969,1281542274949362225910377138054166,15554905789595472137,193834
20000083,0xab65fc2ffee6cd6914caf18088320483b81dcee6eccd245cf5a70568511f9663,0x8ec630a5e77fc011f4081030fc46415b1617b2c50db54978d2f5cb8c4a7e42d3,115,261,1717282403,-19000000,4973676310485813,1281542300269876070902890749182554,15554905789595472137,193834
20000085,0x1ac71e5475562f0b90cadae657e3f82ec0dc32e694acf6fe52a0945a7e57102b,0xb533030fd0e3b6caba6b981d3493cb68f81547ff68a434b8efc0b149c2d6ef89,31,129,1717282427,-293117730,76730167731328918,1281542690895874444315455495916008,15554905789595472137,193834
20000085,0x1ac71e5475562f0b90cadae657e3f82ec0dc32e694acf6fe52a0945a7e57102b,0x2a38735b0679bfebd67e010f150b971789c9c222b502f5a5b1ece92828b29f7e,118,259,1717282427,5424375214,-1418525219336751543,1281535465706077192743241112446478,15554905789595472137,193834
20000089,0xc08c9b4f28682a4513dc0932f1567dc761f9cdf4939c170b1fcb1b820213ef96,0xad0199a1374349942851b69e598b42ef43f93a10eb2bab4e14eaf8ad3e348f39,34,116,1717282475,-46985580645,12299999993457222424,1281598083838156101743618505399185,15554905789595472137,193835
20000089,0xc08c9b4f28682a4513dc0932f1567dc761f9cdf4939c170b1fcb1b820213ef96,0x95985c8ab86c86b24b70d02205799d34907c8e4e000cf91a938f556e90e3697b,106,265,1717282475,-802152976,210000000000000000,1281599152928216554240248940233643,15554905789595472137,193835
20000091,0x4e9e4893bdfefee25da174cbc5121fdeae7ddb33508f76c80bf2b9fc70ad1b6c,0x0637276430b42fddca0b040cc20051fb43f8c765ec6a53d0b3b88a5a4591a5cf,192,493,1717282499,129819532,-33952208883934971,1281598979994277926727295182080310,15554905789595472137,193835
20000093,0xe4ad83aa11cb11c2df809df6ccf50218d388554fdcefc03bf95c0511897289a6,0x214a706d4e6c78b816a52788f49f47127f357c1721e9ed2f10735a9e43c4f3b6,39,168,1717282523,4984600000,-1303634964913327126,1281592339992451074361961428564622,15554905789595472137,193835
20000095,0xd13c0a4ac077fc88bd3ac3797caefa489be7eac14f5d671e128c17ff1eefa3fd,0xb43ddd9c1dd126e82ee2005310013244dd2c70895dd1505bf92e99958f652a66,79,267,1717282547,-113591690,29737500000000000,1281592491383239992010144988354572,15554905789595472137,193835
20000095,0xd13c0a4ac077fc88bd3ac3797caefa489be7eac14f5d671e128c17ff1eefa3fd,0xa9f32fb52a78c197c6c854bbf5fbaac7b797ea6bdc6ef3983ddb8efae96779d5,94,340,1717282547,-399798627,104664504472440000,1281593024220294342826733304120100,15554905789595472137,193835
20000097,0xf49f7a0c8d219a922b291bc787e1f5d9d83a41b57f35cff682fa51b17673ebee,0xdb32cd7770faac9e0782e3b13640e4a8929896f398693162c0ab6281c1763cb3,109,5238,1717282571,-214036710,56033360338932649,1281593309480811448093552723859412,15554905789595472137,193835
20000099,0xc6aefae342734d5ee5582bb28c8cb492d920ce71517692a15e6557e725813adb,0x003f4bbbbaa3cb8c4d4f43473e2be4b675a24a443211adb2d9d5f2bfc607d51a,4,44,1717282595,-557007810,145820986943967542,1281594051841610244136319908220009,15554905789595472137,193835
20000099,0xc6aefae342734d5ee5582bb28c8cb492d920ce71517692a15e6557e725813adb,0x73af73248dc167385713434e0955ab6dde353b66157bfec34d58c488e3f185d3,78,277,1717282595,-1695727436,443931347368705711,1281596311853948316364269286825792,15554905789595472137,193835
20000100,0xb1e2b66a3fb7cd7826765af8bb2d8c10306202ea88862f9d3d2fa4d604b624d0,0xda565ab8052ac5c6d6d7726d5f1c708a6b8f3b9d0cb06e8c31a30e7e926497d8,0,3,1717282619,-295737500,77422477189305600,1281596706004428405396482306862992,15554905789595472137,193835
20000100,0xb1e2b66a3fb7cd7826765af8bb2d8c10306202ea88862f9d3d2fa4d604b624d0,0x90f23085b1e6bb6554fe167eb009d513ac6606cc26b2b32761a26299675356dc,2,31,1717282619,-50000028595,13090421606094165254,1281663348097886538154407920047699,15554905789595472137,193836
20000100,0xb1e2b66a3fb7cd7826765af8bb2d8c10306202ea88862f9d3d2fa4d604b624d0,0x7269d1eb55ab80d421f9193e6c66d16ff0996d4ee49b7a5144c02edabb33490a,4,42,1717282619,1000000000,-261559867908478497,1281662015855312897894705839368829,15554905789595472137,193836
20000100,0xb1e2b66a3fb7cd7826765af8bb2d8c10306202ea88862f9d3d2fa4d604b624d0,0xfd614f01022087323ad32b1c968f9c47787eb1ab99a4814ea1ead93676647958,132,5270,1717282619,-285841289,74839375000000000,1281662396855465007309301131506872,15554905789595472137,193836
20000101,0xd399d8d2a7bafcf3c5d51db5d8791c5748cc0981635059af5e101592041f4e59,0x00a68f0a1402bfc44eda10fd7c6e412256eaf189fd41a692aab1c8e629935382,161,432,1717282631,3658752656,-956978795927026601,1281657522530117622272469782838695,15554905789595472137,193836
20000102,0x463128bf098a87ecc81f677a029509d0d87adcbcd47e7b9c9b9daa27d6327b63,0xb447a11eaf871554dc27ea4731b3e383714bc0e273832c50566afd84f3c7ed5d,136,335,1717282643,-3631560950,950817121896397023,1281662363049804896024614536393645,15554905789595472137,193836
20000103,0x8c5cf9eb6c62bbfa4eb11447b5c36d6d1301c75bb110c6ef131d465526a43466,0x16e60717950b6e150355a82f217cafbabc056faa591e99b45a7189a8112608d8,92,190,1717282655,247621110,-64767695802359106,1281662033158669705986694816483099,15554905789595472137,193836
20000107,0x5ac766935a7f1a4f67b58a5a360ab1cdd31de73f34482a61ab8512d322ed6fbf,0xb0e61ef406afee9a6a2461f4b3871e70579c8c03b2fbc2a0989eac03fb11dc82,60,210,1717282703,-5017274835,1313636570376454409,1281668720757719403005683223653819,15554905789595472137,193836
20000107,0x5ac766935a7f1a4f67b58a5a360ab1cdd31de73f34482a61ab8512d322ed6fbf,0x3521df7870b3de0bed17ea3137ae5db20c6d45f8693c5c4b7986959d4c49e5b8,62,223,1717282703,-17644000000,4619709036938830763,1281692239257784040527439540894857,15554905789595472137,193836
20000108,0x45314ef2134154a4c24f3e3775cca27645d4260ab1dc3b06b4c41db71c8bb82a,0x6f2260a02547e9021dec7282418281da16b5d404352c816763284f44ea65c884,83,4666,1717282715,-1149644107,301015930727810317,1281693771701305845095386834225353,15554905789595472137,193836
20000109,0x4648d276f28646740e65175bfb998acd398b955537606d8a52d29e618f105a39,0xe4ccf4f2e8f08ba1cb4143caa20b042f6a6b46a8a0b933525f75031751e999f5,64,257,1717282727,-312181294,81739805604883676,1281694187830894966525919706556732,15554905789595472137,193836
20000110,0x93e3a5e6eaa6377c6b97a45d7323da87d3785a0c917f33ce17dfde89b1f47a4e,0x74955d723c93ddf8efcedf69f18d007c060a6e52bef6e72f01888e0e1b4f79e7,25,148,1717282739,-29990000,7852416793237074,1281694227806803272145071180109368,15554905789595472137,193836
20000110,0x93e3a5e6eaa6377c6b97a45d7323da87d3785a0c917f33ce17dfde89b1f47a4e,0xf8af7d0e46ac6fa0ae282ba4660b7ab307f91cb1e25971857725deae9657fc48,97,377,1717282739,-4662129269,1220712264634971079,1281700442337035623122666092551442,15554905789595472137,193837
20000112,0x7bf7571ef795d6787c60371d78a14ab3bea51198330321eea90e603e31f44c3c,0x00a5ab9dd230cd6b6fb45bc4fe30c47286c1ea4ae7f2ab9461232c0754dbe256,8,66,1717282763,-56554525483,14808941249232456892,1281775833250823144066988036532939,15554905789595472137,193838
20000112,0x7bf7571ef795d6787c60371d78a14ab3bea51198330321eea90e603e31f44c3c,0x35dcdf6be7638521716d298475612a09407385fb51e66191768d890cc557253f,71,204,1717282763,-2023917302,530000000000000000,1281778531430499524177531514924666,15554905789595472137,193838
20000114,0x7a6e03d714766d67e82db65c2220937c1cf5480f1cdfedf816041c779fef7c84,0x34c899515a6d84de668d91868622b11e1acbc0e44ba30c3d9af5fbfab96eb604,62,282,1717282787,-1470292522,385024559977691437,1281780491553976201539687549577116,15554905789595472137,193838
20000114,0x7a6e03d714766d67e82db65c2220937c1cf5480f1cdfedf816041c779fef7c84,0x900d1d6f6a16e79c42ffae888ecd68c2838eb82d2ad4df4e185322216d3d7d04,91,384,1717282787,2500000000,-654018187610174233,1281777160343877203500408416121510,15554905789595472137,193838
20000115,0x7bfe6b6485eceea894428312bff637a045f14d365f346da85c7ba8f820084561,0x6df3671e8f8953d23ea6fc8b7f3885571f8755a78c5c02c2a1508b973168bc40,10,78,1717282799,3088069632,-807856788578428234,1281773045564282938407718620299436,15554905789595472137,193838
20000116,0xf370267257999145135de7d53a950cc081d13a114a641acd000ac4e6daad4605,0xabbaed3e5daa407a492a0e99b2fbece73be6532cc45dd54d6b505dc753a30c76,100,292,1717282811,-22016400307,5765494486070255956,1281802397149276516435965902556802,15554905789595472137,193838
20000117,0x3b63f8254366929c71cc7ff847314540a5202366df19a6ad53c2982d511bd684,0xf8444c632b474ce0365334e495f422f7f8887c10da6228b6a428414fb8c12374,113,417,1717282823,-628150000,164499219158810286,1281803234599182015869199348590283,15554905789595472137,193838
20000118,0x851f6b23a56ff3f1d38c763c90b3d8d768c19d61b366566ac071a6acadd2ce89,0x079faadfc6d149562c205fd2c7b6c50b9c88f0431c9a77afb2cfa2191bfcffee,123,367,1717282835,197828616,-51755365410178634,1281802970985724167378624173009484,15554905789595472137,193838
20000119,0x92fdf20d49d2c748b929bce97642f621daa88a44e1b42ecb9a995ff73b0ad3f5,0x5b3856957abfb0a431ab0372672b0ead9f40ae17501616b7909d7c8b79bfbffd,109,271,1717282847,-21698334,5682336932996066,1281802999913961954084418596447688,15554905789595472137,193838
20000119,0x92fdf20d49d2c748b929bce97642f621daa88a44e1b42ecb9a995ff73b0ad3f5,0xfc4e3fa94782a6dd7a420f88b294248110f2e153584cb8352f794195470bf992,187,426,1717282847,-65955153707,17273451771114140514,1281890937416810543139040376121633,15554905789595472137,193839
20000122,0x0045cefc4b5398e53cabcf4c03361cf54800fa8adafb5b687881b3cf6411c22d,0x2484bb41e6a79be7dd3fdd4d8833cc4a41f7d58e8de3d260e7216ab08425e508,24,166,1717282883,-981988488,257197669651011406,1281892246761164813189608985281259,15555396923185400317,193840
20000125,0x8245a0a16a6f3071fdf1c54062de8ad59d5f65fa8a79c311826d4cc99b4c83fe,0x46d213418200b7f25248c761e0b80d191319488895db5a2476be807edfc8d36a,104,254,1717282919,-3818026,1000000000000000,1281892251851909126822407425909883,15555396923185400317,193840
20000128,0x858dfbce49466365cd68378b5d423267358fde6f0dc61689749632e71fbdb9f2,0xd014b6543bf7d67410b2c41b020d254a43fe5770add5fcd6f402d5942a8e80dc,21,152,1717282955,-34206207,8959133625229612,1281892297460567684536449325522575,15555396923185400317,193840
20000131,0xcf95cedf65bfb9990d6498213f713444459b4d42d426d71d460dab56a5852829,0x92b1e7e4eb4b3d5ec0476eb5491a776073ee8991ae4fdd178fb928e9444e441e,1,13,1717282991,111195345,-29094658372563269,1281892149273007237097376220865063,15555396923185400317,193840
20000131,0xcf95cedf65bfb9990d6498213f713444459b4d42d426d71d460dab56a5852829,0x7887962afebec11b35ef7052003b9f13df3b621ca4094f42e11275a5d93ffc17,2,19,1717282991,953334850,-249443185910480370,1281890878767651871148725294093495,15554905789595472137,193839
20000131,0xcf95cedf65bfb9990d6498213f713444459b4d42d426d71d460dab56a5852829,0x7bfff4e602e0d5ce0013b2639d6a1d328cfef4d7ee3d7a403c25eff1f9d5fe30,9,110,1717282991,-2120216763,555317513841590584,1281893705765759476845522535843900,15555396923185400317,193840
20000133,0xb80cb209437f3b563c4aca91163758954236cf12426efe23ce03ed1bacfe4240,0xc79fd2de876dee01078be1526ebbb2e0568f532bea1409e07370a72b3b5e53da,107,307,1717283015,3020109031,-790221641392751146,1281889680880564796979043205748387,15554905789595472137,193839
20000137,0xeb56b4abb8cca128eddfddee5730f2fdf4a95b7b1f1feaccbc46ba6290b5a5bf,0x1622c59cf8cf9686e75dbcf3c8196b9e460614cf03ceb6ddccdea142d40a9baf,53,176,1717283063,3675651346,-961739789001035696,1281884782305328785217893760490241,15554905789595472137,193839
20000137,0xeb56b4abb8cca128eddfddee5730f2fdf4a95b7b1f1feaccbc46ba6290b5a5bf,0xb2253008d74d9996b4336449a241c07116bcf63256737105b1a6652802f5f57a,68,241,1717283063,-251992609,66000000000000000,1281885118305062070288263325723927,15554905789595472137,193839
20000137,0xeb56b4abb8cca128eddfddee5730f2fdf4a95b7b1f1feaccbc46ba6290b5a5bf,0x8fdebde613bc8eacf3cecd40903a04a662aa0b30b677338049a611dcfc067f9b,209,433,1717283063,-500000000,130956324002808039,1281885784991273235996742032933689,15554905789595472137,193839
20000137,0xeb56b4abb8cca128eddfddee5730f2fdf4a95b7b1f1feaccbc46ba6290b5a5bf,0x02c9e09882e0c52527ddbf6e5873468b0fe1a23ff3651471807699ba9856eb6d,210,440,1717283063,1200000000,-313980732584696203,1281884185745553328938246529287892,15554905789595472137,193839
20000139,0x784626cf2d895c167dd17e25097affab70714306ce9710f4a197ab2acb2ffcd3,0x02c5867e9b1369af0c117d8feed71c367d81b46e9e6fe58d91e3d39529c83740,16,90,1717283087,4119829787,-1077950016987669248,1281878695259125228616244695977993,15554905789595472137,193839
20000140,0x0b96db18a1b026844594e3bb644e9b9c66702ffe4cd649a47330c6c11db2f460,0x92832f73cd28306b7a4cec7dc4d8fa6762e5c1f5bae990e006dd037d1ebcfea2,2,38,1717283099,-1222312543,320136147355995835,1281880325041854418382704079948477,15554905789595472137,193839
20000142,0xb0c7107729386fe8bde33953a6f48c97a69855f8fc5bdd0bee7730a08168b1a2,0x570226115f6b6e5e421395f071a0ad9877ef18d0ca63732f02cf0250ce21f636,48,207,1717283123,-227081288,59475000000000000,1281880627823432253679071199528378,15554905789595472137,193839
20000142,0xb0c7107729386fe8bde33953a6f48c97a69855f8fc5bdd0bee7730a08168b1a2,0xc6cc8b728794a986d412e8285a2f77c9529f136ef4e5b06ab42dbdcea653f7ed,129,333,1717283123,190203000,-49766382748576991,1281880374340761674683566130894521,15554905789595472137,193839
20000144,0x42962c11b6d2e2fc2a4629c6a77b526cd87b62e93d85dc3192ba2a1d31d66949,0x1f93617eed22428536709c9e025cf50848b530a67c02b328a17cb7e644570925,117,178,1717283147,-1422357104,372530915621382270,1281882270860281208433525385607839,15554905789595472137,193839
20000146,0x5e5726bc72ec26a7fa699aa0e93f30b59702a8c20172f98c27d8dd86081dd84a,0xb965402b790b0a8450ac01b1c3a91587056215052a265c438249641f6d9efef5,16,124,1717283171,-5918411185,1550108595533649200,1281890162315957908451006843474489,15554905789595472137,193839
20000147,0x776faa8a8f0091df66bc67319c4f70ec5c54a756a7c197fa446c080e39494c86,0xec7582a725f84e10621c34b18fc040264addfd2f75c2c985c8324de4686dd18e,59,198,1717283183,3000000000,-784955723363429189,1281886164181834927237856638726775,15554905789595472137,193839
20000148,0x31336f4f5abdb8f89f7ea61fb6ea8126892ab2ad5aa25451c6db1e0460ce37b7,0x7557ddb982af03cdaaf27e2b550dd22ba62957ac4a4730e562e75b1e57f853fc,55,238,1717283195,-122781357500,32162133618041891224,1282049893548151568417619967527449,15555396923185400317,193842
20000150,0xe81aea4ad4ca068b98f25642e80316dd8147cbdfdb316d4febb0107d46352132,0xb65819b6c78515f0828bdd699467ce7d1e8341b221a0915752f3f94d7975269c,53,209,1717283219,-756736995,198250000000000000,1282050902788211746119910822152337,15555396923185400317,193842
20000150,0xe81aea4ad4ca068b98f25642e80316dd8147cbdfdb316d4febb0107d46352132,0x503a36371b2919aef3038bce45daa57b713bfd8202ef1f61c88fb0c829711dfa,72,271,1717283219,-304724776,79831902008812678,1282051309192012943973826969881078,15555396923185400317,193842
20000150,0xe81aea4ad4ca068b98f25642e80316dd8147cbdfdb316d4febb0107d46352132,0x8342d177ebfea976fbbefd8209a95dd2a219d14324175117f6fd07637ef4a099,150,401,1717283219,-216066699,56605259009992623,1282051597354913370805498805256003,15555396923185400317,193842
20000152,0x18e02252918669ff1967b0e29b4b11ae7ed4a8400ae8fedfb1b1bf1fe0f9cafa,0xc18036038332df2724e356e616142b3bfe9ab7288da9ca1fe6ed809c686159c7,115,330,1717283243,41690635,-10911215248086452,1282051541780919394797902745370129,15555396923185400317,193842
20000153,0xeaece6064e99706a27e3357e0e9a4e6dc35e838b7f02b7a65d2342382ae679c7,0xf395c3325abe5c2a7ee0ba89b5bd497760b605dd1f3e38673435de516febf887,91,264,1717283255,931440753,-243775140947261200,1282050300163197951772472056325951,15555396923185400317,193842
20000154,0xb38e56edce2519f8cb5793db531deffa4c67df0c476235d9eb7583b227241e20,0x1d89d561c579d43400800643ed5e046015c05f202f476009d69b287c2f3b231c,122,351,1717283267,4789120975,-1253393405435063311,1282043916265897838318510551555767,15555396923185400317,193842
20000157,0x7d56f97b19ebcfd3aedb76b323231e7c51d684032273d846c8e05f00204220fc,0x9d799b72c23a3d1503749c6d420b7e24c15bc5d9e665d1a29815020fb0c3c480,5,42,1717283303,-124628221577,32654011716311846586,1282210149490359951628543509548721,15555396923185400317,193844
20000157,0x7d56f97b19ebcfd3aedb76b323231e7c51d684032273d846c8e05f00204220fc,0x37c57a023cfa5eaa694071b74b608b436b1c9cca8f138ed8ef2aa422ee41ad90,103,386,1717283303,-1244805213,326195838093870878,1282211810069967858686690672378201,15555396923185400317,193844
20000158,0x59d2d4fa11eb67aefb2b3840608e7f1f3b61bb5e3215a60bd3af876185c3ed47,0x6160dc678b7ecb0a7c0711108965b8dba2ba4b6d34317982d9a81bc18bb69481,10,91,1717283315,-64731998185,16963905410228383824,1282298168974971983496563997376345,15555396923185400317,193846
20000160,0xa9cf5f8f1b628d98926a268e60e49f768927e777dafd7643f30264ae011405e9,0xdbe92f36905cb7a0242d50327f0a8fadab9d727f87d44852c622b6d2f2e1eb55,8,82,1717283339,-139870717123,36662838664997658624,1282484810112427457026495165972108,15555396923185400317,193849
20000160,0xa9cf5f8f1b628d98926a268e60e49f768927e777dafd7643f30264ae011405e9,0xb9c3ad9822f8f0bd9734c97d0c03057f76a9dd0799d837144f763c4dd9915756,74,253,1717283339,-917037218,240408528840155645,1282486033970778598875472244382139,15555396923185400317,193849
20000161,0x0d906aa6ee98b1706d98d41b3b06d4740dc5da572a2922b130ad965c63dce661,0x85d3d3d646f286567af7f46b8145cc4e01a03ac1759f248967d1a23911e15571,67,205,1717283351,-17609944859,4616674734706622875,1282509536281432198824166733287401,15555396923185400317,193849
20000164,0xeeecff9eb1dda2b119dae4f34e2b04d681bb973e7bfb614b6dbe0c5015504f60,0x682dd4da5751d8b42bbd637f8b5c6a2249cbb4115842a7d7eb4dc3fb067829a5,17,136,1717283387,1022086567,-267689943223196863,1282508172858664534816061506407267,15555396923185400317,193849
20000164,0xeeecff9eb1dda2b119dae4f34e2b04d681bb973e7bfb614b6dbe0c5015504f60,0xee4ba7005bf07f245edf7a545f6c00c5848766d836444fadbb0ab8280a3fef5a,43,230,1717283387,6002071959,-1571963292123245042,1282500166392240706998838723441589,15555396923185400317,193849
20000165,0x11cfd3517f77dce20dd24ee67c1805efe79ba2eee2d7be6df1116cbd561b7a60,0xef1c122d8fb71c4a0587b7654589282d64961186b9e944e197db745bf36fbe76,62,71,1717283399,5000000000,-1309502213901172908,1282493496716453706542121643892415,15555396923185400317,193849
20000166,0x6c8280508a5208a998172d904ddb7c04e509da005029024c5efa7e510e245af4,0xd8c90ab21b00e9fff283d49a8fdb24ce194edc73f7cb6d918a52f41d8a8f4742,121,267,1717283411,-5833511919,1529329631158041196,1282501282142577194485348157066361,15555396923185400317,193849
20000167,0x18b0551eebd2b7306464eabcac85bd7437f436ac2e80a88cad2397d03ef6ade1,0x8026612355972e0a47b03721ee3bb05e7b40ccd473adbfc5c4042dcd4a34e403,73,210,1717283423,-11443066798,3000000000000000000,1282516554375518092880670042941090,15555396923185400317,193849
20000169,0xa3930e74c16b08ce795cf778853e235ae4ffb4ebb36613a72c8d79882a9fc991,0x116f767f30bc82b48b833d64a4e66f85684f1a6e4e4c09cd8adca66f1e4185f4,89,165,1717283447,-9142212377,2396842136153730794,1282528756085993392975366451224282,15555396923185400317,193849
20000169,0xa3930e74c16b08ce795cf778853e235ae4ffb4ebb36613a72c8d79882a9fc991,0xde4c3083b78e74fa3ec1069b48d701638737d9f1cb691a27d6e48b27d312c691,113,2201,1717283447,-33716707608,8840007979249591385,1282573764403332221719493312368443,15553096161716345936,193850
20000172,0x4189d0c4f45187011ce7d09973034b0a3a43b86d17682ea6869ba06bf8349eb2,0x074b5198f75ab027af8e6ba1e129d390eee1a4d0779eeb33cda2b1edf86168ee,86,391,1717283483,-169352314,44403167308354477,1282573990481942449287293273237735,15553096161716345936,193850
20000175,0xbba00ccc00c7d6d3bd6062c6eb55700cae9c167c6bc38aa188d38fc763732f34,0x0291c89c0b669c9dcc6ec2be71978a496d7c3cd0ee701f73364e69b847786c39,69,298,1717283519,-1314090492,344547226433218031,1282575744742873225379174244485932,15553099455845802943,193850
20000175,0xbba00ccc00c7d6d3bd6062c6eb55700cae9c167c6bc38aa188d38fc763732f34,0xc1b7f6c81631ad03780f68a0317e44ccc8ff4a4786902ee44633bc16c38913f1,101,427,1717283519,247500000,-64828320052481196,1282575414504601990367302905835894,15553099455845802943,193850
20000176,0x27ae16f13c8b026e653c7da02c168168abf2cacb3819d28ef13c3c162f5197f5,0x1eb7cc94d56db3a13fc5cc30a81aa23f044d43d96c27de900da931b338e38d2d,122,216,1717283531,-30130283,7900000000000000,1282575454727422811179468324442361,15553099455845802943,193850
20000177,0xd7224a3daefd555e943d5b32f885c8a10658f24ae9d89e50664e80655ed0baf3,0xdfc6e06ebe35c60e40a73432059c46b4486b61b25fc6ed3d115954b9d5d9ae9c,1,13,1717283543,133104003057,-34859445007737357521,1282397899121927977545661656739021,15555400217314857324,193847
20000177,0xd7224a3daefd555e943d5b32f885c8a10658f24ae9d89e50664e80655ed0baf3,0x3014b5265564d0aa7e14f9b75a441ab2f638faff34dc85423d7e734832212baf,2,28,1717283543,-64540395997,16918599996897492992,1282484027370417636740995504651720,15555400217314857324,193849
20000178,0x207bce0fa341e78a11d11ab7ff4af3cc98fcb8142acd812d582fa29519c18cfd,0xf701cb602bfac294d3e3434f1a1768f98e6271bb49c704daffe19f93a61dabd3,7,57,1717283555,5000000000,-1309469256562830529,1282477357863904335251874533771917,15555400217314857324,193849
20000178,0x207bce0fa341e78a11d11ab7ff4af3cc98fcb8142acd812d582fa29519c18cfd,0x2028d97d273d4194166cf68cc85478a06302616a4a3a553a511190eafe131b00,11,76,1717283555,-119943492581,31447661106357477376,1282637465350793422237863751891405,15553099455845802943,193851
20000178,0x207bce0fa341e78a11d11ab7ff4af3cc98fcb8142acd812d582fa29519c18cfd,0x823a4f5b7d78f1b67a21756fe9694c05ac1fb38e53a055fad3ef81a6c118e267,117,281,1717283555,352670660,-92384825760594225,1282636994738488139174369396926281,15553099455845802943,193851
20000178,0x207bce0fa341e78a11d11ab7ff4af3cc98fcb8142acd812d582fa29519c18cfd,0x3afd1b6b3ea49816db37cf543b0cc66f93d9808daae91d915153f4537b1a3811,149,405,1717283555,-1937832450,508139151652502016,1282639581927101931337470808060987,15553099455845802943,193851
20000179,0xb0099d0e94f26f8e2ac24c438ca1a6b3575cc89d4611c0ad6b74bcdb9999b158,0xa308e57f0f7b706e8287cc3bb753ae2a43839ea58b4f7f2dbccfbf705cec4d27,10,73,1717283567,181610026,-47574325883370650,1282639339581424576489905923870424,15553099455845802943,193851
20000179,0xb0099d0e94f26f8e2ac24c438ca1a6b3575cc89d4611c0ad6b74bcdb9999b158,0xc290b68bf5591677a635b48b6eba4612ddb407311a50d2d159f73d74356faeea,11,82,1717283567,-253007451,66343834890028296,1282639677370814873598089468651829,15553099455845802943,193851
20000182,0x27aaff2c6d187dbdc7f6339f6e8ed723e337975bf094fdd853b0895a069205f6,0x77973eeb5bf9790f1b527d73a10147f71ace27943cfe35e422d3c7bc844051c9,1,9,1717283603,-3120795567,818340614708182115,1282643843949032063534002070146289,15553099455845802943,193851
20000182,0x27aaff2c6d187dbdc7f6339f6e8ed723e337975bf094fdd853b0895a069205f6,0xc57b1cb11933e14a9ada09594fa3d788dd0b8b613cf85af922467ec502ef4ecb,110,365,1717283603,-8359771077,2192140371541036711,1282655005223636945018493229046418,15553099455845802943,193851
20000186,0x669ad941295f14ce614cee629f9761328c5c88de88f8876f07c3684acd4c3bfd,0x5945bb7b25fc354f7a241b8352924d411ff1390b58ee214156d9379d6018ce86,163,460,1717283651,-3813471645,1000000000000000000,1282660096719943376938166470371477,15553099455845802943,193851
20000189,0x345dbf089ac051097ebf58e92ab3db11234f55492bf9c66922991c19f80b73d8,0x7aaab4e2739fa209294f1d0534d30d539efb9b1f3fbd0f0fc2141e759a1d6f59,11,116,1717283687,1668504453,-437092561046462289,1282657870151499017827493804083774,15553099455845802943,193851
20000190,0x8a4db210d6f622cd2d3b88c73f82dc35f2d80bc754fb46873a652b13bcd4663c,0x2fafd96c335053a0a7d621edda8ec92e6f21a909c27d3366319e52dcf5bdc41f,3,10,1717283699,-65318468420,17129520910216986624,1282745085043944335949619168158789,15553099455845802943,193853
20000191,0x36b0dac0123b875b8f4636011efa4154245e2cef2a2a2255104880c35c62540e,0x85c2afa09c90f94c46115900ea0594713f973fddf9264e892a7a4889891918d0,23,172,1717283711,-112811533,29586412525174236,1282745235683054428445322905841092,15553099455845802943,193853
20000195,0x7aee759e46ec6986e8edd750ed787e4b0828fbe2d836549732366ab61e5cc663,0xd7354af25d6b33d954ce14015f3b83237f0b1c3626c217cb361db54278a0559e,138,702,1717283759,-190647477,50000000000000000,1282745490257869750041306567907344,15553099455845802943,193853
20000196,0xbade9f941ff0665b539b3aac98187afbc418c151184b5851296d6c510a27ca5e,0x682de6b764dc0d3700ad3b87c82e658568abe7dc7a599f3d049d804878957131,140,269,1717283771,-41947734609,11001869860434549890,1282801506237627997211661157914630,15553099455845802943,193854
20000197,0xa90d899a56d52ece38506651681a58ece517825fce194c831a33426b27d742fa,0xe24f22002eac95b9d74a9940b071dd32c05932d3e05129a0ca3d5be960f540a5,69,123,1717283783,79083893,-20721946932416763,1282801400679132480975343735889846,15553099455845802943,193854
20000197,0xa90d899a56d52ece38506651681a58ece517825fce194c831a33426b27d742fa,0x757a87e6675436a5fb6de4947cd829cb9fd30b084cdf6cd046998e27cdc1f2dc,79,160,1717283783,-121423278372,31851782388503915364,1282963573911516821928725855032826,15553099455845802943,193856
20000199,0xb9ed2ee3b02fcd01aaf59ae29795da942569bae5bf48c11e1abac1ff28941c79,0x26b1f16b691f505bdddc2f14abdf89d73fad63f4d66ffa5bd688e705c1c1178e,14,82,1717283807,7601126249,-1992171824525448947,1282953425701925677294688704761634,15553099455845802943,193856
20000200,0x9e4950805a64bebc0afb3678a5516db252706ca37cfe39adae28252fd4fa19c3,0x27314a4cec1a8b8d38a05dbbc2b04b1dbbfa38ac3ee1fd7e6c812c15fa260eeb,1,27,1717283819,29971085615,-7854785717304191658,1282913413083148820377640173872014,15553099455845802943,193855
20000206,0xceec4cc7c00b785b655e3aa7c42884adc5216a20f54dc84a50ab19809d9cb1ec,0x063514fac5186cba007e60172bf12bb622e7bcd23919a74a72c57f1616772d02,36,65,1717283891,-22980000,6028409705604441,1282913443776774570120979999950778,15553099455845802943,193855
20000207,0x663b2466d78b594e0e75cef46f1250202fe30f3823c2b1b93feb0f6b4ebe3cf1,0xdb93d0dbe4f31132eafada3c310b169dd8bb0abaff7343487dac5f6336afa916,40,256,1717283903,-38119503,10000000000000000,1282913494691737634440176732364028,15553099455845802943,193855
20000207,0x663b2466d78b594e0e75cef46f1250202fe30f3823c2b1b93feb0f6b4ebe3cf1,0x14e24456da64f8e63dbde796b1ca1ba48ac20d77c09e51fabb8113e1f5a9b05c,42,266,1717283903,2154219919,-564556538360154918,1282910618816270067937787361953588,15553099455845802943,193855
20000211,0x65707572b1921ef7bccc918552ceea77157558f640a5742b8c3d421ae15416e4,0x0dcab9fabd0e19330dfe9a9b1fe13df57219b360d7c08bb7e8fcd3c63a06968b,141,337,1717283951,2000000000,-524137849522388629,1282907948835354705845720643939580,15553099455845802943,193855
20000211,0x65707572b1921ef7bccc918552ceea77157558f640a5742b8c3d421ae15416e4,0x1c61bcdfb5306e82649a0fe9292f340c5f0986ca7ab1233405dffbc781e5d95c,145,354,1717283951,-5430017916,1424468152011343314,1282915201509689301502490984894360,15553099455845802943,193855
20000213,0x566e05da8526ed7b0bb5d860f5356cebb917ded5c526c670eb2d8d02b81dd1fa,0xeef72396cdde3d8623658f00f297720bb58698d370c4a3bd54bf15b44b1b2a73,76,264,1717283975,-22980000,6028426513247806,1282915232203400627299947775397550,15553099455845802943,193855
20000214,0xfad7d11e586461c2b6433a8b4d90844af0ce9f96d9ca98cf028d8b4d8375c29f,0x30c45d1a66895a4df1364f486804771f41a72a019fdb9b2192ab7edc9fc92628,16,160,1717283987,4119590263,-1079621974362059032,1282909733147876148214397987808918,15554755695402954889,193855
20000218,0x8f62f239f53cd161a7248f93bcce93ffda89ed21aa8551ef7439ca5889ab6c89,0x61a85b971e872ce117c9622a2e114cb0eb6b5ff0acf03fd9b0b835fc932ab3de,15,92,1717284035,3146824457,-824682779129256482,1282905532625378268168229351418309,15554755695402954889,193855
20000221,0x827a90928a0e9d0f3aa7d4f415c92192c4e1dec33f8893f67e72ae0375ef6755,0x788d42fd1d567e97ea372b7130f33852dcafc7c1f19e2af40254fa6ac27a7f6c,76,266,1717284071,495625000,-129887084144398219,1282904871045395103429625119478942,15554755695402954889,193855
20000222,0x38a89d20fdf93ed925f6a7e6e15efe094e2c223798352f321c6cd3f6803681dc,0x52ff7984b124ff7fbda67342bcd44896e901b582980fa3b013c5842e4793491d,10,117,1717284083,1295428992,-339488889846666810,1282903141858420825971009323086099,15554755695402954889,193855
20000222,0x38a89d20fdf93ed925f6a7e6e15efe094e2c223798352f321c6cd3f6803681dc,0x5ec863a6666b433ad8c0596f65f04e4e8fb2c1b8dad8a79990a00f7350de154a,97,220,1717284083,1500000000,-393099009644573729,1282901139608251797531302966866505,15554755695402954889,193855
20000222,0x38a89d20fdf93ed925f6a7e6e15efe094e2c223798352f321c6cd3f6803681dc,0xa3ebb490ed7ba1a16fa82d8bccf83a6c6ac18e4cd15aed8a4fcd6b3071731249,103,237,1717284083,-225000000,59023782256499327,1282901440095622441315968160788609,15554755695402954889,193855
20000227,0x6d96e59dc90de7ba8c36a2ad86aa052cb0b1e6e81516dd5887b3ed0c2e1e6739,0x0fc467f46211a014b5cc9a25e498417fc023e0b594d4932f76a684d9ecd65c3e,80,167,1717284143,-1029244795,270000000000000000,1282902814653249420365782718373772,15554755695402954889,193855
20000228,0xefbcf60b594437a65b00e6678a1c55e40f706becb95feb3547ec5b6b9f3ddf2f,0xb9f6de0653bed1bcb4b87d6b34fc0d66f6007adf9a6ae3bb45df885b7862dfa8,119,230,1717284155,-185416289,48639994849511361,1282903062277234222652972104648306,15554755695402954889,193855
20000229,0x9c6c540eb3fbf413e670a0a19d09bc5b0f27c6215cf80e0b0ff7559ee4112aa2,0x1c6a879978250aea73b257e1bb36bcfcc94262f12619cf6fc2d48ea749fb7e1a,142,449,1717284167,250020228,-65521879533665052,1282902728541480245657786912611213,15554755695402954889,193855
20000235,0x8c6156593fd3d08817c27a6d5635fbd0437b34a99aeb95b820675986aca5d62a,0xaa475915890c526c85a68ef338d685029f811ec7596ceac75333f1c9eab04844,32,147,1717284239,240908398,-63133943598267772,1282902406968680163156823465801398,15554755695402954889,193855
20000239,0x92689be8850dff8579cc49f58a5ee7a5cf5e2c95c373b65bb3ac64191e89c9c3,0xe6d2a5a8c16b449c8f107f998e6572467f16dad7f1d6b9bca69ad204973480f5,32,161,1717284287,24589838506,-6443998579171445047,1282869584455959942786769027752842,15554755695402954889,193855
20000245,0x4b9575794d407748df3cccc2f6f0e61d9c37fb038e58f0265a57828cb3d0b60a,0x4d82e0b4967fd46298322a737d1984d7ae0f027caf82976336644b488f95e227,46,3231,1717284359,-2740587463,718899128222449968,1282873244338477449299680389424412,15554755695402954889,193855
20000246,0x5ade1a431e986cd61fe69f0906ab1161ee6c6a75297e4aad9fe761c9559dfb9e,0x40d7ad7b2e5fae2fe334cc5eae46ef4f26eb4ccc391c7c049ec91cc53b8b3409,9,56,1717284371,7000000000,-1834366046173912013,1282863900993325466809851647445618,15554755695402954889,193855
20000246,0x5ade1a431e986cd61fe69f0906ab1161ee6c6a75297e4aad9fe761c9559dfb9e,0x039e5bef4e0270790a95473565cdf53bb36b590841e423485d0beb098ef24e7b,12,83,1717284371,-136067601674,35697306805362831432,1283045634346406661695960585348447,15554755695402954889,193858
20000247,0x8eea96cde1681f2fcf4ad08a6c31306d9af94231102bc132f44437b1b5888f0f,0xee20769525cab85121fe93b6f0e0a18db8001b2744cb01b221e6ad83b26da4ed,67,188,1717284383,-1770304245,464505597640418686,1283047999123117813915327257479892,15554755695402954889,193858
20000249,0x7f04dab18b6feacf1b51bd27c8e547234ab0dae82d57964111d879012b85c6b8,0x3892b164ad8646db19d09ad5ec8522be6667233f33ab76bf39c4646dc0e0d670,67,181,1717284407,77000000,-20183669623494948,1283047896317577927674618921089296,15554755695402954889,193858
20000250,0xf10f497f1f6d151a8f484bd01938996d93932ad0a56fa6508ebb8335e668814a,0x769fffe90f2697a21958319b889f85e4f7eee40d7bcf5550bbe189f40984e88b,37,132,1717284419,4883604589,-1280111074955703288,1283041376070634230966716598118464,15554755695402954889,193857
20000250,0xf10f497f1f6d151a8f484bd01938996d93932ad0a56fa6508ebb8335e668814a,0x53999abbf9c197eb1488e95eaf0a6fbad59a75c1b257b708c31c6108ae07956c,40,148,1717284419,-536767751,140840000000000000,1283042093080620096631071717712147,15554755695402954889,193857
20000250,0xf10f497f1f6d151a8f484bd01938996d93932ad0a56fa6508ebb8335e668814a,0x9520bfabe4c52554c81d3ced3f4b2296ce5f758ede3e51d0fa088cf5d15ec21b,136,362,1717284419,3947177148,-1034642405205379057,1283036823128572698849460730408619,15554755695402954889,193857
20000252,0xf6580eaa3db0bab10ababdc80321941b8d24be36db355892c3820828bd1a2b2e,0x0f829f7d9e395eadcf6f8535aff29853b6731a160f3acd0b52b6731726f34f53,14,152,1717284443,-533570141,140000000000000000,1283037535862157058356771982489815,15554755695402954889,193857
20000252,0xf6580eaa3db0bab10ababdc80321941b8d24be36db355892c3820828bd1a2b2e,0x95c409f6b4d58fb2373ea1a1b6849ede7322d95c8cc7931bcf45721770e97b9c,23,197,1717284443,1333865914,-349634215812297431,1283035754999955596023630480722212,15554755695402954889,193857
20000254,0xa9dea8e983311d02d887eb1f64197e98b8430b65f9d01815bbb26ca34dcd479d,0x94939f8d72ef4788ffc4903d2c6f9b072b79dfe8613a4e769a7e5c796ceb58e3,11,110,1717284467,-141633119424,37167591084151976052,1283224947039034574663784670048020,15562825522177455047,193860
20000255,0x236d364f06f359ccfbadef94594c3d661bdc8c7f8ebcab7621ef4ee9b05924d9,0x0d0b65799d2384754f8be2092e248e5c8efd79c3b2106e254e4673896af347fd,29,145,1717284479,1366047278,-358174226915853306,1283223123624268530315433251504452,15562825522177455047,193860
20000256,0xe18a471e6d74190d2173b2fa429af4c23534eaabea593cfe8f2b45e81889b612,0x8c3cb399909ddd4bcf3c5a4358397d464d801496655a93554635aeae1eb2083b,18,131,1717284491,459442832,-120464548459062267,1283222510356143862251097301733219,15562825522177455047,193860
20000258,0x0d87ca477f8964733d7d29f2c5f3f2af3476803d9cbc7eeb0bd185a0e293f50e,0xd4b28e205add82c65b5879c17aa14ca364a7b3075344c2aae763ee6723e2d4f4,41,252,1717284515,8203122636,-2150815057684259265,1283211560858272444022959121292467,15562825522177455047,193860
20000259,0x4f5e09c5e34ada17b7f787fb62c10f97c9dccfe3c1bbb9b662a4a2017431fc9c,0x63b0d92d9c497f73cfb99dd056681fcc95df7c2b824b266d0172171917bbd77a,63,193,1717284527,-209990000,55112900755133990,1283211841290036233457239980708762,15562825522177455047,193860
20000260,0xf4f9617e138cf408a68e7b1c4111a253652ea0319c132872828804594ca9bb08,0x11d1a686d93c193e17498d2455ad372368f85ca043770c6ec0bc8168992c310b,56,263,1717284539,-11934189436,3132225872054218195,1283227779039888843766131281981304,15562825522177455047,193860
20000261,0xfef2f0e29ef22f9aa39908e9d352974dfcbc5660000cd7f767a876f8f9f99a87,0xc4b1643c9ff265e7dcea2732ec52b3de67bf97c48669d79cf65a15ed5b9a3c51,0,7,1717284551,-3238559815,850000000000000000,1283232104107086451111999218618045,15562825522177455047,193860
20000261,0xfef2f0e29ef22f9aa39908e9d352974dfcbc5660000cd7f767a876f8f9f99a87,0x0e01157b8067419f1cef1c035faf56fa69f260773d2b2f26e3d81f34d6acc41f,3,31,1717284551,998509661,-261809790805926722,1283230771270152422739043950537850,15562825522177455047,193860
20000264,0x0b0ebf6bffe5210eb9cb4f6a43a1a766e64cffc3b6f7dc50e4612831c5931bbb,0x1eb66a288f5c04cc59ef861257016eabaced903625bc7bf9e444ceadb307e393,41,270,1717284587,4119924490,-1080240750886478502,1283225271915961000161169403989413,15562825522177455047,193860
20000264,0x0b0ebf6bffe5210eb9cb4f6a43a1a766e64cffc3b6f7dc50e4612831c5931bbb,0x93e93929e1a702c3c36096026ad24fb5309479abc74bdc3877fe67571c373d17,79,345,1717284587,1501696004,-393741131946616118,1283223267435068635043106122770048,15562825522177455047,193860
20000268,0x239b5f68c4441100d11524f9055f168e36c5d2df6b80ea7688623f5bb814474d,0x81b44de61275f80d26d82ed4ab6786f70ace6e7288d1273285366869c57ca7fe,31,154,1717284635,1000000000,-262196947013188325,1283221932627176642538398197360682,15562825522177455047,193860
20000268,0x239b5f68c4441100d11524f9055f168e36c5d2df6b80ea7688623f5bb814474d,0x28edae80b2930687c151be552679a82e8a44d745a3749b3406a61590fc100bc7,198,522,1717284635,500000000,-131098268953898042,1283221265224271995379615924895130,15562825522177455047,193860
20000268,0x239b5f68c4441100d11524f9055f168e36c5d2df6b80ea7688623f5bb814474d,0xad24a10e816aa3aa50e6af9b0afc36fee2c01fd1176acc7b086b0700726ad2d2,222,642,1717284635,-2281643126,598838726980960901,1283224312303959903962040006275730,15562825522177455047,193860
20000273,0xe0b4e80a64a6ce257445b8419428a332d01d3b5b99e92cdd82a47a7da658dbd1,0xf6d70955c250fe15b7f02dd958767d0e8ddfab813706c69fd1bba4932104ed86,4,24,1717284695,-3873796134,1016720791925703077,1283229485698955531282050969792121,15562825522177455047,193860
20000275,0x7efc2c1592977659bc098857cf8abb961d80b3075b9081c5623029d68739b029,0xec45435d0b65a8dee079081068f2e45c60cc0d6e34f7608b4f8226ac81b59bbd,101,260,1717284719,798863600,-209461670780897766,1283228419358960297794735402314209,15562825522177455047,193860
20000276,0x902c15e6390a3a10cee3b6067608d1574ebdebe53caea3c17ca54b84f9a52fa0,0xe54b287fc70e21532b1917471caf7a90be919c1414208aca890871cafa11355c,103,280,1717284731,2794458147,-732702910120562200,1283224689271184464128521006627202,15562825522177455047,193860
20000279,0x9b2f71bebd20bc31b0e5ed5f6b098ade48b369010c9da36723e6c61d0c34b763,0x911ff122350460d7898062adeb6bb3cab00b76539db13a0d5b83dd166803d2bb,80,262,1717284767,-1546563342,405911970233203628,1283226754678887489773707767193201,15562825522177455047,193860
20000280,0xe7640b0110cd2182d38f0f62608d0d152d32dfba41634a1474623e1466e28fe7,0xf3b53921138382915ae039b2bc29d33eb8ce9888a3a58b81976ae40dee2bc878,170,464,1717284779,155493458,-40770167301911603,1283226547123682547936361698378953,15562825522177455047,193860
20000292,0x05b4c68bc61a4885d7c864ad72633f7f139a28e1c9334dd8053de5ac43ec2991,0x68c9ddbaa84ad37e7300f7949bf4111a7b98005f79bbbb25c5facc7f17c87289,5,56,1717284923,-12471720270,3273382088048399897,1283243196788342858677342122455002,15568744554781989516,193861
20000295,0x27cfc824e2a11cf1b2a842bcd0b8ac656f821c67810f37e26adc7e465777ae3e,0x884d4d412c0e771da65ec379b16c014aab9123dfc75b2888b64058fb80aef820,55,115,1717284959,4958007197,-1300009379704900068,1283236581139017833826087201411871,15568744554781989516,193860
20000299,0x903fba9dcf17968954a47a65627a1218609eb27147cc24e6330e8f527c0f39ed,0x89e27e9dace98e7ebc58587542e981e7a8034cfd2ebd0bd25784637724b3eb93,77,94,1717285007,1518349927,-398114761841770458,1283234555163131368450359483051504,15568744554781989516,193860
20000299,0x903fba9dcf17968954a47a65627a1218609eb27147cc24e6330e8f527c0f39ed,0xd57253703fdd7e2a9fcb2b55e9ab969f773bee7a472a8ddd7d55770fd6e2f5a2,98,199,1717285007,1450343288,-380282094343999177,1283232619936339899453224323258433,15568744554781989516,193860
20000299,0x903fba9dcf17968954a47a65627a1218609eb27147cc24e6330e8f527c0f39ed,0xcfea5385a803c54ae37b7170a8a06658ae8cdf1f5b849dd693f60ae01889de6f,120,287,1717285007,-983490741,258130626938646697,1283233932886756771379049937809832,15568744554781989516,193860
20000301,0x0b6f8b646de3b67d8f9dba35f0a19f005d55799d9c5c793c93c59a0ad5a13d18,0xce3bae00a20bf983cb462e57addef122bd3b4a21300c6d6ccfd607a4e48d3bee,84,84,1717285031,473575000,-124172051142162758,1283233300984588102354024538824481,15568744554781989516,193860
20000307,0x11ac5c10931421c3f62191c342a6dc125a66d3831ea71cd30ad16a523c834598,0x460fe3a4ca7fe05e09806cee526195e0cb69ad8703b2d43d44c7ea79eb1f4e41,84,74,1717285103,160000000,-41952204223231283,1283233087492996514202478351300620,15568744554781989516,193860
20000307,0x11ac5c10931421c3f62191c342a6dc125a66d3831ea71cd30ad16a523c834598,0xb2297ff4f71e6babd1d2c01324baecd6b307af22cfe4c9ce5ca2e2fbe54e171d,98,143,1717285103,-840132762,220504487954311915,1283234209062578610155681864187768,15568744554781989516,193860
20000308,0x76c60cfca662bc4c4932462ccddef1fe061e996088f29186ff2bbeb4124b2b81,0x0ff5ca238de524902470ced32f4e0fcf74e0df54efd1f78fc99abd0df58a30e3,24,163,1717285115,161557211,-42360566715673049,1283233993492861210249538780905670,15568744554781989516,193860
20000311,0xbe0fcb955d352076fb571743cfb3186973f8ad4f22fdc116bec426442c6648e1,0x5af0e83d4cdc7ec40d600ef0527b03498112958a8444b219c4d780a15eab6d4c,3,21,1717285151,-3048027382,800000000000000000,1283238062596732976669669651105683,15568744554781989516,193860
20000311,0xbe0fcb955d352076fb571743cfb3186973f8ad4f22fdc116bec426442c6648e1,0x2f5251c1e0a4ca5a43d5ba397b45a87b7e41eba22aa042abccdaa448de6fb4bd,22,105,1717285151,7130450850,-1869613637984222774,1283228548274455551828428037361431,15568744554781989516,193860
20000312,0xb6c7409bb0f7002a23c0abd9c058cae3088e29f4a20b47298048948b1acadc2d,0x67577adb0f84e6362a62efdf11713b1eefedbb322af8bffb8f766f3c5d6f5b2a,16,119,1717285163,1596658612,-418642199328371197,1283226417835993605999704882481240,15568744554781989516,193860
20000313,0xaaae4bc59187d152a49964be5c2005767c3fdfd7137eb996d33a1073b7a2ba92,0xf98cdeb184174de0bc51357325bb957a8016ff8a8eb8c0f2be11facddb11e59a,21,151,1717285175,67657461758,-17738437446780067605,1283136128673026898867455327677673,15560674728007489358,193859
20000314,0x4e71fe064fcfaa5d4403cb295ef0e9812b0aca52bcb94fba1b8bcca446c4acb2,0xe4498e165f9139f9334fd4d41e8ea3bd52028eb23a3010838508a63ba87fd0f8,119,241,1717285187,-1603318852,420750000000000000,1283138269877205739392180793550323,15560674728007489358,193859
20000315,0x04e06bd7fc7139506caf364c9a5573e2e0ac9d42f932f4fceccfdb64302cf1f3,0xbcda7e56367a176d4c0d76f37d67986cd98d0a89e47db659ca41ac26f4e00afc,44,269,1717285199,44000000,-11535148869258452,1283138211145263505877914922446187,15560674728007489358,193859
20000315,0x04e06bd7fc7139506caf364c9a5573e2e0ac9d42f932f4fceccfdb64302cf1f3,0xcd12730589281d5fdcc617fbff774829f5e2e1cc31cc963d0ce3a916bc81b525,58,317,1717285199,-1905303795,500000000000000000,1283140755654091599193096700072628,15560674728007489358,193859
20000316,0xfd5daee8ea0bcf714a330f865c5125a30bcfeb23f24c33f50665db1390edea4e,0xbbe53787efe4220b87d22b4605faf3ad1b333a6c314ef7883b4fc1a9699474da,98,267,1717285211,215315764,-56447922061368101,1283140468189580559777358888854485,15557625275202697461,193859
20000326,0x9a6a00f5dbd1481583dd1431df41e116fc78d44bab75fabd04bcc09b7b28c03f,0xa5ade5298e71f5d1a30d5a2e5b12e91bf4cfb4155fb5ac4ffaeb95fcccba4f32,13,62,1717285331,-6019339583,1579639571291137773,1283148508578938520659042204907730,15557625275202697461,193859
20000326,0x9a6a00f5dbd1481583dd1431df41e116fc78d44bab75fabd04bcc09b7b28c03f,0xc50af5db2258c8f4e9f1dba635b63ddcffb1301eb6ea5987293ac5d310004c5c,146,281,1717285331,614607000,-161129367455435768,1283147688017735589027525280810729,15557625275202697461,193859
20000327,0x456ade5ef1d64f7cef5d4a0ce6cd607dcf724059bf32b912cde5b6eb7f099a37,0x8eb120e6f26f9e31d9640aeee36946a9ff20ba839f978878f0678a29bbec1c89,36,110,1717285343,-2400646082,630000000000000000,1283150894727283498777365560657565,15557625275202697461,193859
20000329,0x9937879a07a89e37ff5b6ffbc5513588dc16d96e18a49470a4354b953a9c7b6c,0xd6e3007d49789282b60b1903601ddb38003c75fa97f6c082a0a6e758e3f26168,18,100,1717285367,770227107,-201928464951802074,1283149866394170028227810694680822,15557625275202697461,193859
20000330,0x2146b6be344ead41572d6f442ebacf0db117b10d112260939ec1b6805f61bb37,0xf087491347c36f0749c7e4db12400fc172a83a49fc730f51063f829fea582168,13,107,1717285379,-14942664076,3921458191630677573,1283169826675796744093261858205243,15557625275202697461,193859
20000334,0x48ebe1fd29de1e0d9e430de92d914f7c61687f0c16f4fa0f2c5d13281009a489,0xd49e78ffcfcc7dc6bdc5e7a547bf00c90ea31fbac5c963279a546403d6052d25,39,171,1717285427,-10530000,2763469575326747,1283169840741898764027196960653748,15557625275202697461,193859
20000339,0xebb2ec99d5f1cfb72abbd12d980fb1e70b9cae1d9a57ac777ee954dcdf35d966,0x0f0ebfbfe6d0603d3d2414c35423f609c96f51b4e2ded58b5201a8626dd7343e,29,266,1717285487,4120085441,-1080180364888128313,1283164339857028469517142350128584,15557625275202697461,193859
20000339,0xebb2ec99d5f1cfb72abbd12d980fb1e70b9cae1d9a57ac777ee954dcdf35d966,0xc9160e05869524b76849c75a09ee5d7c27455e9dea3dbc98b808b77048b3dddd,33,284,1717285487,1038041016,-272146177825491715,1283162953935898285140942905611618,15557625275202697461,193859
20000340,0xe916a64a281f6a3a5398e05fe759dd62b2f2948ef78ef58bc59fbab24db62cb7,0xac55a26d466ce92a7b22bc9c498fb629859f04bae63fa07e6ae2e552d3a3b0dd,130,368,1717285499,-89990000,23616522670462961,1283163074144356595935605702121148,15557625275202697461,193859
20000342,0x29a22ef46f7c8b708dfc944e18bc5761d3b7bbb61286c03587e2056fc7d495df,0x7397b19f9df6df5ad6a9743fad3eaee0eeaeaa5f5009f03374d5b26a4c68a7cc,28,192,1717285523,-53346541,14000000000000000,1283163145404568771707824375006633,15557625275202697461,193859
20000342,0x29a22ef46f7c8b708dfc944e18bc5761d3b7bbb61286c03587e2056fc7d495df,0x8b1789bcd3ae2e15e77e8a8ddeca83fa25752cc9974566f9b8955f17652b4a04,104,389,1717285523,1000000000,-262172378422132753,1283161810275624800577532855683175,15557625275202697461,193859
20000342,0x29a22ef46f7c8b708dfc944e18bc5761d3b7bbb61286c03587e2056fc7d495df,0x56f319029735fd5a76dd0ab61ec0a33fec1a1e89bd8ff4fbb80c836bbf4fd5e0,191,619,1717285523,314042570,-82333174744266642,1283161390988874183742577297356293,15557625275202697461,193859
20000343,0x9a2ed354f663a0f9c71df69c4e67174d30908bafb47ed04692ea14ce7dd408eb,0x307f26d36571c5b5710f9274b39df5641732f45c59999e651f5de61e6bfea267,127,292,1717285535,567959119,-148902852718770731,1283160632691948698331050909335893,15557625275202697461,193859
20000347,0xea2d1ebf579c79195b704a3d580c876d06b1f90888d37be1c84ab8ff0488aa2b,0x8397d5f8a1f6abccb9187e84d2b18b1282c33c0bf68becbd43986976fc500a3f,81,343,1717285583,-1089401286,285896253494218629,1283162087908211859500977522401488,15557625275202697461,193859
20000347,0xea2d1ebf579c79195b704a3d580c876d06b1f90888d37be1c84ab8ff0488aa2b,0x0969f622bcc8d03ecbcf328506fe243158b71118df92b03a8b4bd517eaada910,150,407,1717285583,-296605132,77839469852938200,1283162484112293100215349458419815,15557625275202697461,193859
20000353,0x65ab7e145e5b61a80069eb9164e9cbdc4f0319fb6bca6709ca0b5b51581d593e,0xfed3963d4db88809c5e158bc284135b782add155627eff362b34f3b5a97d5df9,161,362,1717285655,3120188698,-818024644147242967,1283158318271536511699683587189872,15557625275202697461,193859
20000361,0xa56e390a4c47d343a005ed0561616ddfecde25685cafd1eaa117d545a47520d6,0xbe39965e21c570657e54967b70f871b15f2705f127740321a0242f6ab3233ba7,124,255,1717285751,220282627,-57751632405252190,1283158024167800451135576660998502,15557625275202697461,193859
20000362,0x11ae9ea59c47a65ea1eb6e0e128e0d3118ba6457ef93862596a5f5aacc1fae94,0xa671c4bf9084fd0c35de57ad6d644b42d24203a313fb875e79285f21300816e2,77,248,1717285763,-1007718396,264458764733447556,1283159370266920925999872396920716,15557625275202697461,193859
20000363,0x68ac6ce456c701d85a17fa8d37065e90bdc011748925a63ca9bcba4fd4149a6c,0xb5a00e71487c4f6f35a6dfa77e355d421c3ce554560db471cd1525b6a5a3fb9d,25,113,1717285775,-39296502092,10312724257084565881,1283160191666089485838360253851316,994217787851214396692,193859
20000364,0x2278bcbeea1a75ac00ceae165234a530300a62ffa437c1acac7d12df12e4d61c,0xae08ee36e2222029042488b7397bba5cccd1ea987f50738427f2e99b3c54d81f,19,110,1717285787,358325257,-93942615002995652,1283159713257551112340702690558126,15557625275202697461,193859
20000365,0x4cc019a910fcf0fac0e7979773c861a358ef72c386cb2ee4d8bbc663cd8fd0d0,0x27839aad1a0e2236f8c146d7a63f44665be9dfc0dd7b8ca73522d25ce5ad9cb8,29,111,1717285799,4119593717,-1080034399479472596,1283154213116018628959762678208342,15557625275202697461,193859
20000365,0x4cc019a910fcf0fac0e7979773c861a358ef72c386cb2ee4d8bbc663cd8fd0d0,0x72737eb2151f63e199d794cb416639096e26aa5330fc5ddd099911dc4928136f,40,160,1717285799,1411753265,-370117399628797827,1283152328270422438492315139762200,15557625275202697461,193859
20000365,0x4cc019a910fcf0fac0e7979773c861a358ef72c386cb2ee4d8bbc663cd8fd0d0,0x87ae767ba18f1391d4a3e9b75c071c4be53e59c57a659425acce1225e712e0d5,44,171,1717285799,-384746710,100969349069908058,1283152842205939436439277163676606,15557625275202697461,193859
20000367,0x3dd2f4084dfdc946632b55f434cf89346e5ec3ae2d93d88f9a9905d8914ea16e,0xa988ea010ec30b84edabf66c35c1d9fe3729f15f8fd7497aac4ca70b146f9c88,165,340,1717285823,4137462851,-1084707515459934719,1283147318266276724392379360152781,15557625275202697461,193859
20000369,0x64fafc0f49163e64bbb13023ed0ece13cacb16dfdbd9aebb68bbbc1f5f72fa17,0xa26369d7a0f4e4d7843d8c1d096541d32216d290511a156b48e207bdfd61a01f,108,310,1717285847,-457267109,120000000000000000,1283147929068095373868539413456940,15557625275202697461,193859
20000370,0x9bc9f4520af12b06c8ef5851c1d2061d46cb24b485bd681a1eda44c3e6c18d9f,0xaab845beea4650c4d6829eba24b68dd3047f04640061f8b969e46d2b20e09841,110,269,1717285859,-57158358,15000000000000000,1283148005418322705053059420119959,15557625275202697461,193859
20000371,0xd69ccb0aed9bab14e41f6f1230c1f133beb7766663707b496329053b8c99e2d6,0x246ab7eb2a4c187e81e7b3381c9dace255f40153220ca22deb072d3f7b65ec7e,87,225,1717285871,-410705121,107780909588111137,1283148554024785972661765155895030,15557625275202697461,193859
20000373,0xdeef951da7a3b6b71b27a69f550d31912cff7e8d5097fa229f036654e4eeddf4,0x4f736b52ba10766040780fb943952ce7b9e2fa5e741ce65c3fb8fdeef663c35e,96,217,1717285895,618973528,-162274135655806278,1283147727633780650515028064376734,15557625275202697461,193859
20000380,0x2b0f18ae975fd98d8f9d8a199ef339c038a035757cfb802559d49a7ac1e78c78,0x3e33ee3b151998835a398a887af50069d8e26f794e08fd2cbf3b41d88a4b7e3f,92,246,1717285979,5000000000,-1310824935571028618,1283141052177264243422367649317797,15557625275202697461,193859
20000381,0x5122e1b9b9c9befd32c368867bd4b24ab9c6f74bb44bb1bfd973b8595b329d44,0x7c024a8d7b390d2109ac1ed0e0ca0a9850a464f99e72cdda6ad54a905b8b89cd,73,114,1717285991,-5519614486,1448498583798963599,1283148425057008373402456906784825,15557625275202697461,193859
20000383,0xaa47b19d6de81f6be255b07ff68caa303cb9864738f958b436f32fc5a5be046e,0x88a3dd695239457aecc051c572d27edcec979254090d4a500986b0d5c2113869,105,168,1717286015,-4009372481,1052180000000000000,1283153780669154595117674280831244,15557625275202697461,193859
20000384,0x50b9d199818cc6871229d67f2a04177ff36f16b9c0062a2db069768decb5d102,0x0356ea2e48cd14197c1a0c65c098b4c1dde24a47a63bb6aca53d025eefe5b647,49,212,1717286027,3936079527,-1031913116387723707,1283148525588212641889377473036539,15557625275202697461,193859
20000386,0x70a49b081b3d31ffb8d7bc3d029e377df1c911c9beadee96356cc307c7107fe7,0x06b3c49b3d622d05616c8669a1c539e9f27185f0657bfcd2014f30d7fe2be406,158,419,1717286051,-5363994,1407667911628519,1283148532753263645866119499680515,15557625275202697461,193859
20000387,0xb77f89b997f325ba5e56265105cbcaacc9defca6215f4df730da73147eeeac67,0xc883ebe7032fe87e73d64c8aac80f73d96a2d3d1f02ef58b2f132f605cb5b371,47,226,1717286063,-2005000000,526171330338042261,1283151210973309409953637284249919,15557625275202697461,193859
20000392,0x78a74fe6587a93e98f210b47663f69381751a3629cfceeb7aa614df7bf89ed34,0x2cb255f6ceaef5a1c3ce5422a6a745c7797512d0a240ffebdb5d3c718062ffd4,7,68,1717286123,222020025,-58206482123277812,1283150914553223216137477361334243,15557625275202697461,193859
20000393,0x6584acea02a24763f5b940f4af2465e9bed24cace617e8a2719ccb2fc33468ed,0x1234c0814a85da257d8a52b61f2fc80e0990d344f6037df3ac3f066bd1d52a86,37,146,1717286135,-537077616,140945367161851576,1283151631967278155113298852941238,15557625275202697461,193859
20000394,0xe3453bbcbb6422be837f653b467161f4b20d7127b61c979da41bad89d878a495,0x218564afd37bfe5233431073d61331cf9b5153b549f4c735bfd1dd9aee6e41c2,172,384,1717286147,-898780043,235867347040721176,1283152832535649259276906503686190,15557625275202697461,193859
20000403,0xd7ef92c01f79d89defb8e15c732ad192ad68f484c499977318220dd488b703fa,0x2f0caa0bad9f57402f74b65cbdab8cf1e5f08d53dc53efd9286b7b04f7e571d0,23,65,1717286255,5324151418,-1395816723245555156,1283145724253232553110192009104792,15557625275202697461,193859
20000404,0x94e824067061d7da1e5fb99105a9db27d28e5ca207b990bc59a48c17c0f9ea28,0x0587ce3cbe080f2265c007a39d703d9913c1818dbaf74b7d837af38ee33566e6,116,284,1717286267,1008442853,-264378679865862242,1283144377888562933164357082959439,15557625275202697461,193859
20000405,0x11116666c9bee73a21b748fe35dec56e702ff437ed1540be90299179aa6d6b75,0xa5ccd525dc7b10b988518b33de9cca10442bd7cb35ffa7442d0ce0800e5750e9,85,248,1717286279,-1162148859,304980007434295608,1283145930241422871485331395399153,15557625275202697461,193859
20000406,0xf496b5ebc1e895b481d1c049afff61c29ad4f9aec8490323af0492c5aea70654,0xa59ae1fa8cf14d5b84da3d60a94f7991f1a4fbb5c7dc0ca4c2f42e6c20a291ab,1,11,1717286291,178255899601,-46732435153957700379,1283142287570885038573428402327852,1016431469332874933567,193859
20000408,0xbdcede1e6f8c9831b768fbadfa48736689bacd6902316d67e2b1efa6cb693606,0x3c61f4086abe51899f7888e1e7031ae69c6f0f8ca682bd3d4c7e8be4c9861549,8,62,1717286315,16531902701,-4333997306557756817,1283120216423337369663018302841224,15557625275202697461,193859
20000411,0xcf29eac9541b17678095255ea9b3e87b7a647f2f2390aea79f579e6fdd2d4ecd,0x1414a8a1b676f051e84c26ad1eeda42ef8a673e03b1bd64d41cf520771fa27a0,68,227,1717286351,-25000000,6560436697746480,1283120249816059587315626008942950,15557625275202697461,193859
20000414,0x63a6d0b96cca5fb6ad3ed39a08f054b4357c39e02a69b68097ddcbc892904309,0xde7e99bdadaea4e1935498d1f50f296599233b8849933bb0b11b810c3015b9d5,73,281,1717286387,300000000,-78646512311970211,1283119849303863901224056310932453,15557625275202697461,193859
20000419,0x68a514ab036caedede7e22a4ee380699455d399ebdb3d3bc42b3183ea22c1828,0xc3036a400abcc7debdeedac5401ce4ca227f2fc0a073f83847efa03077498d9b,1,17,1717286447,45000000000,-11796420845598202098,1283059775305981243451398543876897,15557625275202697461,193858
20000419,0x68a514ab036caedede7e22a4ee380699455d399ebdb3d3bc42b3183ea22c1828,0x3e3a344770338899eeff4a03e0c2302ef7c5ccd00224fb7fc9dbcaab40fe18f6,85,210,1717286447,-314032976,82400000000000000,1283060194723230049425028447145753,15557625275202697461,193858
20000419,0x68a514ab036caedede7e22a4ee380699455d399ebdb3d3bc42b3183ea22c1828,0xf1d6a8910a5736521db65c76c7a699e44443f042efbd61f435160d8685cfa64b,91,229,1717286447,37724116919,-9888256683776018740,1283009838168571693327547599405075,15557625275202697461,193857
20000419,0x68a514ab036caedede7e22a4ee380699455d399ebdb3d3bc42b3183ea22c1828,0x08efbcdcbea30f22ee48d62fa5921ee5f25d3aaa1e820ca85b35b0f570de0e04,125,360,1717286447,4126308272,-1081542052072836655,1283004330349225753898862131943905,15557625275202697461,193857
20000425,0xf4bc7fd712c65bc233258853c00531db4bba353a57af64506b74cf061d20d020,0x03eb08b85ce7564110e4a1399af17f118bef3061938986e39362e2849ee80c7d,63,282,1717286519,-303388176,79600000000000000,1283004735514432124718048300635664,15557625275202697461,193857
20000426,0x49c35bf91986519881ab681c372b75bb37096e53455cd732cefd534e087d25a5,0x671d35cd35c73c1182e81e64d29bc54669c4718c798c5c0ab989ecea9a256b66,58,142,1717286531,-609000000,159783570155422506,1283005548815225801703282714820562,15557625275202697461,193857
20000429,0x606634c6b94d996a9669ba56f5d63a7ab86b9dfa6a8f79742ffd5370990309d8,0xcf48e05621dcb7be825792e168492faddf23b219fc30ed4f7ebf485637c84c84,90,319,1717286567,50000000,-13105412102939539,1283005482075109521677213593919181,15557625275202697461,193857
20000429,0x606634c6b94d996a9669ba56f5d63a7ab86b9dfa6a8f79742ffd5370990309d8,0x17ba8721908ba5b1939d72e04aaba302bc6a732db93c0f82c11001b5213e3d26,127,386,1717286567,-449348701,117895913531790190,1283006082167096159667492761558523,15557625275202697461,193857
20000430,0xbfbb6eda2512a4548560a77ff10ed280d3075bf48a4e68aada78e30a4986a811,0x8dad5f33ad32f7f146af8c53c92c954c1495a2099afb26ed9d42e7cfaf46e065,1,19,1717286579,16552903,-4338655829594308,1283006060072224797233316866529859,15557625275202697461,193857
20000430,0xbfbb6eda2512a4548560a77ff10ed280d3075bf48a4e68aada78e30a4986a811,0x550ec4d8427e66651aba9bdcc58add5cdb8c4a308a36a054302f556cd132418d,88,209,1717286579,-19990000,5244791796677387,1283006086768294529303328177052057,15557625275202697461,193857
20000431,0x7c7c657d2b8cd50445969ec1fab61d356c24cbb5db58cfcc82aa99f8cd4f4cc2,0xc21c07eded00979ebd6085621b770f75068329fec88ee27239fa1278355f8c2a,3,34,1717286591,4000000000,-1048429538944395610,1283000747576456001133986279451186,15557625275202697461,193857
20000433,0x3062dd20be59d5ae151d438b078b67bf03db41f305fd16d2a336baeb2af60080,0xba7b7a8813692660f1234b62dfac98ac3b45d7fa9ff4d1511327125c2ade5677,0,52,1717286615,-312126048,81892100072888637,1283001164408486480677971852059630,15557625275202697461,193857
20000433,0x3062dd20be59d5ae151d438b078b67bf03db41f305fd16d2a336baeb2af60080,0xba7b7a8813692660f1234b62dfac98ac3b45d7fa9ff4d1511327125c2ade5677,0,58,1717286615,-158850711,41677472315603552,1283001376547452206376670787356048,15557625275202697461,193857
20000433,0x3062dd20be59d5ae151d438b078b67bf03db41f305fd16d2a336baeb2af60080,0xba7b7a8813692660f1234b62dfac98ac3b45d7fa9ff4d1511327125c2ade5677,0,206,1717286615,-489351771,128390728988377032,1283002030058208571649248863054106,15557625275202697461,193857
20000433,0x3062dd20be59d5ae151d438b078b67bf03db41f305fd16d2a336baeb2af60080,0x5f7b91818648e79cf74003720516ec246abec01a731f0a3ca43112d8389c49ac,38,382,1717286615,418036365,-109570133564335390,1283001472065571830261337480223644,15557625275202697461,193857
20000434,0x4670a5995b40dd5948a6dd1d1709ca316a326d09b62923426b0b360528d1e2a3,0x4136f94a505a01d5f32a0d777c73da0de891c1718ad2d2fa2fc0a452fcfa2fa5,107,238,1717286627,-38114272,10000000000000000,1283001522965723384384350817998990,15557625275202697461,193857
20000436,0x94861572f420ee6ee2b74430f82fcd165245c4e6a86ef7ed009192614346620d,0x0b8c1f0f307b5d933b73d212af1dfa3b763e5eb5464398ed548487aac58e6bca,152,369,1717286651,-647942176,170000000000000000,1283002388268299804475577560179882,15557625275202697461,193857
20000436,0x94861572f420ee6ee2b74430f82fcd165245c4e6a86ef7ed009192614346620d,0xba1fc57578bcb065df18dd19eb8283c54f868928b9cbb582280da2ab090e0964,197,504,1717286651,-2770287417,726840377899509975,1283006087896838878585674571529278,15557625275202697461,193857
20000438,0x9b3a25a9f0dbdad4bc8c3c2e291d39628a81c3fc63029e7f225f2ddd70ac7aa6,0x5bd9804ed540367e7476e4a5c08880855793bd00fd3d0ae6b6bf64a0987c0df0,42,179,1717286675,-233142447,61169781015180426,1283006399251951299105706262478065,15557625275202697461,193857
20000438,0x9b3a25a9f0dbdad4bc8c3c2e291d39628a81c3fc63029e7f225f2ddd70ac7aa6,0x5bd9804ed540367e7476e4a5c08880855793bd00fd3d0ae6b6bf64a0987c0df0,42,286,1717286675,-164771329,43231210854807750,1283006619299469736901943633614205,15557625275202697461,193857
20000438,0x9b3a25a9f0dbdad4bc8c3c2e291d39628a81c3fc63029e7f225f2ddd70ac7aa6,0x5bd9804ed540367e7476e4a5c08880855793bd00fd3d0ae6b6bf64a0987c0df0,42,332,1717286675,-148901891,39067543909005981,1283006818153860318477928321972492,15557625275202697461,193857
20000438,0x9b3a25a9f0dbdad4bc8c3c2e291d39628a81c3fc63029e7f225f2ddd70ac7aa6,0x5bd9804ed540367e7476e4a5c08880855793bd00fd3d0ae6b6bf64a0987c0df0,42,385,1717286675,-135096951,35445537926626942,1283006998572185556750581002923980,15557625275202697461,193857
20000438,0x9b3a25a9f0dbdad4bc8c3c2e291d39628a81c3fc63029e7f225f2ddd70ac7aa6,0x5bd9804ed540367e7476e4a5c08880855793bd00fd3d0ae6b6bf64a0987c0df0,42,399,1717286675,-130329171,34194619700887134,1283007172623318067826145113051976,15557625275202697461,193857
20000440,0xa94239d354cf41184596c47404e0df5ed51b7781f025faf60b9df0b1cd134d2f,0x7932e9d15b617860d0470ff178b3d54f47ab303df2fdf87e0845ca5c57476d81,24,160,1717286699,-4248480952,1114684080450684214,1283012846382181058633753055059634,15557625275202697461,193857
20000441,0xb0da231023e6e76b9f0d39158a2b9d32d4f47870dda3ea9a797eb78825da031d,0xf7d4d40261dd202095550f0ab046d5f8ca06f6ff3d62c588db02b4be058d9f0a,8,122,1717286711,-119165017,31265751868388964,1283013005525331914094053808756446,15557625275202697461,193857
20000441,0xb0da231023e6e76b9f0d39158a2b9d32d4f47870dda3ea9a797eb78825da031d,0xf7d4d40261dd202095550f0ab046d5f8ca06f6ff3d62c588db02b4be058d9f0a,8,136,1717286711,-112857645,29610871422480542,1283013156245116219485018350696981,15557625275202697461,193857
20000441,0xb0da231023e6e76b9f0d39158a2b9d32d4f47870dda3ea9a797eb78825da031d,0xf7d4d40261dd202095550f0ab046d5f8ca06f6ff3d62c588db02b4be058d9f0a,8,157,1717286711,-110738019,29054744191277249,1283013304134204489713742437777444,15557625275202697461,193857
20000441,0xb0da231023e6e76b9f0d39158a2b9d32d4f47870dda3ea9a797eb78825da031d,0xf7d4d40261dd202095550f0ab046d5f8ca06f6ff3d62c588db02b4be058d9f0a,8,179,1717286711,-110087061,28883956542493988,1283013451153981039278436630852835,15557625275202697461,193857
20000441,0xb0da231023e6e76b9f0d39158a2b9d32d4f47870dda3ea9a797eb78825da031d,0xf7d4d40261dd202095550f0ab046d5f8ca06f6ff3d62c588db02b4be058d9f0a,8,209,1717286711,-107291928,28150593426403144,1283013594440928213520341767218976,15557625275202697461,193857
20000441,0xb0da231023e6e76b9f0d39158a2b9d32d4f47870dda3ea9a797eb78825da031d,0xf7d4d40261dd202095550f0ab046d5f8ca06f6ff3d62c588db02b4be058d9f0a,8,223,1717286711,-106191616,27861906545777806,1283013736258454790210576306299659,15557625275202697461,193857
20000441,0xb0da231023e6e76b9f0d39158a2b9d32d4f47870dda3ea9a797eb78825da031d,0xf7d4d40261dd202095550f0ab046d5f8ca06f6ff3d62c588db02b4be058d9f0a,8,236,1717286711,-103155106,27065211545095834,1283013874020791739188359689995471,15557625275202697461,193857
20000441,0xb0da231023e6e76b9f0d39158a2b9d32d4f47870dda3ea9a797eb78825da031d,0xf7d4d40261dd202095550f0ab046d5f8ca06f6ff3d62c588db02b4be058d9f0a,8,272,1717286711,-101998924,26761865028219989,1283014010239090319926558991429139,15557625275202697461,193857
20000441,0xb0da231023e6e76b9f0d39158a2b9d32d4f47870dda3ea9a797eb78825da031d,0xf7d4d40261dd202095550f0ab046d5f8ca06f6ff3d62c588db02b4be058d9f0a,8,281,1717286711,-100660143,26410609428016339,1283014144669492572204731352723079,15557625275202697461,193857
20000441,0xb0da231023e6e76b9f0d39158a2b9d32d4f47870dda3ea9a797eb78825da031d,0xf7d4d40261dd202095550f0ab046d5f8ca06f6ff3d62c588db02b4be058d9f0a,8,307,1717286711,-101794650,26708280111430701,1283014280615043114383944380224961,15557625275202697461,193857
20000441,0xb0da231023e6e76b9f0d39158a2b9d32d4f47870dda3ea9a797eb78825da031d,0x2b87d5a7185621c5f2fe485893fa162c29ea7cfba2dfe219181c92128d3bbab0,28,422,1717286711,-8001317532,2099356226335409303,1283024966370051770794780195715458,15557625275202697461,193857
20000441,0xb0da231023e6e76b9f0d39158a2b9d32d4f47870dda3ea9a797eb78825da031d,0xa815030a0f8b094a7b5ca013bf8d17f0136f359db1f01574de516b2ab09d3860,73,526,1717286711,-3153162056,827324653657269101,1283029177465077332527736079763717,15557625275202697461,193857
20000441,0xb0da231023e6e76b9f0d39158a2b9d32d4f47870dda3ea9a797eb78825da031d,0xd83939929c37e38632fcb3ba9ae09b9c6a335360143d759473343a590d7166c3,186,701,1717286711,1028557886,-269603154965400023,1283027804494447296652436770114217,15557625275202697461,193857
20000443,0x8f487d6547bae967f59529f25981f40e1b6b7699334b7d620064ff61f32828f7,0xd20f491b55d60a911191551f96d657ee2fcf8a0e2f9f81b93adabb59422e5800,0,7,1717286735,-1747306497,458458524116248938,1283030138055283176315571213428961,15557625275202697461,193857
20000443,0x8f487d6547bae967f59529f25981f40e1b6b7699334b7d620064ff61f32828f7,0x15ed4a3b6f38afe24a72cf487dc57ff84f2960a06fd1666a14b9e6ecf03b4532,4,41,1717286735,3177148423,-832785998713370213,1283025897041421579293392560480445,15557625275202697461,193857
20000443,0x8f487d6547bae967f59529f25981f40e1b6b7699334b7d620064ff61f32828f7,0xfd5956c336e8e985ebaef946f7f0a5980e07c030a5faec2c416a816e613f6994,27,166,1717286735,-1589302094,416999998266277888,1283028019577732561551223107105659,15557625275202697461,193857
20000447,0xeb194fa26583d388ade2521fb03f9be69a382c68f0d62d88d46d17d3f44a0419,0xce41c52641c1b0d2a6eb2a94196f296e43a43074782ca74187de6437392f3962,1,6,1717286783,-26686457078,7001988391614643620,1283028463823924299499939131055749,1248130669860203718452,193857
20000448,0xbd8542741dfd910207724705f1b2add653c732e1c6176d0fac1476ae9447681c,0xc6b5162a0f085d0838a94e937bc8a46bd0518540c445a2367dc22fab60220de4,61,171,1717286795,-253750000,66578925543211954,1283028802711664345515967297442103,15557625275202697461,193857
20000449,0xaf402bdd6470cfc38074640dbc2ac73e7fad5943736e86e30637ce51a93ad124,0x10028cb4ae3a9ec4ac85dd0a1d556438eaa795b2e4292e126eda9bdd0d9885ee,215,443,1717286807,-50000000,13119004254958641,1283028869487594827173909527557876,15557625275202697461,193857
