trade_id,scenario_id,flow_class,reference_status,policy,notional_quote_micro,upfront_fee_quote_micro,retained_fee_quote_micro,rebate_quote_micro,lp_protection_quote_micro,adverse_selection_proxy_quote_micro,lp_net_after_proxy_quote_micro,settlement_status,rejected_reference_attempts,expired_settlements,reactive_callbacks,modeled_callback_gas_budget
0x2af9bc2e2670259096a48e6bdd1081af46af40f0c3770c904a009f2c7652430e,benign_random_flow,benign,valid,fixed,200000000,600000,600000,0,0,0,600000,not_required,0,0,0,0
0x2af9bc2e2670259096a48e6bdd1081af46af40f0c3770c904a009f2c7652430e,benign_random_flow,benign,valid,volatility,200000000,784800,784800,0,0,0,784800,not_required,0,0,0,0
0x2af9bc2e2670259096a48e6bdd1081af46af40f0c3770c904a009f2c7652430e,benign_random_flow,benign,valid,markout,200000000,1600000,750000,850000,150000,0,750000,settled,0,0,2,800000
0xbe4e469ced1937582cb7ef0fb83913efaf7ab1817e9f3a963bffed231af8a54b,benign_random_flow,benign,valid,fixed,352000000,1056000,1056000,0,0,278080,777920,not_required,0,0,0,0
0xbe4e469ced1937582cb7ef0fb83913efaf7ab1817e9f3a963bffed231af8a54b,benign_random_flow,benign,valid,volatility,352000000,1289024,1289024,0,0,278080,1010944,not_required,0,0,0,0
0xbe4e469ced1937582cb7ef0fb83913efaf7ab1817e9f3a963bffed231af8a54b,benign_random_flow,benign,valid,markout,352000000,2816000,1852928,963072,796928,278080,1574848,settled,0,0,2,800000
0x71917417ee6304b79edd2a48b2a73d9d77172aa1140672971d9ddd32909a2efe,benign_random_flow,benign,valid,fixed,3704000000,11112000,11112000,0,0,0,11112000,not_required,0,0,0,0
0x71917417ee6304b79edd2a48b2a73d9d77172aa1140672971d9ddd32909a2efe,benign_random_flow,benign,valid,volatility,3704000000,15034536,15034536,0,0,0,15034536,not_required,0,0,0,0
0x71917417ee6304b79edd2a48b2a73d9d77172aa1140672971d9ddd32909a2efe,benign_random_flow,benign,valid,markout,3704000000,29632000,13993712,15638288,2881712,0,13993712,settled,0,0,2,800000
0x37c807e62063c3b67f7dd1b615c510c4f3bad28d1e65c3dee1740965b34949c2,benign_random_flow,benign,valid,fixed,2712000000,8136000,8136000,0,0,0,8136000,not_required,0,0,0,0
0x37c807e62063c3b67f7dd1b615c510c4f3bad28d1e65c3dee1740965b34949c2,benign_random_flow,benign,valid,volatility,2712000000,9708960,9708960,0,0,0,9708960,not_required,0,0,0,0
0x37c807e62063c3b67f7dd1b615c510c4f3bad28d1e65c3dee1740965b34949c2,benign_random_flow,benign,valid,markout,2712000000,21696000,10289328,11406672,2153328,0,10289328,settled,0,0,2,800000
0xdd729833a7b302bcfc198d0108ae15759a18d4474ec5de4ef65b73cc81129c29,benign_random_flow,benign,valid,fixed,1270000000,3810000,3810000,0,0,816610,2993390,not_required,0,0,0,0
0xdd729833a7b302bcfc198d0108ae15759a18d4474ec5de4ef65b73cc81129c29,benign_random_flow,benign,valid,volatility,1270000000,4991100,4991100,0,0,816610,4174490,not_required,0,0,0,0
0xdd729833a7b302bcfc198d0108ae15759a18d4474ec5de4ef65b73cc81129c29,benign_random_flow,benign,valid,markout,1270000000,10160000,6386195,3773805,2576195,816610,5569585,settled,0,0,2,800000
0xa07a77f0377dcc364f8035386c626c969e51ea45f173ecc1ed32e575b07fc58d,benign_random_flow,benign,valid,fixed,156000000,468000,468000,0,0,34164,433836,not_required,0,0,0,0
0xa07a77f0377dcc364f8035386c626c969e51ea45f173ecc1ed32e575b07fc58d,benign_random_flow,benign,valid,volatility,156000000,539136,539136,0,0,34164,504972,not_required,0,0,0,0
0xa07a77f0377dcc364f8035386c626c969e51ea45f173ecc1ed32e575b07fc58d,benign_random_flow,benign,valid,markout,156000000,1248000,678600,569400,210600,34164,644436,settled,0,0,2,800000
0xbd434995de518cc2f58bcce68e7d233b4e984e4d1c05441f38e1b656f1edbd09,benign_random_flow,benign,valid,fixed,182000000,546000,546000,0,0,136864,409136,not_required,0,0,0,0
0xbd434995de518cc2f58bcce68e7d233b4e984e4d1c05441f38e1b656f1edbd09,benign_random_flow,benign,valid,volatility,182000000,683410,683410,0,0,136864,546546,not_required,0,0,0,0
0xbd434995de518cc2f58bcce68e7d233b4e984e4d1c05441f38e1b656f1edbd09,benign_random_flow,benign,valid,markout,182000000,1456000,946946,509054,400946,136864,810082,settled,0,0,2,800000
0x6b19d96d2e4b741b4295410a1ac1c4658877fc55d599c30a6b0cd5ff57d75c8e,benign_random_flow,benign,valid,fixed,4119000000,12357000,12357000,0,0,0,12357000,not_required,0,0,0,0
0x6b19d96d2e4b741b4295410a1ac1c4658877fc55d599c30a6b0cd5ff57d75c8e,benign_random_flow,benign,valid,volatility,4119000000,16817877,16817877,0,0,0,16817877,not_required,0,0,0,0
0x6b19d96d2e4b741b4295410a1ac1c4658877fc55d599c30a6b0cd5ff57d75c8e,benign_random_flow,benign,valid,markout,4119000000,32952000,12357000,20595000,0,0,12357000,settled,0,0,2,800000
0xae1d18847d2fba079e8748dc3ae9fdd1348e0ca9a1dd64f6eea25e2baf9ec7b8,benign_random_flow,benign,valid,fixed,3415000000,10245000,10245000,0,0,515665,9729335,not_required,0,0,0,0
0xae1d18847d2fba079e8748dc3ae9fdd1348e0ca9a1dd64f6eea25e2baf9ec7b8,benign_random_flow,benign,valid,volatility,3415000000,13031640,13031640,0,0,515665,12515975,not_required,0,0,0,0
0xae1d18847d2fba079e8748dc3ae9fdd1348e0ca9a1dd64f6eea25e2baf9ec7b8,benign_random_flow,benign,valid,markout,3415000000,27320000,14484722,12835278,4239722,515665,13969057,settled,0,0,2,800000
0x7297d5cac41ca8cefcb56de3df82a45af5ee7562e5edf6f18734b09cbac5c2fa,benign_random_flow,benign,valid,fixed,276000000,828000,828000,0,0,23460,804540,not_required,0,0,0,0
0x7297d5cac41ca8cefcb56de3df82a45af5ee7562e5edf6f18734b09cbac5c2fa,benign_random_flow,benign,valid,volatility,276000000,1092132,1092132,0,0,23460,1068672,not_required,0,0,0,0
0x7297d5cac41ca8cefcb56de3df82a45af5ee7562e5edf6f18734b09cbac5c2fa,benign_random_flow,benign,valid,markout,276000000,2208000,1141536,1066464,313536,23460,1118076,settled,0,0,2,800000
0x09c9b82d3e7730c8aa91551f86248f59f08c43945d331cf359696abd940d8fbf,benign_random_flow,benign,valid,fixed,785000000,2355000,2355000,0,0,515745,1839255,not_required,0,0,0,0
0x09c9b82d3e7730c8aa91551f86248f59f08c43945d331cf359696abd940d8fbf,benign_random_flow,benign,valid,volatility,785000000,2829925,2829925,0,0,515745,2314180,not_required,0,0,0,0
0x09c9b82d3e7730c8aa91551f86248f59f08c43945d331cf359696abd940d8fbf,benign_random_flow,benign,valid,markout,785000000,6280000,3965035,2314965,1610035,515745,3449290,settled,0,0,2,800000
0x26f8da527d49be08cbc2398a73458bd3825ebb382049f4b264a06e62e559395f,benign_random_flow,benign,valid,fixed,2961000000,8883000,8883000,0,0,0,8883000,not_required,0,0,0,0
0x26f8da527d49be08cbc2398a73458bd3825ebb382049f4b264a06e62e559395f,benign_random_flow,benign,valid,volatility,2961000000,10881675,10881675,0,0,0,10881675,not_required,0,0,0,0
0x26f8da527d49be08cbc2398a73458bd3825ebb382049f4b264a06e62e559395f,benign_random_flow,benign,valid,markout,2961000000,23688000,11636730,12051270,2753730,0,11636730,settled,0,0,2,800000
0xeb3ee9d71b91ed9e800427074391647e48578dfb05d44799f6ec2344a6287d11,benign_random_flow,benign,valid,fixed,2755000000,8265000,8265000,0,0,0,8265000,not_required,0,0,0,0
0xeb3ee9d71b91ed9e800427074391647e48578dfb05d44799f6ec2344a6287d11,benign_random_flow,benign,valid,volatility,2755000000,10314720,10314720,0,0,0,10314720,not_required,0,0,0,0
0xeb3ee9d71b91ed9e800427074391647e48578dfb05d44799f6ec2344a6287d11,benign_random_flow,benign,valid,markout,2755000000,22040000,8546010,13493990,281010,0,8546010,settled,0,0,2,800000
0x3ac82ba1636b81c3caccc97d659b2a902bd21486dad1568224f46ca0cf575ffb,benign_random_flow,benign,valid,fixed,2849000000,8547000,8547000,0,0,0,8547000,not_required,0,0,0,0
0x3ac82ba1636b81c3caccc97d659b2a902bd21486dad1568224f46ca0cf575ffb,benign_random_flow,benign,valid,volatility,2849000000,9646714,9646714,0,0,0,9646714,not_required,0,0,0,0
0x3ac82ba1636b81c3caccc97d659b2a902bd21486dad1568224f46ca0cf575ffb,benign_random_flow,benign,valid,markout,2849000000,22792000,10410246,12381754,1863246,0,10410246,settled,0,0,2,800000
0x118865e05ea194a005dd9658d814edd13464e11aec16d837e340119e744d6d38,benign_random_flow,benign,valid,fixed,3815000000,11445000,11445000,0,0,1636635,9808365,not_required,0,0,0,0
0x118865e05ea194a005dd9658d814edd13464e11aec16d837e340119e744d6d38,benign_random_flow,benign,valid,volatility,3815000000,13848450,13848450,0,0,1636635,12211815,not_required,0,0,0,0
0x118865e05ea194a005dd9658d814edd13464e11aec16d837e340119e744d6d38,benign_random_flow,benign,valid,markout,3815000000,30520000,17877090,12642910,6432090,1636635,16240455,settled,0,0,2,800000
0x7c07fafbf30cc3b3ee45f0317808bdf51551d3710a89857164a5de130a2892fe,benign_random_flow,benign,valid,fixed,3506000000,10518000,10518000,0,0,1230606,9287394,not_required,0,0,0,0
0x7c07fafbf30cc3b3ee45f0317808bdf51551d3710a89857164a5de130a2892fe,benign_random_flow,benign,valid,volatility,3506000000,13648858,13648858,0,0,1230606,12418252,not_required,0,0,0,0
0x7c07fafbf30cc3b3ee45f0317808bdf51551d3710a89857164a5de130a2892fe,benign_random_flow,benign,valid,markout,3506000000,28048000,15992619,12055381,5474619,1230606,14762013,settled,0,0,2,800000
0x51c0874792ae57f60114b7045d0b7e367e24f7c1e3c852c1de13659908c5aa21,benign_random_flow,benign,valid,fixed,3059000000,9177000,9177000,0,0,0,9177000,not_required,0,0,0,0
0x51c0874792ae57f60114b7045d0b7e367e24f7c1e3c852c1de13659908c5aa21,benign_random_flow,benign,valid,volatility,3059000000,10654497,10654497,0,0,0,10654497,not_required,0,0,0,0
0x51c0874792ae57f60114b7045d0b7e367e24f7c1e3c852c1de13659908c5aa21,benign_random_flow,benign,valid,markout,3059000000,24472000,10712618,13759382,1535618,0,10712618,settled,0,0,2,800000
0x8dba4156c0f088a2e7c36736150c0629148f64d72eb7e74a8a6d2de039391a43,benign_random_flow,benign,valid,fixed,600000000,1800000,1800000,0,0,133800,1666200,not_required,0,0,0,0
0x8dba4156c0f088a2e7c36736150c0629148f64d72eb7e74a8a6d2de039391a43,benign_random_flow,benign,valid,volatility,600000000,2147400,2147400,0,0,133800,2013600,not_required,0,0,0,0
0x8dba4156c0f088a2e7c36736150c0629148f64d72eb7e74a8a6d2de039391a43,benign_random_flow,benign,valid,markout,600000000,4800000,2613900,2186100,813900,133800,2480100,settled,0,0,2,800000
0x0e75d06a3f6913346ef91556372221c9db3258ace72c685604625202428d26ef,benign_random_flow,benign,valid,fixed,4563000000,13689000,13689000,0,0,0,13689000,not_required,0,0,0,0
0x0e75d06a3f6913346ef91556372221c9db3258ace72c685604625202428d26ef,benign_random_flow,benign,valid,volatility,4563000000,17740944,17740944,0,0,0,17740944,not_required,0,0,0,0
0x0e75d06a3f6913346ef91556372221c9db3258ace72c685604625202428d26ef,benign_random_flow,benign,valid,markout,4563000000,36504000,13689000,22815000,0,0,13689000,settled,0,0,2,800000
0x924b2e4273def7f17a814c9c49fe72a31ef26586c4c1239c0a56ed3fbebece01,benign_random_flow,benign,valid,fixed,1349000000,4047000,4047000,0,0,318364,3728636,not_required,0,0,0,0
0x924b2e4273def7f17a814c9c49fe72a31ef26586c4c1239c0a56ed3fbebece01,benign_random_flow,benign,valid,volatility,1349000000,5077636,5077636,0,0,318364,4759272,not_required,0,0,0,0
0x924b2e4273def7f17a814c9c49fe72a31ef26586c4c1239c0a56ed3fbebece01,benign_random_flow,benign,valid,markout,1349000000,10792000,5905247,4886753,1858247,318364,5586883,settled,0,0,2,800000
0x2669c0cb66dd80ed0235008f1aa472d7fa77469ddbb7a9632bc90e6d6f9dbae5,benign_random_flow,benign,valid,fixed,3012000000,9036000,9036000,0,0,1325280,7710720,not_required,0,0,0,0
0x2669c0cb66dd80ed0235008f1aa472d7fa77469ddbb7a9632bc90e6d6f9dbae5,benign_random_flow,benign,valid,volatility,3012000000,11963664,11963664,0,0,1325280,10638384,not_required,0,0,0,0
0x2669c0cb66dd80ed0235008f1aa472d7fa77469ddbb7a9632bc90e6d6f9dbae5,benign_random_flow,benign,valid,markout,3012000000,24096000,14168448,9927552,5132448,1325280,12843168,settled,0,0,2,800000
0x0d3b4e7ec18998201d0eee45b54d4a6a0443aaa248b517f377be0bdbca56d5a3,benign_random_flow,benign,valid,fixed,3710000000,11130000,11130000,0,0,2170350,8959650,not_required,0,0,0,0
0x0d3b4e7ec18998201d0eee45b54d4a6a0443aaa248b517f377be0bdbca56d5a3,benign_random_flow,benign,valid,volatility,3710000000,14591430,14591430,0,0,2170350,12421080,not_required,0,0,0,0
0x0d3b4e7ec18998201d0eee45b54d4a6a0443aaa248b517f377be0bdbca56d5a3,benign_random_flow,benign,valid,markout,3710000000,29680000,18312560,11367440,7182560,2170350,16142210,settled,0,0,2,800000
0x1c2fb5085e30c31bc7bde25134f4e7ce454fc56816b74b188176856162508cdd,benign_random_flow,benign,valid,fixed,462000000,1386000,1386000,0,0,95172,1290828,not_required,0,0,0,0
0x1c2fb5085e30c31bc7bde25134f4e7ce454fc56816b74b188176856162508cdd,benign_random_flow,benign,valid,volatility,462000000,1689996,1689996,0,0,95172,1594824,not_required,0,0,0,0
0x1c2fb5085e30c31bc7bde25134f4e7ce454fc56816b74b188176856162508cdd,benign_random_flow,benign,valid,markout,462000000,3696000,2000229,1695771,614229,95172,1905057,settled,0,0,2,800000
0xbcb4ec98269628dc7956fafbbd855be12071dfa5d4a8aaa2976adf9dd5955996,benign_random_flow,benign,valid,fixed,1562000000,4686000,4686000,0,0,0,4686000,not_required,0,0,0,0
0xbcb4ec98269628dc7956fafbbd855be12071dfa5d4a8aaa2976adf9dd5955996,benign_random_flow,benign,valid,volatility,1562000000,5760656,5760656,0,0,0,5760656,not_required,0,0,0,0
0xbcb4ec98269628dc7956fafbbd855be12071dfa5d4a8aaa2976adf9dd5955996,benign_random_flow,benign,valid,markout,1562000000,12496000,4686000,7810000,0,0,4686000,settled,0,0,2,800000
0xbf7d20b241c3cfc7fda58fe5fae94d54ee10e10ed035822d427643f80a77cbf7,benign_random_flow,benign,valid,fixed,4135000000,12405000,12405000,0,0,0,12405000,not_required,0,0,0,0
0xbf7d20b241c3cfc7fda58fe5fae94d54ee10e10ed035822d427643f80a77cbf7,benign_random_flow,benign,valid,volatility,4135000000,13968030,13968030,0,0,0,13968030,not_required,0,0,0,0
0xbf7d20b241c3cfc7fda58fe5fae94d54ee10e10ed035822d427643f80a77cbf7,benign_random_flow,benign,valid,markout,4135000000,33080000,14133430,18946570,1728430,0,14133430,settled,0,0,2,800000
0xc48b1bd9f9e419e0f814208b52a6bec3f40496bd555486411845c0e2d9b32d85,benign_random_flow,benign,valid,fixed,1558000000,4674000,4674000,0,0,199424,4474576,not_required,0,0,0,0
0xc48b1bd9f9e419e0f814208b52a6bec3f40496bd555486411845c0e2d9b32d85,benign_random_flow,benign,valid,volatility,1558000000,5482602,5482602,0,0,199424,5283178,not_required,0,0,0,0
0xc48b1bd9f9e419e0f814208b52a6bec3f40496bd555486411845c0e2d9b32d85,benign_random_flow,benign,valid,markout,1558000000,12464000,6550611,5913389,1876611,199424,6351187,settled,0,0,2,800000
0x57fccf43a9718446fee37b659257e420f872e68afc3b76f06add54f1d6e69936,benign_random_flow,benign,valid,fixed,3726000000,11178000,11178000,0,0,0,11178000,not_required,0,0,0,0
0x57fccf43a9718446fee37b659257e420f872e68afc3b76f06add54f1d6e69936,benign_random_flow,benign,valid,volatility,3726000000,12739194,12739194,0,0,0,12739194,not_required,0,0,0,0
0x57fccf43a9718446fee37b659257e420f872e68afc3b76f06add54f1d6e69936,benign_random_flow,benign,valid,markout,3726000000,29808000,12832344,16975656,1654344,0,12832344,settled,0,0,2,800000
0x1a4bd72b035fbbc2cc1c99b241437fb1014ae8c0434321b803d02f60c5b47d07,benign_random_flow,benign,valid,fixed,4577000000,13731000,13731000,0,0,0,13731000,not_required,0,0,0,0
0x1a4bd72b035fbbc2cc1c99b241437fb1014ae8c0434321b803d02f60c5b47d07,benign_random_flow,benign,valid,volatility,4577000000,17021863,17021863,0,0,0,17021863,not_required,0,0,0,0
0x1a4bd72b035fbbc2cc1c99b241437fb1014ae8c0434321b803d02f60c5b47d07,benign_random_flow,benign,valid,markout,4577000000,36616000,14207008,22408992,476008,0,14207008,settled,0,0,2,800000
0xcc30ae86cc04e3414d627b45c707c2030a3034d37fc72a02f870a4010b158782,benign_random_flow,benign,valid,fixed,699000000,2097000,2097000,0,0,0,2097000,not_required,0,0,0,0
0xcc30ae86cc04e3414d627b45c707c2030a3034d37fc72a02f870a4010b158782,benign_random_flow,benign,valid,volatility,699000000,2696043,2696043,0,0,0,2696043,not_required,0,0,0,0
0xcc30ae86cc04e3414d627b45c707c2030a3034d37fc72a02f870a4010b158782,benign_random_flow,benign,valid,markout,699000000,5592000,2700936,2891064,603936,0,2700936,settled,0,0,2,800000
0x62b5a45ac16097ac776bcfc9ac51f47740cbd6bdcbb6f49e090c58ab489fad33,benign_random_flow,benign,valid,fixed,4126000000,12378000,12378000,0,0,0,12378000,not_required,0,0,0,0
0x62b5a45ac16097ac776bcfc9ac51f47740cbd6bdcbb6f49e090c58ab489fad33,benign_random_flow,benign,valid,volatility,4126000000,16215180,16215180,0,0,0,16215180,not_required,0,0,0,0
0x62b5a45ac16097ac776bcfc9ac51f47740cbd6bdcbb6f49e090c58ab489fad33,benign_random_flow,benign,valid,markout,4126000000,33008000,13071168,19936832,693168,0,13071168,settled,0,0,2,800000
0x95a7306b05dd830943083a2fc9efd75fd746a7caa63a72bf9932e798066925fa,benign_random_flow,benign,valid,fixed,596000000,1788000,1788000,0,0,0,1788000,not_required,0,0,0,0
0x95a7306b05dd830943083a2fc9efd75fd746a7caa63a72bf9932e798066925fa,benign_random_flow,benign,valid,volatility,596000000,2188512,2188512,0,0,0,2188512,not_required,0,0,0,0
0x95a7306b05dd830943083a2fc9efd75fd746a7caa63a72bf9932e798066925fa,benign_random_flow,benign,valid,markout,596000000,4768000,2066928,2701072,278928,0,2066928,settled,0,0,2,800000
0x7b0835601789e033001121ea34aa039d0c03cbcc92be073366f3e668b4ef6420,benign_random_flow,benign,valid,fixed,3994000000,11982000,11982000,0,0,2572136,9409864,not_required,0,0,0,0
0x7b0835601789e033001121ea34aa039d0c03cbcc92be073366f3e668b4ef6420,benign_random_flow,benign,valid,volatility,3994000000,15348942,15348942,0,0,2572136,12776806,not_required,0,0,0,0
0x7b0835601789e033001121ea34aa039d0c03cbcc92be073366f3e668b4ef6420,benign_random_flow,benign,valid,markout,3994000000,31952000,20089820,11862180,8107820,2572136,17517684,settled,0,0,2,800000
0xa98982549b5ae7540478a8ed400e30c8cb86c00026e0379201659d1404460239,benign_random_flow,benign,valid,fixed,4490000000,13470000,13470000,0,0,0,13470000,not_required,0,0,0,0
0xa98982549b5ae7540478a8ed400e30c8cb86c00026e0379201659d1404460239,benign_random_flow,benign,valid,volatility,4490000000,15997870,15997870,0,0,0,15997870,not_required,0,0,0,0
0xa98982549b5ae7540478a8ed400e30c8cb86c00026e0379201659d1404460239,benign_random_flow,benign,valid,markout,4490000000,35920000,16568100,19351900,3098100,0,16568100,settled,0,0,2,800000
0xa28eeafa17782aa365b33233aa6a60a21366f1019da48b81cccd9a3059b697e3,benign_random_flow,benign,valid,fixed,1034000000,3102000,3102000,0,0,257466,2844534,not_required,0,0,0,0
0xa28eeafa17782aa365b33233aa6a60a21366f1019da48b81cccd9a3059b697e3,benign_random_flow,benign,valid,volatility,1034000000,3759624,3759624,0,0,257466,3502158,not_required,0,0,0,0
0xa28eeafa17782aa365b33233aa6a60a21366f1019da48b81cccd9a3059b697e3,benign_random_flow,benign,valid,markout,1034000000,8272000,4547532,3724468,1445532,257466,4290066,settled,0,0,2,800000
0x56f5d70fb915b3ea405b1215ea4f7fa6c5fd25a89e6d71f8a9f6f58c4ea7bdc1,benign_random_flow,benign,valid,fixed,3674000000,11022000,11022000,0,0,1241812,9780188,not_required,0,0,0,0
0x56f5d70fb915b3ea405b1215ea4f7fa6c5fd25a89e6d71f8a9f6f58c4ea7bdc1,benign_random_flow,benign,valid,volatility,3674000000,14989920,14989920,0,0,1241812,13748108,not_required,0,0,0,0
0x56f5d70fb915b3ea405b1215ea4f7fa6c5fd25a89e6d71f8a9f6f58c4ea7bdc1,benign_random_flow,benign,valid,markout,3674000000,29392000,16681797,12710203,5659797,1241812,15439985,settled,0,0,2,800000
0xa62dbd961df58fd8023669904df4ea09acab37dd9d9e13af14c4109690175536,benign_random_flow,benign,valid,fixed,4870000000,14610000,14610000,0,0,2381430,12228570,not_required,0,0,0,0
0xa62dbd961df58fd8023669904df4ea09acab37dd9d9e13af14c4109690175536,benign_random_flow,benign,valid,volatility,4870000000,17049870,17049870,0,0,2381430,14668440,not_required,0,0,0,0
0xa62dbd961df58fd8023669904df4ea09acab37dd9d9e13af14c4109690175536,benign_random_flow,benign,valid,markout,4870000000,38960000,23288340,15671660,8678340,2381430,20906910,settled,0,0,2,800000
0xd6ee6aa35827464f28f63ce05d5bb72c26dbc75d3df4d9d129ed8d19f0b8a749,benign_random_flow,benign,valid,fixed,4996000000,14988000,14988000,0,0,0,14988000,not_required,0,0,0,0
0xd6ee6aa35827464f28f63ce05d5bb72c26dbc75d3df4d9d129ed8d19f0b8a749,benign_random_flow,benign,valid,volatility,4996000000,18450228,18450228,0,0,0,18450228,not_required,0,0,0,0
0xd6ee6aa35827464f28f63ce05d5bb72c26dbc75d3df4d9d129ed8d19f0b8a749,benign_random_flow,benign,valid,markout,4996000000,39968000,17615896,22352104,2627896,0,17615896,settled,0,0,2,800000
0x636b25174f1906132a0b24e6209c1e4e24ca304f0959ed95231ec6c2630d65b1,benign_random_flow,benign,valid,fixed,2445000000,7335000,7335000,0,0,0,7335000,not_required,0,0,0,0
0x636b25174f1906132a0b24e6209c1e4e24ca304f0959ed95231ec6c2630d65b1,benign_random_flow,benign,valid,volatility,2445000000,8956035,8956035,0,0,0,8956035,not_required,0,0,0,0
0x636b25174f1906132a0b24e6209c1e4e24ca304f0959ed95231ec6c2630d65b1,benign_random_flow,benign,valid,markout,2445000000,19560000,8757990,10802010,1422990,0,8757990,settled,0,0,2,800000
0x726e7db67e48fad36dd3c0727f14311fc9a749602990398ce26cd2c01d6ec37e,benign_random_flow,benign,valid,fixed,2813000000,8439000,8439000,0,0,0,8439000,not_required,0,0,0,0
0x726e7db67e48fad36dd3c0727f14311fc9a749602990398ce26cd2c01d6ec37e,benign_random_flow,benign,valid,volatility,2813000000,11206992,11206992,0,0,0,11206992,not_required,0,0,0,0
0x726e7db67e48fad36dd3c0727f14311fc9a749602990398ce26cd2c01d6ec37e,benign_random_flow,benign,valid,markout,2813000000,22504000,9603582,12900418,1164582,0,9603582,settled,0,0,2,800000
0x272fe7f605057dbf07a05c95b808d82c8bbed5f4452c794fedf02dda89605b5b,benign_random_flow,benign,valid,fixed,4850000000,14550000,14550000,0,0,3380450,11169550,not_required,0,0,0,0
0x272fe7f605057dbf07a05c95b808d82c8bbed5f4452c794fedf02dda89605b5b,benign_random_flow,benign,valid,volatility,4850000000,16494850,16494850,0,0,3380450,13114400,not_required,0,0,0,0
0x272fe7f605057dbf07a05c95b808d82c8bbed5f4452c794fedf02dda89605b5b,benign_random_flow,benign,valid,markout,4850000000,38800000,24807750,13992250,10257750,3380450,21427300,settled,0,0,2,800000
0xa419ae75e9e986d918f42c63ee2b2b6e9a348cf5fe8433a5ae23bc362d9f5205,benign_random_flow,benign,valid,fixed,1754000000,5262000,5262000,0,0,0,5262000,not_required,0,0,0,0
0xa419ae75e9e986d918f42c63ee2b2b6e9a348cf5fe8433a5ae23bc362d9f5205,benign_random_flow,benign,valid,volatility,1754000000,6121460,6121460,0,0,0,6121460,not_required,0,0,0,0
0xa419ae75e9e986d918f42c63ee2b2b6e9a348cf5fe8433a5ae23bc362d9f5205,benign_random_flow,benign,valid,markout,1754000000,14032000,6233716,7798284,971716,0,6233716,settled,0,0,2,800000
0x01fe18f987051150fd762c1b0371feafaa5f6825bac0aaa08bffab69dde839df,benign_random_flow,benign,valid,fixed,264000000,792000,792000,0,0,0,792000,not_required,0,0,0,0
0x01fe18f987051150fd762c1b0371feafaa5f6825bac0aaa08bffab69dde839df,benign_random_flow,benign,valid,volatility,264000000,1042800,1042800,0,0,0,1042800,not_required,0,0,0,0
0x01fe18f987051150fd762c1b0371feafaa5f6825bac0aaa08bffab69dde839df,benign_random_flow,benign,valid,markout,264000000,2112000,903408,1208592,111408,0,903408,settled,0,0,2,800000
0x7672bc13871cab014a828fb54a51d23a14cc6a58ba3c9a0751fc7e3979c04045,benign_random_flow,benign,valid,fixed,2113000000,6339000,6339000,0,0,194396,6144604,not_required,0,0,0,0
0x7672bc13871cab014a828fb54a51d23a14cc6a58ba3c9a0751fc7e3979c04045,benign_random_flow,benign,valid,volatility,2113000000,8335785,8335785,0,0,194396,8141389,not_required,0,0,0,0
0x7672bc13871cab014a828fb54a51d23a14cc6a58ba3c9a0751fc7e3979c04045,benign_random_flow,benign,valid,markout,2113000000,16904000,8762611,8141389,2423611,194396,8568215,settled,0,0,2,800000
0x2ee8c206e7fe5afa0c542a0359d8e776c4c584802e259485e086ae422970551c,benign_random_flow,benign,valid,fixed,1458000000,4374000,4374000,0,0,0,4374000,not_required,0,0,0,0
0x2ee8c206e7fe5afa0c542a0359d8e776c4c584802e259485e086ae422970551c,benign_random_flow,benign,valid,volatility,1458000000,5664330,5664330,0,0,0,5664330,not_required,0,0,0,0
0x2ee8c206e7fe5afa0c542a0359d8e776c4c584802e259485e086ae422970551c,benign_random_flow,benign,valid,markout,1458000000,11664000,5496660,6167340,1122660,0,5496660,settled,0,0,2,800000
0x9bf6ac7ab06370ed0f9b4d826cb20e0c816c73561ecc1ed4e4e9d718f9f31b0f,benign_random_flow,benign,valid,fixed,3012000000,9036000,9036000,0,0,0,9036000,not_required,0,0,0,0
0x9bf6ac7ab06370ed0f9b4d826cb20e0c816c73561ecc1ed4e4e9d718f9f31b0f,benign_random_flow,benign,valid,volatility,3012000000,12297996,12297996,0,0,0,12297996,not_required,0,0,0,0
0x9bf6ac7ab06370ed0f9b4d826cb20e0c816c73561ecc1ed4e4e9d718f9f31b0f,benign_random_flow,benign,valid,markout,3012000000,24096000,9758880,14337120,722880,0,9758880,settled,0,0,2,800000
0x52daab980757789a2f03b0ecfdf2c7c90d2bdd4532d07cb99f800b262d7933b6,benign_random_flow,benign,valid,fixed,2279000000,6837000,6837000,0,0,1020992,5816008,not_required,0,0,0,0
0x52daab980757789a2f03b0ecfdf2c7c90d2bdd4532d07cb99f800b262d7933b6,benign_random_flow,benign,valid,volatility,2279000000,8790103,8790103,0,0,1020992,7769111,not_required,0,0,0,0
0x52daab980757789a2f03b0ecfdf2c7c90d2bdd4532d07cb99f800b262d7933b6,benign_random_flow,benign,valid,markout,2279000000,18232000,10748903,7483097,3911903,1020992,9727911,settled,0,0,2,800000
0x7c0c1201319b0b38528c15baf7b6b48ec3af32d7525cc09d39b27b2e78da259b,benign_random_flow,benign,valid,fixed,2311000000,6933000,6933000,0,0,695611,6237389,not_required,0,0,0,0
0x7c0c1201319b0b38528c15baf7b6b48ec3af32d7525cc09d39b27b2e78da259b,benign_random_flow,benign,valid,volatility,2311000000,7970639,7970639,0,0,695611,7275028,not_required,0,0,0,0
0x7c0c1201319b0b38528c15baf7b6b48ec3af32d7525cc09d39b27b2e78da259b,benign_random_flow,benign,valid,markout,2311000000,18488000,10356746,8131254,3423746,695611,9661135,settled,0,0,2,800000
0x0f2e39fc762cfc7af8c4b1cb072e6c19eaf76d36738b793a857f5edbd94e51c2,benign_random_flow,benign,valid,fixed,4306000000,12918000,12918000,0,0,3406046,9511954,not_required,0,0,0,0
0x0f2e39fc762cfc7af8c4b1cb072e6c19eaf76d36738b793a857f5edbd94e51c2,benign_random_flow,benign,valid,volatility,4306000000,17249836,17249836,0,0,3406046,13843790,not_required,0,0,0,0
0x0f2e39fc762cfc7af8c4b1cb072e6c19eaf76d36738b793a857f5edbd94e51c2,benign_random_flow,benign,valid,markout,4306000000,34448000,22673243,11774757,9755243,3406046,19267197,settled,0,0,2,800000
0xc8f0eaa0213eaea83589e20336eca5aeea9ba7db56f17de42ccfdb37b0d29f63,benign_random_flow,benign,valid,fixed,2108000000,6324000,6324000,0,0,1530408,4793592,not_required,0,0,0,0
0xc8f0eaa0213eaea83589e20336eca5aeea9ba7db56f17de42ccfdb37b0d29f63,benign_random_flow,benign,valid,volatility,2108000000,7987212,7987212,0,0,1530408,6456804,not_required,0,0,0,0
0xc8f0eaa0213eaea83589e20336eca5aeea9ba7db56f17de42ccfdb37b0d29f63,benign_random_flow,benign,valid,markout,2108000000,16864000,10880442,5983558,4556442,1530408,9350034,settled,0,0,2,800000
0x93ae6cb4263b91a4a10af48131a27e019daff1761bd18cb6749eed5e3cd2a886,benign_random_flow,benign,valid,fixed,4741000000,14223000,14223000,0,0,0,14223000,not_required,0,0,0,0
0x93ae6cb4263b91a4a10af48131a27e019daff1761bd18cb6749eed5e3cd2a886,benign_random_flow,benign,valid,volatility,4741000000,16228443,16228443,0,0,0,16228443,not_required,0,0,0,0
0x93ae6cb4263b91a4a10af48131a27e019daff1761bd18cb6749eed5e3cd2a886,benign_random_flow,benign,valid,markout,4741000000,37928000,15616854,22311146,1393854,0,15616854,settled,0,0,2,800000
0x3d231cd3d882d1b70b1a7c89991c7e9def7b91f9f18c2d915458408050583340,benign_random_flow,benign,valid,fixed,970000000,2910000,2910000,0,0,0,2910000,not_required,0,0,0,0
0x3d231cd3d882d1b70b1a7c89991c7e9def7b91f9f18c2d915458408050583340,benign_random_flow,benign,valid,volatility,970000000,3755840,3755840,0,0,0,3755840,not_required,0,0,0,0
0x3d231cd3d882d1b70b1a7c89991c7e9def7b91f9f18c2d915458408050583340,benign_random_flow,benign,valid,markout,970000000,7760000,3711220,4048780,801220,0,3711220,settled,0,0,2,800000
0xab8670840911c7b66aa76371a809a50b79feca62342cfc344845142a67f7631f,benign_random_flow,benign,valid,fixed,3963000000,11889000,11889000,0,0,0,11889000,not_required,0,0,0,0
0xab8670840911c7b66aa76371a809a50b79feca62342cfc344845142a67f7631f,benign_random_flow,benign,valid,volatility,3963000000,14128095,14128095,0,0,0,14128095,not_required,0,0,0,0
0xab8670840911c7b66aa76371a809a50b79feca62342cfc344845142a67f7631f,benign_random_flow,benign,valid,markout,3963000000,31704000,11889000,19815000,0,0,11889000,settled,0,0,2,800000
0xe22ce5a92a2286cb2a6f378e1b0ee131d71b11251b4a87d79c61a36859340d6c,benign_random_flow,benign,valid,fixed,4793000000,14379000,14379000,0,0,920256,13458744,not_required,0,0,0,0
0xe22ce5a92a2286cb2a6f378e1b0ee131d71b11251b4a87d79c61a36859340d6c,benign_random_flow,benign,valid,volatility,4793000000,17120596,17120596,0,0,920256,16200340,not_required,0,0,0,0
0xe22ce5a92a2286cb2a6f378e1b0ee131d71b11251b4a87d79c61a36859340d6c,benign_random_flow,benign,valid,markout,4793000000,38344000,20643451,17700549,6264451,920256,19723195,settled,0,0,2,800000
0x60a767fedbb9deb32c6f1b0130c6e880382419f5c88c4163fc3b9c1567818385,benign_random_flow,benign,valid,fixed,1334000000,4002000,4002000,0,0,386860,3615140,not_required,0,0,0,0
0x60a767fedbb9deb32c6f1b0130c6e880382419f5c88c4163fc3b9c1567818385,benign_random_flow,benign,valid,volatility,1334000000,5354676,5354676,0,0,386860,4967816,not_required,0,0,0,0
0x60a767fedbb9deb32c6f1b0130c6e880382419f5c88c4163fc3b9c1567818385,benign_random_flow,benign,valid,markout,1334000000,10672000,5954976,4717024,1952976,386860,5568116,settled,0,0,2,800000
0x72ca5d8a18b4109236222456092ecfaa899d47aae0b63a7b5dac896da40f22df,benign_random_flow,benign,valid,fixed,2363000000,7089000,7089000,0,0,0,7089000,not_required,0,0,0,0
0x72ca5d8a18b4109236222456092ecfaa899d47aae0b63a7b5dac896da40f22df,benign_random_flow,benign,valid,volatility,2363000000,8908510,8908510,0,0,0,8908510,not_required,0,0,0,0
0x72ca5d8a18b4109236222456092ecfaa899d47aae0b63a7b5dac896da40f22df,benign_random_flow,benign,valid,markout,2363000000,18904000,7089000,11815000,0,0,7089000,settled,0,0,2,800000
0xe1269f91117a92eb11db2f1ae83a210fb8a271e2fd6febe0ce9aee9a171a85ea,benign_random_flow,benign,valid,fixed,926000000,2778000,2778000,0,0,425034,2352966,not_required,0,0,0,0
0xe1269f91117a92eb11db2f1ae83a210fb8a271e2fd6febe0ce9aee9a171a85ea,benign_random_flow,benign,valid,volatility,926000000,3439164,3439164,0,0,425034,3014130,not_required,0,0,0,0
0xe1269f91117a92eb11db2f1ae83a210fb8a271e2fd6febe0ce9aee9a171a85ea,benign_random_flow,benign,valid,markout,926000000,7408000,4383684,3024316,1605684,425034,3958650,settled,0,0,2,800000
0x7921867e78a6d1ed5b95d736f0bd56329c8f35ea96e36ba25780bacd6b34ac6d,benign_random_flow,benign,valid,fixed,2012000000,6036000,6036000,0,0,1293716,4742284,not_required,0,0,0,0
0x7921867e78a6d1ed5b95d736f0bd56329c8f35ea96e36ba25780bacd6b34ac6d,benign_random_flow,benign,valid,volatility,2012000000,7192900,7192900,0,0,1293716,5899184,not_required,0,0,0,0
0x7921867e78a6d1ed5b95d736f0bd56329c8f35ea96e36ba25780bacd6b34ac6d,benign_random_flow,benign,valid,markout,2012000000,16096000,10117342,5978658,4081342,1293716,8823626,settled,0,0,2,800000
0xbc600b63521d258d3cda8ca9d25f62fc9e6ce860ccf2054707b42c6671459f76,benign_random_flow,benign,valid,fixed,4998000000,14994000,14994000,0,0,1544382,13449618,not_required,0,0,0,0
0xbc600b63521d258d3cda8ca9d25f62fc9e6ce860ccf2054707b42c6671459f76,benign_random_flow,benign,valid,volatility,4998000000,20601756,20601756,0,0,1544382,19057374,not_required,0,0,0,0
0xbc600b63521d258d3cda8ca9d25f62fc9e6ce860ccf2054707b42c6671459f76,benign_random_flow,benign,valid,markout,4998000000,39984000,22461012,17522988,7467012,1544382,20916630,settled,0,0,2,800000
0xa195c8e115fc55855bcba43b451769f12d685f07198442fcdedb25142dbb7581,benign_random_flow,benign,valid,fixed,1157000000,3471000,3471000,0,0,310076,3160924,not_required,0,0,0,0
0xa195c8e115fc55855bcba43b451769f12d685f07198442fcdedb25142dbb7581,benign_random_flow,benign,valid,volatility,1157000000,4574778,4574778,0,0,310076,4264702,not_required,0,0,0,0
0xa195c8e115fc55855bcba43b451769f12d685f07198442fcdedb25142dbb7581,benign_random_flow,benign,valid,markout,1157000000,9256000,5123774,4132226,1652774,310076,4813698,settled,0,0,2,800000
0xebc605ea367152d78687c499d90e0a9a15e2dfeb395b4d3015a3e9fbd30d0674,benign_random_flow,benign,valid,fixed,4989000000,14967000,14967000,0,0,2424654,12542346,not_required,0,0,0,0
0xebc605ea367152d78687c499d90e0a9a15e2dfeb395b4d3015a3e9fbd30d0674,benign_random_flow,benign,valid,volatility,4989000000,16912710,16912710,0,0,2424654,14488056,not_required,0,0,0,0
0xebc605ea367152d78687c499d90e0a9a15e2dfeb395b4d3015a3e9fbd30d0674,benign_random_flow,benign,valid,markout,4989000000,39912000,23834947,16077053,8867947,2424654,21410293,settled,0,0,2,800000
0x12b1e27c2468b2ffc84cb7d900a380fe71b06ba575d03c7b15be2979dbf6aac5,benign_random_flow,benign,valid,fixed,2005000000,6015000,6015000,0,0,828065,5186935,not_required,0,0,0,0
0x12b1e27c2468b2ffc84cb7d900a380fe71b06ba575d03c7b15be2979dbf6aac5,benign_random_flow,benign,valid,volatility,2005000000,7101710,7101710,0,0,828065,6273645,not_required,0,0,0,0
0x12b1e27c2468b2ffc84cb7d900a380fe71b06ba575d03c7b15be2979dbf6aac5,benign_random_flow,benign,valid,markout,2005000000,16040000,9344302,6695698,3329302,828065,8516237,settled,0,0,2,800000
0xcc4e0ebec9e598a8420e108ba68ae09665badfbd79e1c0cf8de693fdb4aa48d9,benign_random_flow,benign,valid,fixed,2391000000,7173000,7173000,0,0,0,7173000,not_required,0,0,0,0
0xcc4e0ebec9e598a8420e108ba68ae09665badfbd79e1c0cf8de693fdb4aa48d9,benign_random_flow,benign,valid,volatility,2391000000,9520962,9520962,0,0,0,9520962,not_required,0,0,0,0
0xcc4e0ebec9e598a8420e108ba68ae09665badfbd79e1c0cf8de693fdb4aa48d9,benign_random_flow,benign,valid,markout,2391000000,19128000,8832354,10295646,1659354,0,8832354,settled,0,0,2,800000
0x40dc189b292d040d6f68921d18aa8a383a8ecc6bcb824f3e45d00582eebc3a2e,benign_random_flow,benign,valid,fixed,4019000000,12057000,12057000,0,0,0,12057000,not_required,0,0,0,0
0x40dc189b292d040d6f68921d18aa8a383a8ecc6bcb824f3e45d00582eebc3a2e,benign_random_flow,benign,valid,volatility,4019000000,14207165,14207165,0,0,0,14207165,not_required,0,0,0,0
0x40dc189b292d040d6f68921d18aa8a383a8ecc6bcb824f3e45d00582eebc3a2e,benign_random_flow,benign,valid,markout,4019000000,32152000,15537454,16614546,3480454,0,15537454,settled,0,0,2,800000
0xdbde700929e831e1b0521dc2573b32aeb39707b0fe55f676fb79a15380e43073,benign_random_flow,benign,valid,fixed,1288000000,3864000,3864000,0,0,0,3864000,not_required,0,0,0,0
0xdbde700929e831e1b0521dc2573b32aeb39707b0fe55f676fb79a15380e43073,benign_random_flow,benign,valid,volatility,1288000000,4641952,4641952,0,0,0,4641952,not_required,0,0,0,0
0xdbde700929e831e1b0521dc2573b32aeb39707b0fe55f676fb79a15380e43073,benign_random_flow,benign,valid,markout,1288000000,10304000,3864000,6440000,0,0,3864000,settled,0,0,2,800000
0xb875524bef9eef9c0c82f288b4181357a9ec854d49fb7e2e9d5569e9e3b91df6,benign_random_flow,benign,valid,fixed,2534000000,7602000,7602000,0,0,0,7602000,not_required,0,0,0,0
0xb875524bef9eef9c0c82f288b4181357a9ec854d49fb7e2e9d5569e9e3b91df6,benign_random_flow,benign,valid,volatility,2534000000,9804046,9804046,0,0,0,9804046,not_required,0,0,0,0
0xb875524bef9eef9c0c82f288b4181357a9ec854d49fb7e2e9d5569e9e3b91df6,benign_random_flow,benign,valid,markout,2534000000,20272000,8610532,11661468,1008532,0,8610532,settled,0,0,2,800000
0xd96ea95448c87ea162f8844c139ea0c89181e09ac6bdd978ec8aa4150e524c15,benign_random_flow,benign,valid,fixed,3784000000,11352000,11352000,0,0,2039576,9312424,not_required,0,0,0,0
0xd96ea95448c87ea162f8844c139ea0c89181e09ac6bdd978ec8aa4150e524c15,benign_random_flow,benign,valid,volatility,3784000000,13372656,13372656,0,0,2039576,11333080,not_required,0,0,0,0
0xd96ea95448c87ea162f8844c139ea0c89181e09ac6bdd978ec8aa4150e524c15,benign_random_flow,benign,valid,markout,3784000000,30272000,18397808,11874192,7045808,2039576,16358232,settled,0,0,2,800000
0xaa80d40246fa96d2e8c0bace4c398dad90a185d9edb5443cec07e7695286886d,benign_random_flow,benign,valid,fixed,4594000000,13782000,13782000,0,0,0,13782000,not_required,0,0,0,0
0xaa80d40246fa96d2e8c0bace4c398dad90a185d9edb5443cec07e7695286886d,benign_random_flow,benign,valid,volatility,4594000000,17870660,17870660,0,0,0,17870660,not_required,0,0,0,0
0xaa80d40246fa96d2e8c0bace4c398dad90a185d9edb5443cec07e7695286886d,benign_random_flow,benign,valid,markout,4594000000,36752000,14131144,22620856,349144,0,14131144,settled,0,0,2,800000
0x808da85ff835e6f5e519b2b25617600ed8903c6479f7e918faf40b93c5b855e6,benign_random_flow,benign,valid,fixed,3693000000,11079000,11079000,0,0,1975755,9103245,not_required,0,0,0,0
0x808da85ff835e6f5e519b2b25617600ed8903c6479f7e918faf40b93c5b855e6,benign_random_flow,benign,valid,volatility,3693000000,15104370,15104370,0,0,1975755,13128615,not_required,0,0,0,0
0x808da85ff835e6f5e519b2b25617600ed8903c6479f7e918faf40b93c5b855e6,benign_random_flow,benign,valid,markout,3693000000,29544000,17933208,11610792,6854208,1975755,15957453,settled,0,0,2,800000
0x3de995ce260493039873eabef42ff704eea741df84dcdbc363fe0688d0768f86,benign_random_flow,benign,valid,fixed,4752000000,14256000,14256000,0,0,0,14256000,not_required,0,0,0,0
0x3de995ce260493039873eabef42ff704eea741df84dcdbc363fe0688d0768f86,benign_random_flow,benign,valid,volatility,4752000000,18974736,18974736,0,0,0,18974736,not_required,0,0,0,0
0x3de995ce260493039873eabef42ff704eea741df84dcdbc363fe0688d0768f86,benign_random_flow,benign,valid,markout,4752000000,38016000,16907616,21108384,2651616,0,16907616,settled,0,0,2,800000
0x7c84c035b1cd81870b49ba30f69e88c768ae8ee76c038e4399246ce627afd9e9,benign_random_flow,benign,valid,fixed,1276000000,3828000,3828000,0,0,150568,3677432,not_required,0,0,0,0
0x7c84c035b1cd81870b49ba30f69e88c768ae8ee76c038e4399246ce627afd9e9,benign_random_flow,benign,valid,volatility,1276000000,4735236,4735236,0,0,150568,4584668,not_required,0,0,0,0
0x7c84c035b1cd81870b49ba30f69e88c768ae8ee76c038e4399246ce627afd9e9,benign_random_flow,benign,valid,markout,1276000000,10208000,5344526,4863474,1516526,150568,5193958,settled,0,0,2,800000
0x704c41c2ebe5f8118a08e5f3a603372c9191507817c02df2cea88f52a067f622,benign_random_flow,benign,valid,fixed,4943000000,14829000,14829000,0,0,632704,14196296,not_required,0,0,0,0
0x704c41c2ebe5f8118a08e5f3a603372c9191507817c02df2cea88f52a067f622,benign_random_flow,benign,valid,volatility,4943000000,20330559,20330559,0,0,632704,19697855,not_required,0,0,0,0
0x704c41c2ebe5f8118a08e5f3a603372c9191507817c02df2cea88f52a067f622,benign_random_flow,benign,valid,markout,4943000000,39544000,20782843,18761157,5953843,632704,20150139,settled,0,0,2,800000
0xd468862ee6799de6ca9ee3fd350fb4f98e64325aedb163f644c3cd6244843f0d,benign_random_flow,benign,valid,fixed,1141000000,3423000,3423000,0,0,0,3423000,not_required,0,0,0,0
0xd468862ee6799de6ca9ee3fd350fb4f98e64325aedb163f644c3cd6244843f0d,benign_random_flow,benign,valid,volatility,1141000000,4301570,4301570,0,0,0,4301570,not_required,0,0,0,0
0xd468862ee6799de6ca9ee3fd350fb4f98e64325aedb163f644c3cd6244843f0d,benign_random_flow,benign,valid,markout,1141000000,9128000,4173778,4954222,750778,0,4173778,settled,0,0,2,800000
0xff1ab385c4bf5047be473afd7d5ae6db6e53554ee353c577032cd6158e3bf468,benign_random_flow,benign,valid,fixed,3623000000,10869000,10869000,0,0,829667,10039333,not_required,0,0,0,0
0xff1ab385c4bf5047be473afd7d5ae6db6e53554ee353c577032cd6158e3bf468,benign_random_flow,benign,valid,volatility,3623000000,13792761,13792761,0,0,829667,12963094,not_required,0,0,0,0
0xff1ab385c4bf5047be473afd7d5ae6db6e53554ee353c577032cd6158e3bf468,benign_random_flow,benign,valid,markout,3623000000,28984000,15818018,13165982,4949018,829667,14988351,settled,0,0,2,800000
0x16d388e217bbc12f0e1565097a967d6c93ea3e5af0694ae9484922347998c118,benign_random_flow,benign,valid,fixed,2287000000,6861000,6861000,0,0,0,6861000,not_required,0,0,0,0
0x16d388e217bbc12f0e1565097a967d6c93ea3e5af0694ae9484922347998c118,benign_random_flow,benign,valid,volatility,2287000000,9077103,9077103,0,0,0,9077103,not_required,0,0,0,0
0x16d388e217bbc12f0e1565097a967d6c93ea3e5af0694ae9484922347998c118,benign_random_flow,benign,valid,markout,2287000000,18296000,7862706,10433294,1001706,0,7862706,settled,0,0,2,800000
0x75c7bd763d1fd93d81f168241e9ebadd93372f4b9b11cd6052a6942cc930c57c,benign_random_flow,benign,valid,fixed,4889000000,14667000,14667000,0,0,0,14667000,not_required,0,0,0,0
0x75c7bd763d1fd93d81f168241e9ebadd93372f4b9b11cd6052a6942cc930c57c,benign_random_flow,benign,valid,volatility,4889000000,17458619,17458619,0,0,0,17458619,not_required,0,0,0,0
0x75c7bd763d1fd93d81f168241e9ebadd93372f4b9b11cd6052a6942cc930c57c,benign_random_flow,benign,valid,markout,4889000000,39112000,18587978,20524022,3920978,0,18587978,settled,0,0,2,800000
0x21178cd276c67ebb44dee45ea07fe2667e513244ac6d78e964d29228be7b05c0,benign_random_flow,benign,valid,fixed,1904000000,5712000,5712000,0,0,0,5712000,not_required,0,0,0,0
0x21178cd276c67ebb44dee45ea07fe2667e513244ac6d78e964d29228be7b05c0,benign_random_flow,benign,valid,volatility,1904000000,7271376,7271376,0,0,0,7271376,not_required,0,0,0,0
0x21178cd276c67ebb44dee45ea07fe2667e513244ac6d78e964d29228be7b05c0,benign_random_flow,benign,valid,markout,1904000000,15232000,7558880,7673120,1846880,0,7558880,settled,0,0,2,800000
0xe94f1c653ec4b4d8e6ab625ec7c580e87938b8c1eceb70d531c3b914e9589db1,benign_random_flow,benign,valid,fixed,1703000000,5109000,5109000,0,0,454701,4654299,not_required,0,0,0,0
0xe94f1c653ec4b4d8e6ab625ec7c580e87938b8c1eceb70d531c3b914e9589db1,benign_random_flow,benign,valid,volatility,1703000000,6759207,6759207,0,0,454701,6304506,not_required,0,0,0,0
0xe94f1c653ec4b4d8e6ab625ec7c580e87938b8c1eceb70d531c3b914e9589db1,benign_random_flow,benign,valid,markout,1703000000,13624000,7539181,6084819,2430181,454701,7084480,settled,0,0,2,800000
0x024e82e557ef583f44f7472b5dc93d68d3eb7894e8f7e2abba332f2982934d74,benign_random_flow,benign,valid,fixed,2166000000,6498000,6498000,0,0,0,6498000,not_required,0,0,0,0
0x024e82e557ef583f44f7472b5dc93d68d3eb7894e8f7e2abba332f2982934d74,benign_random_flow,benign,valid,volatility,2166000000,7509522,7509522,0,0,0,7509522,not_required,0,0,0,0
0x024e82e557ef583f44f7472b5dc93d68d3eb7894e8f7e2abba332f2982934d74,benign_random_flow,benign,valid,markout,2166000000,17328000,7546344,9781656,1048344,0,7546344,settled,0,0,2,800000
0x1cb4f4707c1ca36e2bfb74a4b501aa86ce329f1a9d7a814fe6a3b7c029ac4327,benign_random_flow,benign,valid,fixed,3077000000,9231000,9231000,0,0,409241,8821759,not_required,0,0,0,0
0x1cb4f4707c1ca36e2bfb74a4b501aa86ce329f1a9d7a814fe6a3b7c029ac4327,benign_random_flow,benign,valid,volatility,3077000000,10914119,10914119,0,0,409241,10504878,not_required,0,0,0,0
0x1cb4f4707c1ca36e2bfb74a4b501aa86ce329f1a9d7a814fe6a3b7c029ac4327,benign_random_flow,benign,valid,markout,3077000000,24616000,12961862,11654138,3730862,409241,12552621,settled,0,0,2,800000
0x9dbcd8adfcc892e0d4b47ecc29d472968e05afa58bedfd34e3b71c36c6a9fdc7,benign_random_flow,benign,valid,fixed,1510000000,4530000,4530000,0,0,0,4530000,not_required,0,0,0,0
0x9dbcd8adfcc892e0d4b47ecc29d472968e05afa58bedfd34e3b71c36c6a9fdc7,benign_random_flow,benign,valid,volatility,1510000000,5442040,5442040,0,0,0,5442040,not_required,0,0,0,0
0x9dbcd8adfcc892e0d4b47ecc29d472968e05afa58bedfd34e3b71c36c6a9fdc7,benign_random_flow,benign,valid,markout,1510000000,12080000,4530000,7550000,0,0,4530000,settled,0,0,2,800000
0xc4a9b3cbbe037da897c9f269ba03e65b5a2a2c5affb8ef898cd4bc9039e37577,benign_random_flow,benign,valid,fixed,3923000000,11769000,11769000,0,0,1682967,10086033,not_required,0,0,0,0
0xc4a9b3cbbe037da897c9f269ba03e65b5a2a2c5affb8ef898cd4bc9039e37577,benign_random_flow,benign,valid,volatility,3923000000,14785787,14785787,0,0,1682967,13102820,not_required,0,0,0,0
0xc4a9b3cbbe037da897c9f269ba03e65b5a2a2c5affb8ef898cd4bc9039e37577,benign_random_flow,benign,valid,markout,3923000000,31384000,18383178,13000822,6614178,1682967,16700211,settled,0,0,2,800000
0x2c066b4318a37b060dec8537c917245fa17a2d35a21b6988a48e79cd84b5813c,benign_random_flow,benign,valid,fixed,542000000,1626000,1626000,0,0,0,1626000,not_required,0,0,0,0
0x2c066b4318a37b060dec8537c917245fa17a2d35a21b6988a48e79cd84b5813c,benign_random_flow,benign,valid,volatility,542000000,2056890,2056890,0,0,0,2056890,not_required,0,0,0,0
0x2c066b4318a37b060dec8537c917245fa17a2d35a21b6988a48e79cd84b5813c,benign_random_flow,benign,valid,markout,542000000,4336000,1626000,2710000,0,0,1626000,settled,0,0,2,800000
0x6564371a325a945c2e0aa1deb678db226a060c2014a4a9be44db434f457e756b,benign_random_flow,benign,valid,fixed,1760000000,5280000,5280000,0,0,0,5280000,not_required,0,0,0,0
0x6564371a325a945c2e0aa1deb678db226a060c2014a4a9be44db434f457e756b,benign_random_flow,benign,valid,volatility,1760000000,6573600,6573600,0,0,0,6573600,not_required,0,0,0,0
0x6564371a325a945c2e0aa1deb678db226a060c2014a4a9be44db434f457e756b,benign_random_flow,benign,valid,markout,1760000000,14080000,5280000,8800000,0,0,5280000,settled,0,0,2,800000
0x757e39e9efac4365b719d4edd5c1550fb95d43cf80fcc154ccf89729290f8305,benign_random_flow,benign,valid,fixed,241000000,723000,723000,0,0,106040,616960,not_required,0,0,0,0
0x757e39e9efac4365b719d4edd5c1550fb95d43cf80fcc154ccf89729290f8305,benign_random_flow,benign,valid,volatility,241000000,992679,992679,0,0,106040,886639,not_required,0,0,0,0
0x757e39e9efac4365b719d4edd5c1550fb95d43cf80fcc154ccf89729290f8305,benign_random_flow,benign,valid,markout,241000000,1928000,1133664,794336,410664,106040,1027624,settled,0,0,2,800000
0x07b941d146b940f2ecba63ba5ee55a0c71e313af2877643e3747b400c83e0b65,benign_random_flow,benign,valid,fixed,1913000000,5739000,5739000,0,0,0,5739000,not_required,0,0,0,0
0x07b941d146b940f2ecba63ba5ee55a0c71e313af2877643e3747b400c83e0b65,benign_random_flow,benign,valid,volatility,1913000000,6705065,6705065,0,0,0,6705065,not_required,0,0,0,0
0x07b941d146b940f2ecba63ba5ee55a0c71e313af2877643e3747b400c83e0b65,benign_random_flow,benign,valid,markout,1913000000,15304000,5895866,9408134,156866,0,5895866,settled,0,0,2,800000
0x05187e710aee719a046cae7e2b354725bf23b12422f8c6ae8dfbe07715e7f49f,benign_random_flow,benign,valid,fixed,1927000000,5781000,5781000,0,0,0,5781000,not_required,0,0,0,0
0x05187e710aee719a046cae7e2b354725bf23b12422f8c6ae8dfbe07715e7f49f,benign_random_flow,benign,valid,volatility,1927000000,6763770,6763770,0,0,0,6763770,not_required,0,0,0,0
0x05187e710aee719a046cae7e2b354725bf23b12422f8c6ae8dfbe07715e7f49f,benign_random_flow,benign,valid,markout,1927000000,15416000,6956470,8459530,1175470,0,6956470,settled,0,0,2,800000
0x659633a6ad529c1da927ceba1e77158e064846db2dcb234b351433b4311eef1f,benign_random_flow,benign,valid,fixed,1077000000,3231000,3231000,0,0,648354,2582646,not_required,0,0,0,0
0x659633a6ad529c1da927ceba1e77158e064846db2dcb234b351433b4311eef1f,benign_random_flow,benign,valid,volatility,1077000000,4146450,4146450,0,0,648354,3498096,not_required,0,0,0,0
0x659633a6ad529c1da927ceba1e77158e064846db2dcb234b351433b4311eef1f,benign_random_flow,benign,valid,markout,1077000000,8616000,5345151,3270849,2114151,648354,4696797,settled,0,0,2,800000
0x13f777fefe8701e1cb6e2f9f8ded46e2506497ba08bb426da3ddbe2819452ce4,benign_random_flow,benign,valid,fixed,4433000000,13299000,13299000,0,0,0,13299000,not_required,0,0,0,0
0x13f777fefe8701e1cb6e2f9f8ded46e2506497ba08bb426da3ddbe2819452ce4,benign_random_flow,benign,valid,volatility,4433000000,17638907,17638907,0,0,0,17638907,not_required,0,0,0,0
0x13f777fefe8701e1cb6e2f9f8ded46e2506497ba08bb426da3ddbe2819452ce4,benign_random_flow,benign,valid,markout,4433000000,35464000,14159002,21304998,860002,0,14159002,settled,0,0,2,800000
0x19110de4bc8e73ed3b0418487a7f15837b4fdec9473131d261c54593270b0ab7,benign_random_flow,benign,valid,fixed,1046000000,3138000,3138000,0,0,392250,2745750,not_required,0,0,0,0
0x19110de4bc8e73ed3b0418487a7f15837b4fdec9473131d261c54593270b0ab7,benign_random_flow,benign,valid,volatility,1046000000,4175632,4175632,0,0,392250,3783382,not_required,0,0,0,0
0x19110de4bc8e73ed3b0418487a7f15837b4fdec9473131d261c54593270b0ab7,benign_random_flow,benign,valid,markout,1046000000,8368000,4811600,3556400,1673600,392250,4419350,settled,0,0,2,800000
0x9cfa690e05cdc94224b69f9a70e8d62ea06d9528e641d1f77124dbc3cc7b6274,benign_random_flow,benign,valid,fixed,778000000,2334000,2334000,0,0,0,2334000,not_required,0,0,0,0
0x9cfa690e05cdc94224b69f9a70e8d62ea06d9528e641d1f77124dbc3cc7b6274,benign_random_flow,benign,valid,volatility,778000000,2698882,2698882,0,0,0,2698882,not_required,0,0,0,0
0x9cfa690e05cdc94224b69f9a70e8d62ea06d9528e641d1f77124dbc3cc7b6274,benign_random_flow,benign,valid,markout,778000000,6224000,2708996,3515004,374996,0,2708996,settled,0,0,2,800000
0x199b0b6c5588c66bd0068041b1927c4622e74ece311251f85d4941856694f1ad,benign_random_flow,benign,valid,fixed,2195000000,6585000,6585000,0,0,0,6585000,not_required,0,0,0,0
0x199b0b6c5588c66bd0068041b1927c4622e74ece311251f85d4941856694f1ad,benign_random_flow,benign,valid,volatility,2195000000,8810730,8810730,0,0,0,8810730,not_required,0,0,0,0
0x199b0b6c5588c66bd0068041b1927c4622e74ece311251f85d4941856694f1ad,benign_random_flow,benign,valid,markout,2195000000,17560000,6585000,10975000,0,0,6585000,settled,0,0,2,800000
0xcabbce81e1f67561adc8740b78dbe481cb26dd48746b69c9c11b80ec7d975e6a,benign_random_flow,benign,valid,fixed,2184000000,6552000,6552000,0,0,1015560,5536440,not_required,0,0,0,0
0xcabbce81e1f67561adc8740b78dbe481cb26dd48746b69c9c11b80ec7d975e6a,benign_random_flow,benign,valid,volatility,2184000000,7785960,7785960,0,0,1015560,6770400,not_required,0,0,0,0
0xcabbce81e1f67561adc8740b78dbe481cb26dd48746b69c9c11b80ec7d975e6a,benign_random_flow,benign,valid,markout,2184000000,17472000,10360896,7111104,3808896,1015560,9345336,settled,0,0,2,800000
0x716ce1d8b701b61d917e0e3d4a16cbe1cb9239543c37fa93e941f4631c190f12,benign_random_flow,benign,valid,fixed,4846000000,14538000,14538000,0,0,0,14538000,not_required,0,0,0,0
0x716ce1d8b701b61d917e0e3d4a16cbe1cb9239543c37fa93e941f4631c190f12,benign_random_flow,benign,valid,volatility,4846000000,17964122,17964122,0,0,0,17964122,not_required,0,0,0,0
0x716ce1d8b701b61d917e0e3d4a16cbe1cb9239543c37fa93e941f4631c190f12,benign_random_flow,benign,valid,markout,4846000000,38768000,17629748,21138252,3091748,0,17629748,settled,0,0,2,800000
0xaeeb503088f19a0ab37d6c156bdba94efda0c5c8b1aedec3f8a7e6b86f604a6c,benign_random_flow,benign,valid,fixed,2182000000,6546000,6546000,0,0,0,6546000,not_required,0,0,0,0
0xaeeb503088f19a0ab37d6c156bdba94efda0c5c8b1aedec3f8a7e6b86f604a6c,benign_random_flow,benign,valid,volatility,2182000000,8389790,8389790,0,0,0,8389790,not_required,0,0,0,0
0xaeeb503088f19a0ab37d6c156bdba94efda0c5c8b1aedec3f8a7e6b86f604a6c,benign_random_flow,benign,valid,markout,2182000000,17456000,7388252,10067748,842252,0,7388252,settled,0,0,2,800000
0x6ff3330cb632d603317dcfc738a95f6e15110157b649e60c76a1cbcf6288426c,benign_random_flow,benign,valid,fixed,1460000000,4380000,4380000,0,0,0,4380000,not_required,0,0,0,0
0x6ff3330cb632d603317dcfc738a95f6e15110157b649e60c76a1cbcf6288426c,benign_random_flow,benign,valid,volatility,1460000000,5553840,5553840,0,0,0,5553840,not_required,0,0,0,0
0x6ff3330cb632d603317dcfc738a95f6e15110157b649e60c76a1cbcf6288426c,benign_random_flow,benign,valid,markout,1460000000,11680000,5729040,5950960,1349040,0,5729040,settled,0,0,2,800000
0xa9bb2838732ff353c2b41a17832d02f86db4f8e848a027e1e4286db6dd39b1ad,benign_random_flow,benign,valid,fixed,4528000000,13584000,13584000,0,0,0,13584000,not_required,0,0,0,0
0xa9bb2838732ff353c2b41a17832d02f86db4f8e848a027e1e4286db6dd39b1ad,benign_random_flow,benign,valid,volatility,4528000000,17496192,17496192,0,0,0,17496192,not_required,0,0,0,0
0xa9bb2838732ff353c2b41a17832d02f86db4f8e848a027e1e4286db6dd39b1ad,benign_random_flow,benign,valid,markout,4528000000,36224000,13584000,22640000,0,0,13584000,settled,0,0,2,800000
0x3e7093e582673662d82d903f8af719c8046b18e838b9ff0abad6303510cd7880,benign_random_flow,benign,valid,fixed,3657000000,10971000,10971000,0,0,0,10971000,not_required,0,0,0,0
0x3e7093e582673662d82d903f8af719c8046b18e838b9ff0abad6303510cd7880,benign_random_flow,benign,valid,volatility,3657000000,12378945,12378945,0,0,0,12378945,not_required,0,0,0,0
0x3e7093e582673662d82d903f8af719c8046b18e838b9ff0abad6303510cd7880,benign_random_flow,benign,valid,markout,3657000000,29256000,11300130,17955870,329130,0,11300130,settled,0,0,2,800000
0x02e5cf85a6e2cff3bdcf4d9ee1e589d8c9fff760c61c6de3a840201c5a7c8044,benign_random_flow,benign,valid,fixed,292000000,876000,876000,0,0,210532,665468,not_required,0,0,0,0
0x02e5cf85a6e2cff3bdcf4d9ee1e589d8c9fff760c61c6de3a840201c5a7c8044,benign_random_flow,benign,valid,volatility,292000000,1074560,1074560,0,0,210532,864028,not_required,0,0,0,0
0x02e5cf85a6e2cff3bdcf4d9ee1e589d8c9fff760c61c6de3a840201c5a7c8044,benign_random_flow,benign,valid,markout,292000000,2336000,1504822,831178,628822,210532,1294290,settled,0,0,2,800000
0x8b77e117b4342ef2eb7a998b92c239809911498113f915e2ec658f8ef8609616,benign_random_flow,benign,valid,fixed,4274000000,12822000,12822000,0,0,0,12822000,not_required,0,0,0,0
0x8b77e117b4342ef2eb7a998b92c239809911498113f915e2ec658f8ef8609616,benign_random_flow,benign,valid,volatility,4274000000,15989034,15989034,0,0,0,15989034,not_required,0,0,0,0
0x8b77e117b4342ef2eb7a998b92c239809911498113f915e2ec658f8ef8609616,benign_random_flow,benign,valid,markout,4274000000,34192000,14232420,19959580,1410420,0,14232420,settled,0,0,2,800000
0xb534cd12b7600cd80a795df03764f7d07d1adde77aca477b6878819034185dbe,benign_random_flow,benign,valid,fixed,470000000,1410000,1410000,0,0,0,1410000,not_required,0,0,0,0
0xb534cd12b7600cd80a795df03764f7d07d1adde77aca477b6878819034185dbe,benign_random_flow,benign,valid,volatility,470000000,1793520,1793520,0,0,0,1793520,not_required,0,0,0,0
0xb534cd12b7600cd80a795df03764f7d07d1adde77aca477b6878819034185dbe,benign_random_flow,benign,valid,markout,470000000,3760000,1410000,2350000,0,0,1410000,settled,0,0,2,800000
0x1e36cbf17a364566a5029b501df274f4c9e4173735aa6ea201f7a376f8561b6c,benign_random_flow,benign,valid,fixed,3659000000,10977000,10977000,0,0,0,10977000,not_required,0,0,0,0
0x1e36cbf17a364566a5029b501df274f4c9e4173735aa6ea201f7a376f8561b6c,benign_random_flow,benign,valid,volatility,3659000000,12491826,12491826,0,0,0,12491826,not_required,0,0,0,0
0x1e36cbf17a364566a5029b501df274f4c9e4173735aa6ea201f7a376f8561b6c,benign_random_flow,benign,valid,markout,3659000000,29272000,10977000,18295000,0,0,10977000,settled,0,0,2,800000
0x231b9269518a7658592f141da6c6206050075390f7c96c9c7393dd9e2fb8a67e,benign_random_flow,benign,valid,fixed,4651000000,13953000,13953000,0,0,0,13953000,not_required,0,0,0,0
0x231b9269518a7658592f141da6c6206050075390f7c96c9c7393dd9e2fb8a67e,benign_random_flow,benign,valid,volatility,4651000000,18534235,18534235,0,0,0,18534235,not_required,0,0,0,0
0x231b9269518a7658592f141da6c6206050075390f7c96c9c7393dd9e2fb8a67e,benign_random_flow,benign,valid,markout,4651000000,37208000,15543642,21664358,1590642,0,15543642,settled,0,0,2,800000
0xb346de18c4b61318506ec9db5414b5d01c4797b47098c7cd7da777f2646af965,benign_random_flow,benign,valid,fixed,4176000000,12528000,12528000,0,0,2242512,10285488,not_required,0,0,0,0
0xb346de18c4b61318506ec9db5414b5d01c4797b47098c7cd7da777f2646af965,benign_random_flow,benign,valid,volatility,4176000000,16699824,16699824,0,0,2242512,14457312,not_required,0,0,0,0
0xb346de18c4b61318506ec9db5414b5d01c4797b47098c7cd7da777f2646af965,benign_random_flow,benign,valid,markout,4176000000,33408000,20291184,13116816,7763184,2242512,18048672,settled,0,0,2,800000
0x8253eab6a6dd636f5f4ea5442216e6b4ad15f610884bf7c95f4a8b2a168cefb0,benign_random_flow,benign,valid,fixed,3839000000,11517000,11517000,0,0,399256,11117744,not_required,0,0,0,0
0x8253eab6a6dd636f5f4ea5442216e6b4ad15f610884bf7c95f4a8b2a168cefb0,benign_random_flow,benign,valid,volatility,3839000000,13624611,13624611,0,0,399256,13225355,not_required,0,0,0,0
0x8253eab6a6dd636f5f4ea5442216e6b4ad15f610884bf7c95f4a8b2a168cefb0,benign_random_flow,benign,valid,markout,3839000000,30712000,15993274,14718726,4476274,399256,15594018,settled,0,0,2,800000
0x68f85347ee50898d82569cdb0702595e72aa0ae218492e422a3571eaa446e264,benign_random_flow,benign,valid,fixed,257000000,771000,771000,0,0,0,771000,not_required,0,0,0,0
0x68f85347ee50898d82569cdb0702595e72aa0ae218492e422a3571eaa446e264,benign_random_flow,benign,valid,volatility,257000000,941648,941648,0,0,0,941648,not_required,0,0,0,0
0x68f85347ee50898d82569cdb0702595e72aa0ae218492e422a3571eaa446e264,benign_random_flow,benign,valid,markout,257000000,2056000,859408,1196592,88408,0,859408,settled,0,0,2,800000
0xad7d9a9544a0f3d34968306e1fdaf3c9ee7ab9c090d44512a1debc7775158854,benign_random_flow,benign,valid,fixed,3926000000,11778000,11778000,0,0,0,11778000,not_required,0,0,0,0
0xad7d9a9544a0f3d34968306e1fdaf3c9ee7ab9c090d44512a1debc7775158854,benign_random_flow,benign,valid,volatility,3926000000,16025932,16025932,0,0,0,16025932,not_required,0,0,0,0
0xad7d9a9544a0f3d34968306e1fdaf3c9ee7ab9c090d44512a1debc7775158854,benign_random_flow,benign,valid,markout,3926000000,31408000,12147044,19260956,369044,0,12147044,settled,0,0,2,800000
0x64bc0ad2a674c6170af593a8d7c511dbd482092e029d22897451102e80b165de,benign_random_flow,benign,valid,fixed,3154000000,9462000,9462000,0,0,0,9462000,not_required,0,0,0,0
0x64bc0ad2a674c6170af593a8d7c511dbd482092e029d22897451102e80b165de,benign_random_flow,benign,valid,volatility,3154000000,10925456,10925456,0,0,0,10925456,not_required,0,0,0,0
0x64bc0ad2a674c6170af593a8d7c511dbd482092e029d22897451102e80b165de,benign_random_flow,benign,valid,markout,3154000000,25232000,10521744,14710256,1059744,0,10521744,settled,0,0,2,800000
0xbfe9d08bfd29ccd6ee20714273d5f3fb38b6c3a79ba32fb043098576e31c4745,benign_random_flow,benign,valid,fixed,3791000000,11373000,11373000,0,0,0,11373000,not_required,0,0,0,0
0xbfe9d08bfd29ccd6ee20714273d5f3fb38b6c3a79ba32fb043098576e31c4745,benign_random_flow,benign,valid,volatility,3791000000,15019942,15019942,0,0,0,15019942,not_required,0,0,0,0
0xbfe9d08bfd29ccd6ee20714273d5f3fb38b6c3a79ba32fb043098576e31c4745,benign_random_flow,benign,valid,markout,3791000000,30328000,12874236,17453764,1501236,0,12874236,settled,0,0,2,800000
0x9aa456406f759963168541b58bb15b857d28e73574fc988c9347cc6f64ac7470,benign_random_flow,benign,valid,fixed,2171000000,6513000,6513000,0,0,1422005,5090995,not_required,0,0,0,0
0x9aa456406f759963168541b58bb15b857d28e73574fc988c9347cc6f64ac7470,benign_random_flow,benign,valid,volatility,2171000000,8803405,8803405,0,0,1422005,7381400,not_required,0,0,0,0
0x9aa456406f759963168541b58bb15b857d28e73574fc988c9347cc6f64ac7470,benign_random_flow,benign,valid,markout,2171000000,17368000,10959208,6408792,4446208,1422005,9537203,settled,0,0,2,800000
0xf07751d0bc8552c942282db6d7a546642216411b5320bbb5bc4c54d3a235d21c,benign_random_flow,benign,valid,fixed,3325000000,9975000,9975000,0,0,0,9975000,not_required,0,0,0,0
0xf07751d0bc8552c942282db6d7a546642216411b5320bbb5bc4c54d3a235d21c,benign_random_flow,benign,valid,volatility,3325000000,12073075,12073075,0,0,0,12073075,not_required,0,0,0,0
0xf07751d0bc8552c942282db6d7a546642216411b5320bbb5bc4c54d3a235d21c,benign_random_flow,benign,valid,markout,3325000000,26600000,9975000,16625000,0,0,9975000,settled,0,0,2,800000
0xa02ab7ec2387423ff0e23746a1ab009d7764d7fac9e4adf47b6b6b545901eb14,benign_random_flow,benign,valid,fixed,4574000000,13722000,13722000,0,0,0,13722000,not_required,0,0,0,0
0xa02ab7ec2387423ff0e23746a1ab009d7764d7fac9e4adf47b6b6b545901eb14,benign_random_flow,benign,valid,volatility,4574000000,18332592,18332592,0,0,0,18332592,not_required,0,0,0,0
0xa02ab7ec2387423ff0e23746a1ab009d7764d7fac9e4adf47b6b6b545901eb14,benign_random_flow,benign,valid,markout,4574000000,36592000,13722000,22870000,0,0,13722000,settled,0,0,2,800000
0x588c69de53da8b82eae83c6203db54679ec02a3cb96b75ab99d42beb465fceee,benign_random_flow,benign,valid,fixed,3236000000,9708000,9708000,0,0,0,9708000,not_required,0,0,0,0
0x588c69de53da8b82eae83c6203db54679ec02a3cb96b75ab99d42beb465fceee,benign_random_flow,benign,valid,volatility,3236000000,12267676,12267676,0,0,0,12267676,not_required,0,0,0,0
0x588c69de53da8b82eae83c6203db54679ec02a3cb96b75ab99d42beb465fceee,benign_random_flow,benign,valid,markout,3236000000,25888000,9708000,16180000,0,0,9708000,settled,0,0,2,800000
0xff40f5cc21cf64652cff69e0016388883940cea53c358ae7d7ca27fe3f7cbef3,benign_random_flow,benign,valid,fixed,1157000000,3471000,3471000,0,0,0,3471000,not_required,0,0,0,0
0xff40f5cc21cf64652cff69e0016388883940cea53c358ae7d7ca27fe3f7cbef3,benign_random_flow,benign,valid,volatility,1157000000,4534283,4534283,0,0,0,4534283,not_required,0,0,0,0
0xff40f5cc21cf64652cff69e0016388883940cea53c358ae7d7ca27fe3f7cbef3,benign_random_flow,benign,valid,markout,1157000000,9256000,3471000,5785000,0,0,3471000,settled,0,0,2,800000
0xb84d551a06599089866ae6a94a6d8d77aa4d41d093857c903618f47326824d5e,benign_random_flow,benign,valid,fixed,1096000000,3288000,3288000,0,0,0,3288000,not_required,0,0,0,0
0xb84d551a06599089866ae6a94a6d8d77aa4d41d093857c903618f47326824d5e,benign_random_flow,benign,valid,volatility,1096000000,4504560,4504560,0,0,0,4504560,not_required,0,0,0,0
0xb84d551a06599089866ae6a94a6d8d77aa4d41d093857c903618f47326824d5e,benign_random_flow,benign,valid,markout,1096000000,8768000,4162608,4605392,874608,0,4162608,settled,0,0,2,800000
0xc48ee4942c56cae1912b939aafcf938efa70718e3f677e16b938ebd0e612039b,benign_random_flow,benign,valid,fixed,4156000000,12468000,12468000,0,0,16624,12451376,not_required,0,0,0,0
0xc48ee4942c56cae1912b939aafcf938efa70718e3f677e16b938ebd0e612039b,benign_random_flow,benign,valid,volatility,4156000000,14130400,14130400,0,0,16624,14113776,not_required,0,0,0,0
0xc48ee4942c56cae1912b939aafcf938efa70718e3f677e16b938ebd0e612039b,benign_random_flow,benign,valid,markout,4156000000,33248000,16648936,16599064,4180936,16624,16632312,settled,0,0,2,800000
0x1d0735ae502551bce3b33d413b7ebfe401db5942a96caa023dfb3a51d9ab078f,benign_random_flow,benign,valid,fixed,861000000,2583000,2583000,0,0,198030,2384970,not_required,0,0,0,0
0x1d0735ae502551bce3b33d413b7ebfe401db5942a96caa023dfb3a51d9ab078f,benign_random_flow,benign,valid,volatility,861000000,3251997,3251997,0,0,198030,3053967,not_required,0,0,0,0
0x1d0735ae502551bce3b33d413b7ebfe401db5942a96caa023dfb3a51d9ab078f,benign_random_flow,benign,valid,markout,861000000,6888000,3760848,3127152,1177848,198030,3562818,settled,0,0,2,800000
0x6ac20f722663cee9b3c8e042b033d77efd29feeb226537b1b89c673707b4dcb9,benign_random_flow,benign,valid,fixed,4611000000,13833000,13833000,0,0,0,13833000,not_required,0,0,0,0
0x6ac20f722663cee9b3c8e042b033d77efd29feeb226537b1b89c673707b4dcb9,benign_random_flow,benign,valid,volatility,4611000000,15797286,15797286,0,0,0,15797286,not_required,0,0,0,0
0x6ac20f722663cee9b3c8e042b033d77efd29feeb226537b1b89c673707b4dcb9,benign_random_flow,benign,valid,markout,4611000000,36888000,13833000,23055000,0,0,13833000,settled,0,0,2,800000
0xab374f4076ef5745f2833e4561f95859f26a85fd015dfd66846c03d52bdc05d5,benign_random_flow,benign,valid,fixed,2172000000,6516000,6516000,0,0,1261932,5254068,not_required,0,0,0,0
0xab374f4076ef5745f2833e4561f95859f26a85fd015dfd66846c03d52bdc05d5,benign_random_flow,benign,valid,volatility,2172000000,8518584,8518584,0,0,1261932,7256652,not_required,0,0,0,0
0xab374f4076ef5745f2833e4561f95859f26a85fd015dfd66846c03d52bdc05d5,benign_random_flow,benign,valid,markout,2172000000,17376000,10706874,6669126,4190874,1261932,9444942,settled,0,0,2,800000
0x69503e8d6fe635174bd4e77894536a4d19eb8b53f0cdfef27c10825d0c021cfb,benign_random_flow,benign,valid,fixed,1603000000,4809000,4809000,0,0,0,4809000,not_required,0,0,0,0
0x69503e8d6fe635174bd4e77894536a4d19eb8b53f0cdfef27c10825d0c021cfb,benign_random_flow,benign,valid,volatility,1603000000,6395970,6395970,0,0,0,6395970,not_required,0,0,0,0
0x69503e8d6fe635174bd4e77894536a4d19eb8b53f0cdfef27c10825d0c021cfb,benign_random_flow,benign,valid,markout,1603000000,12824000,4809000,8015000,0,0,4809000,settled,0,0,2,800000
0xf30e8e87b09275e6af18fe5f863e60137ad09f57cab98e9511e8a3f0a5dafcb4,benign_random_flow,benign,valid,fixed,521000000,1563000,1563000,0,0,222988,1340012,not_required,0,0,0,0
0xf30e8e87b09275e6af18fe5f863e60137ad09f57cab98e9511e8a3f0a5dafcb4,benign_random_flow,benign,valid,volatility,521000000,2050656,2050656,0,0,222988,1827668,not_required,0,0,0,0
0xf30e8e87b09275e6af18fe5f863e60137ad09f57cab98e9511e8a3f0a5dafcb4,benign_random_flow,benign,valid,markout,521000000,4168000,2440624,1727376,877624,222988,2217636,settled,0,0,2,800000
0x1bedc7fae0270e707a5625c2b0494a3324c23b7267139836ee97f3b4595e6306,benign_random_flow,benign,valid,fixed,181000000,543000,543000,0,0,41087,501913,not_required,0,0,0,0
0x1bedc7fae0270e707a5625c2b0494a3324c23b7267139836ee97f3b4595e6306,benign_random_flow,benign,valid,volatility,181000000,644541,644541,0,0,41087,603454,not_required,0,0,0,0
0x1bedc7fae0270e707a5625c2b0494a3324c23b7267139836ee97f3b4595e6306,benign_random_flow,benign,valid,markout,181000000,1448000,789703,658297,246703,41087,748616,settled,0,0,2,800000
0x005c46d9fc4a80297992a4af1c1dc02fc30899c702ef508efea33da31ee79aa4,benign_random_flow,benign,valid,fixed,3229000000,9687000,9687000,0,0,2499246,7187754,not_required,0,0,0,0
0x005c46d9fc4a80297992a4af1c1dc02fc30899c702ef508efea33da31ee79aa4,benign_random_flow,benign,valid,volatility,3229000000,12405818,12405818,0,0,2499246,9906572,not_required,0,0,0,0
0x005c46d9fc4a80297992a4af1c1dc02fc30899c702ef508efea33da31ee79aa4,benign_random_flow,benign,valid,markout,3229000000,25832000,16913502,8918498,7226502,2499246,14414256,settled,0,0,2,800000
0x4ce33baa9b9e6cd549e6320dd731e4914511b2ce1e9eb73e38c3bc79a94c448b,benign_random_flow,benign,valid,fixed,2801000000,8403000,8403000,0,0,1100793,7302207,not_required,0,0,0,0
0x4ce33baa9b9e6cd549e6320dd731e4914511b2ce1e9eb73e38c3bc79a94c448b,benign_random_flow,benign,valid,volatility,2801000000,9674654,9674654,0,0,1100793,8573861,not_required,0,0,0,0
0x4ce33baa9b9e6cd549e6320dd731e4914511b2ce1e9eb73e38c3bc79a94c448b,benign_random_flow,benign,valid,markout,2801000000,22408000,12964428,9443572,4561428,1100793,11863635,settled,0,0,2,800000
0x54ddcc832b626408562be833e835711ee73a14c1ac1559aa17f78528bf1c2c21,benign_random_flow,benign,valid,fixed,4332000000,12996000,12996000,0,0,129960,12866040,not_required,0,0,0,0
0x54ddcc832b626408562be833e835711ee73a14c1ac1559aa17f78528bf1c2c21,benign_random_flow,benign,valid,volatility,4332000000,17276016,17276016,0,0,129960,17146056,not_required,0,0,0,0
0x54ddcc832b626408562be833e835711ee73a14c1ac1559aa17f78528bf1c2c21,benign_random_flow,benign,valid,markout,4332000000,34656000,17535936,17120064,4539936,129960,17405976,settled,0,0,2,800000
0x70d068808f2867f9de4be79fd9910033010d3410402cdeddcf931977d02b3703,benign_random_flow,benign,valid,fixed,960000000,2880000,2880000,0,0,0,2880000,not_required,0,0,0,0
0x70d068808f2867f9de4be79fd9910033010d3410402cdeddcf931977d02b3703,benign_random_flow,benign,valid,volatility,960000000,3334080,3334080,0,0,0,3334080,not_required,0,0,0,0
0x70d068808f2867f9de4be79fd9910033010d3410402cdeddcf931977d02b3703,benign_random_flow,benign,valid,markout,960000000,7680000,3396480,4283520,516480,0,3396480,settled,0,0,2,800000
0xb691bc53c43018776da3e65e61a11c42dc8231eaa9d911fc1477baadaffcbd82,benign_random_flow,benign,valid,fixed,3992000000,11976000,11976000,0,0,0,11976000,not_required,0,0,0,0
0xb691bc53c43018776da3e65e61a11c42dc8231eaa9d911fc1477baadaffcbd82,benign_random_flow,benign,valid,volatility,3992000000,14574792,14574792,0,0,0,14574792,not_required,0,0,0,0
0xb691bc53c43018776da3e65e61a11c42dc8231eaa9d911fc1477baadaffcbd82,benign_random_flow,benign,valid,markout,3992000000,31936000,11976000,19960000,0,0,11976000,settled,0,0,2,800000
0x8f438b13295407f84d2981632425a709ef9ae477dbd38144f36296fb960e85ca,benign_random_flow,benign,valid,fixed,4033000000,12099000,12099000,0,0,1000184,11098816,not_required,0,0,0,0
0x8f438b13295407f84d2981632425a709ef9ae477dbd38144f36296fb960e85ca,benign_random_flow,benign,valid,volatility,4033000000,14002576,14002576,0,0,1000184,13002392,not_required,0,0,0,0
0x8f438b13295407f84d2981632425a709ef9ae477dbd38144f36296fb960e85ca,benign_random_flow,benign,valid,markout,4033000000,32264000,17731084,14532916,5632084,1000184,16730900,settled,0,0,2,800000
0x17377b8eca54463f645bcc703bc4b522cae514ba9f2d7d06f232faf15ac2d80c,benign_random_flow,benign,valid,fixed,2688000000,8064000,8064000,0,0,0,8064000,not_required,0,0,0,0
0x17377b8eca54463f645bcc703bc4b522cae514ba9f2d7d06f232faf15ac2d80c,benign_random_flow,benign,valid,volatility,2688000000,10953600,10953600,0,0,0,10953600,not_required,0,0,0,0
0x17377b8eca54463f645bcc703bc4b522cae514ba9f2d7d06f232faf15ac2d80c,benign_random_flow,benign,valid,markout,2688000000,21504000,10128384,11375616,2064384,0,10128384,settled,0,0,2,800000
0xca97a77c884e8129003a6ea1c64776fe62989901c94c7c8575c5ea491cac22c7,informed_flow,informed,valid,fixed,4894000000,14682000,14682000,0,0,8603652,6078348,not_required,0,0,0,0
0xca97a77c884e8129003a6ea1c64776fe62989901c94c7c8575c5ea491cac22c7,informed_flow,informed,valid,volatility,4894000000,22727736,22727736,0,0,8603652,14124084,not_required,0,0,0,0
0xca97a77c884e8129003a6ea1c64776fe62989901c94c7c8575c5ea491cac22c7,informed_flow,informed,valid,markout,4894000000,39152000,33340375,5811625,18658375,8603652,24736723,settled,0,0,2,800000
0x7f6237e50f9d8c77cb815dfae43d31c4058d2b74e114c5f1000d266981eb12de,informed_flow,informed,valid,fixed,2349000000,7047000,7047000,0,0,9360765,-2313765,not_required,0,0,0,0
0x7f6237e50f9d8c77cb815dfae43d31c4058d2b74e114c5f1000d266981eb12de,informed_flow,informed,valid,volatility,2349000000,10347345,10347345,0,0,9360765,986580,not_required,0,0,0,0
0x7f6237e50f9d8c77cb815dfae43d31c4058d2b74e114c5f1000d266981eb12de,informed_flow,informed,valid,markout,2349000000,18792000,18792000,0,11745000,9360765,9431235,settled,0,0,2,800000
0x020f24b43118faea9b08c9345316b52c44713685a411f2768ad0ccf146f9ccdb,informed_flow,informed,valid,fixed,1391000000,4173000,4173000,0,0,4662632,-489632,not_required,0,0,0,0
0x020f24b43118faea9b08c9345316b52c44713685a411f2768ad0ccf146f9ccdb,informed_flow,informed,valid,volatility,1391000000,5885321,5885321,0,0,4662632,1222689,not_required,0,0,0,0
0x020f24b43118faea9b08c9345316b52c44713685a411f2768ad0ccf146f9ccdb,informed_flow,informed,valid,markout,1391000000,11128000,11128000,0,6955000,4662632,6465368,settled,0,0,2,800000
0x883cc9bdbfc8148f15003f4630c9ada4c803dbec7b2c167f0dfb9ebcb95fa569,informed_flow,informed,valid,fixed,1072000000,3216000,3216000,0,0,4695360,-1479360,not_required,0,0,0,0
0x883cc9bdbfc8148f15003f4630c9ada4c803dbec7b2c167f0dfb9ebcb95fa569,informed_flow,informed,valid,volatility,1072000000,4087536,4087536,0,0,4695360,-607824,not_required,0,0,0,0
0x883cc9bdbfc8148f15003f4630c9ada4c803dbec7b2c167f0dfb9ebcb95fa569,informed_flow,informed,valid,markout,1072000000,8576000,8576000,0,5360000,4695360,3880640,settled,0,0,2,800000
0x7cde8201dd90dd0494ead38cc10dc04f82fd8eb99061368dc4ef2681f4c2ea7c,informed_flow,informed,valid,fixed,187000000,561000,561000,0,0,775863,-214863,not_required,0,0,0,0
0x7cde8201dd90dd0494ead38cc10dc04f82fd8eb99061368dc4ef2681f4c2ea7c,informed_flow,informed,valid,volatility,187000000,745943,745943,0,0,775863,-29920,not_required,0,0,0,0
0x7cde8201dd90dd0494ead38cc10dc04f82fd8eb99061368dc4ef2681f4c2ea7c,informed_flow,informed,valid,markout,187000000,1496000,1496000,0,935000,775863,720137,settled,0,0,2,800000
0x83b5e1afd79c0cb763ee7e87fac3b1c9292059aa7078c1f58a7d35844bbb0e38,informed_flow,informed,valid,fixed,2042000000,6126000,6126000,0,0,7878036,-1752036,not_required,0,0,0,0
0x83b5e1afd79c0cb763ee7e87fac3b1c9292059aa7078c1f58a7d35844bbb0e38,informed_flow,informed,valid,volatility,2042000000,9409536,9409536,0,0,7878036,1531500,not_required,0,0,0,0
0x83b5e1afd79c0cb763ee7e87fac3b1c9292059aa7078c1f58a7d35844bbb0e38,informed_flow,informed,valid,markout,2042000000,16336000,16336000,0,10210000,7878036,8457964,settled,0,0,2,800000
0x56acda9e599c07426b3aed9f48e4fd1489828755e2535dccc13d9d1aa9722baf,informed_flow,informed,valid,fixed,284000000,852000,852000,0,0,987468,-135468,not_required,0,0,0,0
0x56acda9e599c07426b3aed9f48e4fd1489828755e2535dccc13d9d1aa9722baf,informed_flow,informed,valid,volatility,284000000,1278284,1278284,0,0,987468,290816,not_required,0,0,0,0
0x56acda9e599c07426b3aed9f48e4fd1489828755e2535dccc13d9d1aa9722baf,informed_flow,informed,valid,markout,284000000,2272000,2272000,0,1420000,987468,1284532,settled,0,0,2,800000
0xfbb4e9807f3cae98810e6ca118b93a6042fcdc097fb8a9b3c4fa4b4a0790d574,informed_flow,informed,valid,fixed,2344000000,7032000,7032000,0,0,5613880,1418120,not_required,0,0,0,0
0xfbb4e9807f3cae98810e6ca118b93a6042fcdc097fb8a9b3c4fa4b4a0790d574,informed_flow,informed,valid,volatility,2344000000,11082432,11082432,0,0,5613880,5468552,not_required,0,0,0,0
0xfbb4e9807f3cae98810e6ca118b93a6042fcdc097fb8a9b3c4fa4b4a0790d574,informed_flow,informed,valid,markout,2344000000,18752000,18358208,393792,11326208,5613880,12744328,settled,0,0,2,800000
0x1d57b7c69990bafd788450d7c554eb142baba405e4d44e9652fb15d1300956bc,informed_flow,informed,valid,fixed,360000000,1080000,1080000,0,0,1464120,-384120,not_required,0,0,0,0
0x1d57b7c69990bafd788450d7c554eb142baba405e4d44e9652fb15d1300956bc,informed_flow,informed,valid,volatility,360000000,1485000,1485000,0,0,1464120,20880,not_required,0,0,0,0
0x1d57b7c69990bafd788450d7c554eb142baba405e4d44e9652fb15d1300956bc,informed_flow,informed,valid,markout,360000000,2880000,2880000,0,1800000,1464120,1415880,settled,0,0,2,800000
0x3b4994a673027c25340a707121b6ce0b0dbe1f6545a1c6d48f181dba058008ef,informed_flow,informed,valid,fixed,4387000000,13161000,13161000,0,0,12015993,1145007,not_required,0,0,0,0
0x3b4994a673027c25340a707121b6ce0b0dbe1f6545a1c6d48f181dba058008ef,informed_flow,informed,valid,volatility,4387000000,20009107,20009107,0,0,12015993,7993114,not_required,0,0,0,0
0x3b4994a673027c25340a707121b6ce0b0dbe1f6545a1c6d48f181dba058008ef,informed_flow,informed,valid,markout,4387000000,35096000,35096000,0,21935000,12015993,23080007,settled,0,0,2,800000
0x10d31d16f12fe5730aa80007945b6e23e0dce6b17518c4af6266a717ffceddd9,informed_flow,informed,valid,fixed,4490000000,13470000,13470000,0,0,16922810,-3452810,not_required,0,0,0,0
0x10d31d16f12fe5730aa80007945b6e23e0dce6b17518c4af6266a717ffceddd9,informed_flow,informed,valid,volatility,4490000000,22661030,22661030,0,0,16922810,5738220,not_required,0,0,0,0
0x10d31d16f12fe5730aa80007945b6e23e0dce6b17518c4af6266a717ffceddd9,informed_flow,informed,valid,markout,4490000000,35920000,35920000,0,22450000,16922810,18997190,settled,0,0,2,800000
0x9e765ce6a340366599b2bb3f04b63210fb25c5de199fafedfcb0790d33eeb3f4,informed_flow,informed,valid,fixed,2151000000,6453000,6453000,0,0,6962787,-509787,not_required,0,0,0,0
0x9e765ce6a340366599b2bb3f04b63210fb25c5de199fafedfcb0790d33eeb3f4,informed_flow,informed,valid,volatility,2151000000,10447407,10447407,0,0,6962787,3484620,not_required,0,0,0,0
0x9e765ce6a340366599b2bb3f04b63210fb25c5de199fafedfcb0790d33eeb3f4,informed_flow,informed,valid,markout,2151000000,17208000,17208000,0,10755000,6962787,10245213,settled,0,0,2,800000
0x1dc34219af9065232ce21fd3f2ccf38c444759c99de237910d7d3486ebbda383,informed_flow,informed,valid,fixed,1013000000,3039000,3039000,0,0,4146209,-1107209,not_required,0,0,0,0
0x1dc34219af9065232ce21fd3f2ccf38c444759c99de237910d7d3486ebbda383,informed_flow,informed,valid,volatility,1013000000,4095559,4095559,0,0,4146209,-50650,not_required,0,0,0,0
0x1dc34219af9065232ce21fd3f2ccf38c444759c99de237910d7d3486ebbda383,informed_flow,informed,valid,markout,1013000000,8104000,8104000,0,5065000,4146209,3957791,settled,0,0,2,800000
0x4b4d388a37b3e9c236791040e56be515a1b15319e182880d35b9936642c44904,informed_flow,informed,valid,fixed,2350000000,7050000,7050000,0,0,5588300,1461700,not_required,0,0,0,0
0x4b4d388a37b3e9c236791040e56be515a1b15319e182880d35b9936642c44904,informed_flow,informed,valid,volatility,2350000000,11472700,11472700,0,0,5588300,5884400,not_required,0,0,0,0
0x4b4d388a37b3e9c236791040e56be515a1b15319e182880d35b9936642c44904,informed_flow,informed,valid,markout,2350000000,18800000,18340575,459425,11290575,5588300,12752275,settled,0,0,2,800000
0xd1d990b072aa69ca2abe4306450be309b9bb0220f52f75caf975759d772a1888,informed_flow,informed,valid,fixed,2853000000,8559000,8559000,0,0,11354940,-2795940,not_required,0,0,0,0
0xd1d990b072aa69ca2abe4306450be309b9bb0220f52f75caf975759d772a1888,informed_flow,informed,valid,volatility,2853000000,11115288,11115288,0,0,11354940,-239652,not_required,0,0,0,0
0xd1d990b072aa69ca2abe4306450be309b9bb0220f52f75caf975759d772a1888,informed_flow,informed,valid,markout,2853000000,22824000,22824000,0,14265000,11354940,11469060,settled,0,0,2,800000
0x0af7e8512534a716f254a53c3af2b3a25a5a828cafae999beba0a93cc5d8bdab,informed_flow,informed,valid,fixed,3423000000,10269000,10269000,0,0,15314502,-5045502,not_required,0,0,0,0
0x0af7e8512534a716f254a53c3af2b3a25a5a828cafae999beba0a93cc5d8bdab,informed_flow,informed,valid,volatility,3423000000,15119391,15119391,0,0,15314502,-195111,not_required,0,0,0,0
0x0af7e8512534a716f254a53c3af2b3a25a5a828cafae999beba0a93cc5d8bdab,informed_flow,informed,valid,markout,3423000000,27384000,27384000,0,17115000,15314502,12069498,settled,0,0,2,800000
0x3e536c63166b5a19827d8bb83cdc40e2c0c9ee4d9f31172e567e8ce034e4b8db,informed_flow,informed,valid,fixed,2488000000,7464000,7464000,0,0,9377272,-1913272,not_required,0,0,0,0
0x3e536c63166b5a19827d8bb83cdc40e2c0c9ee4d9f31172e567e8ce034e4b8db,informed_flow,informed,valid,volatility,2488000000,12430048,12430048,0,0,9377272,3052776,not_required,0,0,0,0
0x3e536c63166b5a19827d8bb83cdc40e2c0c9ee4d9f31172e567e8ce034e4b8db,informed_flow,informed,valid,markout,2488000000,19904000,19904000,0,12440000,9377272,10526728,settled,0,0,2,800000
0x88dec048804f1d32c208aa0aff55a5e319eaa23a51fc827208ce10f0845a1aba,informed_flow,informed,valid,fixed,2493000000,7479000,7479000,0,0,5477121,2001879,not_required,0,0,0,0
0x88dec048804f1d32c208aa0aff55a5e319eaa23a51fc827208ce10f0845a1aba,informed_flow,informed,valid,volatility,2493000000,10994130,10994130,0,0,5477121,5517009,not_required,0,0,0,0
0x88dec048804f1d32c208aa0aff55a5e319eaa23a51fc827208ce10f0845a1aba,informed_flow,informed,valid,markout,2493000000,19944000,18734895,1209105,11255895,5477121,13257774,settled,0,0,2,800000
0x00f21c3932d7163e4a2e58473f36310e60bf0dcd6993901638d47391a0255cb2,informed_flow,informed,valid,fixed,1357000000,4071000,4071000,0,0,2348967,1722033,not_required,0,0,0,0
0x00f21c3932d7163e4a2e58473f36310e60bf0dcd6993901638d47391a0255cb2,informed_flow,informed,valid,volatility,1357000000,6098358,6098358,0,0,2348967,3749391,not_required,0,0,0,0
0x00f21c3932d7163e4a2e58473f36310e60bf0dcd6993901638d47391a0255cb2,informed_flow,informed,valid,markout,1357000000,10856000,9186211,1669789,5115211,2348967,6837244,settled,0,0,2,800000
0xbfbc73bab4dad4ec713bf22d3eb6b111458555cd5ef8109c7e4513ada879119d,informed_flow,informed,valid,fixed,506000000,1518000,1518000,0,0,820732,697268,not_required,0,0,0,0
0xbfbc73bab4dad4ec713bf22d3eb6b111458555cd5ef8109c7e4513ada879119d,informed_flow,informed,valid,volatility,506000000,2288132,2288132,0,0,820732,1467400,not_required,0,0,0,0
0xbfbc73bab4dad4ec713bf22d3eb6b111458555cd5ef8109c7e4513ada879119d,informed_flow,informed,valid,markout,506000000,4048000,3337070,710930,1819070,820732,2516338,settled,0,0,2,800000
0x56191a1f769292610619e9a0397a0891a00eff3c7f38284bc300e1c707569f98,informed_flow,informed,valid,fixed,2492000000,7476000,7476000,0,0,5955880,1520120,not_required,0,0,0,0
0x56191a1f769292610619e9a0397a0891a00eff3c7f38284bc300e1c707569f98,informed_flow,informed,valid,volatility,2492000000,11448248,11448248,0,0,5955880,5492368,not_required,0,0,0,0
0x56191a1f769292610619e9a0397a0891a00eff3c7f38284bc300e1c707569f98,informed_flow,informed,valid,markout,2492000000,19936000,19497408,438592,12021408,5955880,13541528,settled,0,0,2,800000
0xb8d4b335e74385eaedf5c0b3228e49599c0e92eb6b413f2fd1a459eab34ccb1d,informed_flow,informed,valid,fixed,1813000000,5439000,5439000,0,0,6459719,-1020719,not_required,0,0,0,0
0xb8d4b335e74385eaedf5c0b3228e49599c0e92eb6b413f2fd1a459eab34ccb1d,informed_flow,informed,valid,volatility,1813000000,9124829,9124829,0,0,6459719,2665110,not_required,0,0,0,0
0xb8d4b335e74385eaedf5c0b3228e49599c0e92eb6b413f2fd1a459eab34ccb1d,informed_flow,informed,valid,markout,1813000000,14504000,14504000,0,9065000,6459719,8044281,settled,0,0,2,800000
0x091c7d59baf3ed541c0027915fea81d4f15dfede89eb8c3bc0b2615cec9ea4b0,informed_flow,informed,valid,fixed,4597000000,13791000,13791000,0,0,10301877,3489123,not_required,0,0,0,0
0x091c7d59baf3ed541c0027915fea81d4f15dfede89eb8c3bc0b2615cec9ea4b0,informed_flow,informed,valid,volatility,4597000000,18240896,18240896,0,0,10301877,7939019,not_required,0,0,0,0
0x091c7d59baf3ed541c0027915fea81d4f15dfede89eb8c3bc0b2615cec9ea4b0,informed_flow,informed,valid,markout,4597000000,36776000,34870543,1905457,21079543,10301877,24568666,settled,0,0,2,800000
0xfffed4f809c7fc104dca541be1a38b39d003fbd6b21e4bbff31f8f520c0e0f7c,informed_flow,informed,valid,fixed,4875000000,14625000,14625000,0,0,10515375,4109625,not_required,0,0,0,0
0xfffed4f809c7fc104dca541be1a38b39d003fbd6b21e4bbff31f8f520c0e0f7c,informed_flow,informed,valid,volatility,4875000000,19426875,19426875,0,0,10515375,8911500,not_required,0,0,0,0
0xfffed4f809c7fc104dca541be1a38b39d003fbd6b21e4bbff31f8f520c0e0f7c,informed_flow,informed,valid,markout,4875000000,39000000,36323625,2676375,21698625,10515375,25808250,settled,0,0,2,800000
0xf85371b6c3e5b8939b9c457a5750fb8ea555caa17d57b21a010c593f0f31c240,informed_flow,informed,valid,fixed,3883000000,11649000,11649000,0,0,7886373,3762627,not_required,0,0,0,0
0xf85371b6c3e5b8939b9c457a5750fb8ea555caa17d57b21a010c593f0f31c240,informed_flow,informed,valid,volatility,3883000000,15640724,15640724,0,0,7886373,7754351,not_required,0,0,0,0
0xf85371b6c3e5b8939b9c457a5750fb8ea555caa17d57b21a010c593f0f31c240,informed_flow,informed,valid,markout,3883000000,31064000,28149808,2914192,16500808,7886373,20263435,settled,0,0,2,800000
0x5c3500cd723a077ff95ff82eb55d3883224424834074878d9513b635a6134cdf,informed_flow,informed,valid,fixed,1931000000,5793000,5793000,0,0,4881568,911432,not_required,0,0,0,0
0x5c3500cd723a077ff95ff82eb55d3883224424834074878d9513b635a6134cdf,informed_flow,informed,valid,volatility,1931000000,10130026,10130026,0,0,4881568,5248458,not_required,0,0,0,0
0x5c3500cd723a077ff95ff82eb55d3883224424834074878d9513b635a6134cdf,informed_flow,informed,valid,markout,1931000000,15448000,15448000,0,9655000,4881568,10566432,settled,0,0,2,800000
0x83b06f22a57a6177280c1ef6dfe039899feb81a2002c084b52513bc1e1ac2061,informed_flow,informed,valid,fixed,4827000000,14481000,14481000,0,0,11164851,3316149,not_required,0,0,0,0
0x83b06f22a57a6177280c1ef6dfe039899feb81a2002c084b52513bc1e1ac2061,informed_flow,informed,valid,volatility,4827000000,18419832,18419832,0,0,11164851,7254981,not_required,0,0,0,0
0x83b06f22a57a6177280c1ef6dfe039899feb81a2002c084b52513bc1e1ac2061,informed_flow,informed,valid,markout,4827000000,38616000,37170313,1445687,22689313,11164851,26005462,settled,0,0,2,800000
0x53b6c8a1d8996e52b3856e788206720a386ebb503e878a55dd202885aad3588a,informed_flow,informed,valid,fixed,4748000000,14244000,14244000,0,0,10184460,4059540,not_required,0,0,0,0
0x53b6c8a1d8996e52b3856e788206720a386ebb503e878a55dd202885aad3588a,informed_flow,informed,valid,volatility,4748000000,18303540,18303540,0,0,10184460,8119080,not_required,0,0,0,0
0x53b6c8a1d8996e52b3856e788206720a386ebb503e878a55dd202885aad3588a,informed_flow,informed,valid,markout,4748000000,37984000,35287136,2696864,21043136,10184460,25102676,settled,0,0,2,800000
0x7559edf50ba3ddef8f48c0d64034f7b828c7dd2006578b621462685359c78ee2,informed_flow,informed,valid,fixed,1278000000,3834000,3834000,0,0,2810322,1023678,not_required,0,0,0,0
0x7559edf50ba3ddef8f48c0d64034f7b828c7dd2006578b621462685359c78ee2,informed_flow,informed,valid,volatility,1278000000,5745888,5745888,0,0,2810322,2935566,not_required,0,0,0,0
0x7559edf50ba3ddef8f48c0d64034f7b828c7dd2006578b621462685359c78ee2,informed_flow,informed,valid,markout,1278000000,10224000,9608004,615996,5774004,2810322,6797682,settled,0,0,2,800000
0x04555d81de20ffd43dd28a5d43a241b5e4f3c664d7c9d812bac22ebe957d5148,informed_flow,informed,valid,fixed,1964000000,5892000,5892000,0,0,6379072,-487072,not_required,0,0,0,0
0x04555d81de20ffd43dd28a5d43a241b5e4f3c664d7c9d812bac22ebe957d5148,informed_flow,informed,valid,volatility,1964000000,8022940,8022940,0,0,6379072,1643868,not_required,0,0,0,0
0x04555d81de20ffd43dd28a5d43a241b5e4f3c664d7c9d812bac22ebe957d5148,informed_flow,informed,valid,markout,1964000000,15712000,15712000,0,9820000,6379072,9332928,settled,0,0,2,800000
0xb6855812717543b22d1163bd8bbb14c4ee9aa138f67b9570579a2094d34bbc2e,informed_flow,informed,valid,fixed,2614000000,7842000,7842000,0,0,10798434,-2956434,not_required,0,0,0,0
0xb6855812717543b22d1163bd8bbb14c4ee9aa138f67b9570579a2094d34bbc2e,informed_flow,informed,valid,volatility,2614000000,11062448,11062448,0,0,10798434,264014,not_required,0,0,0,0
0xb6855812717543b22d1163bd8bbb14c4ee9aa138f67b9570579a2094d34bbc2e,informed_flow,informed,valid,markout,2614000000,20912000,20912000,0,13070000,10798434,10113566,settled,0,0,2,800000
0xae09c1b77fc055eceac1cf8531df2fb3f61944d742bdc85df2d3d5a956ca97fc,informed_flow,informed,valid,fixed,4575000000,13725000,13725000,0,0,20285550,-6560550,not_required,0,0,0,0
0xae09c1b77fc055eceac1cf8531df2fb3f61944d742bdc85df2d3d5a956ca97fc,informed_flow,informed,valid,volatility,4575000000,23144925,23144925,0,0,20285550,2859375,not_required,0,0,0,0
0xae09c1b77fc055eceac1cf8531df2fb3f61944d742bdc85df2d3d5a956ca97fc,informed_flow,informed,valid,markout,4575000000,36600000,36600000,0,22875000,20285550,16314450,settled,0,0,2,800000
0x2ae483b48c86a40b2896b084b64a3fc3dcb7f77fffcf377e1ea12b9a2993f3d7,informed_flow,informed,valid,fixed,4788000000,14364000,14364000,0,0,10777788,3586212,not_required,0,0,0,0
0x2ae483b48c86a40b2896b084b64a3fc3dcb7f77fffcf377e1ea12b9a2993f3d7,informed_flow,informed,valid,volatility,4788000000,22441356,22441356,0,0,10777788,11663568,not_required,0,0,0,0
0x2ae483b48c86a40b2896b084b64a3fc3dcb7f77fffcf377e1ea12b9a2993f3d7,informed_flow,informed,valid,markout,4788000000,38304000,36395982,1908018,22031982,10777788,25618194,settled,0,0,2,800000
0x199343e61aef4f36fe76f25e98b341939e8cf6dd8b4f024281291d5d2def3947,informed_flow,informed,valid,fixed,2052000000,6156000,6156000,0,0,3318084,2837916,not_required,0,0,0,0
0x199343e61aef4f36fe76f25e98b341939e8cf6dd8b4f024281291d5d2def3947,informed_flow,informed,valid,volatility,2052000000,8489124,8489124,0,0,3318084,5171040,not_required,0,0,0,0
0x199343e61aef4f36fe76f25e98b341939e8cf6dd8b4f024281291d5d2def3947,informed_flow,informed,valid,markout,2052000000,16416000,13516524,2899476,7360524,3318084,10198440,settled,0,0,2,800000
0x12d539cb7309cc765966de36dae5b0bcbda2d8a88967fac4e5bcef77f910dbeb,informed_flow,informed,valid,fixed,4397000000,13191000,13191000,0,0,9765737,3425263,not_required,0,0,0,0
0x12d539cb7309cc765966de36dae5b0bcbda2d8a88967fac4e5bcef77f910dbeb,informed_flow,informed,valid,volatility,4397000000,22292790,22292790,0,0,9765737,12527053,not_required,0,0,0,0
0x12d539cb7309cc765966de36dae5b0bcbda2d8a88967fac4e5bcef77f910dbeb,informed_flow,informed,valid,markout,4397000000,35176000,33212739,1963261,20021739,9765737,23447002,settled,0,0,2,800000
0xee19f53c6c1a43558fda8710511b686796239a98b08777c201bc55562fb60fb0,informed_flow,informed,valid,fixed,3974000000,11922000,11922000,0,0,12299530,-377530,not_required,0,0,0,0
0xee19f53c6c1a43558fda8710511b686796239a98b08777c201bc55562fb60fb0,informed_flow,informed,valid,volatility,3974000000,19770650,19770650,0,0,12299530,7471120,not_required,0,0,0,0
0xee19f53c6c1a43558fda8710511b686796239a98b08777c201bc55562fb60fb0,informed_flow,informed,valid,markout,3974000000,31792000,31792000,0,19870000,12299530,19492470,settled,0,0,2,800000
0xb0e431767ff99547e1741d15341af0c7175d65aea064666bbaf5b032493c3de9,informed_flow,informed,valid,fixed,4394000000,13182000,13182000,0,0,16152344,-2970344,not_required,0,0,0,0
0xb0e431767ff99547e1741d15341af0c7175d65aea064666bbaf5b032493c3de9,informed_flow,informed,valid,volatility,4394000000,18793138,18793138,0,0,16152344,2640794,not_required,0,0,0,0
0xb0e431767ff99547e1741d15341af0c7175d65aea064666bbaf5b032493c3de9,informed_flow,informed,valid,markout,4394000000,35152000,35152000,0,21970000,16152344,18999656,settled,0,0,2,800000
0x3ffd15b4527b7e45256c76f12a39cb0dc6b04dfb3f7eff4ab09a623c8a3aab01,informed_flow,informed,valid,fixed,1899000000,5697000,5697000,0,0,4301235,1395765,not_required,0,0,0,0
0x3ffd15b4527b7e45256c76f12a39cb0dc6b04dfb3f7eff4ab09a623c8a3aab01,informed_flow,informed,valid,volatility,1899000000,8030871,8030871,0,0,4301235,3729636,not_required,0,0,0,0
0x3ffd15b4527b7e45256c76f12a39cb0dc6b04dfb3f7eff4ab09a623c8a3aab01,informed_flow,informed,valid,markout,1899000000,15192000,14477976,714024,8780976,4301235,10176741,settled,0,0,2,800000
0x7a24bf7432bbf92d47fd8c5e9fa5f487271fb8aae3b45d5d68769d93234b2be6,informed_flow,informed,valid,fixed,1037000000,3111000,3111000,0,0,3464617,-353617,not_required,0,0,0,0
0x7a24bf7432bbf92d47fd8c5e9fa5f487271fb8aae3b45d5d68769d93234b2be6,informed_flow,informed,valid,volatility,1037000000,4557615,4557615,0,0,3464617,1092998,not_required,0,0,0,0
0x7a24bf7432bbf92d47fd8c5e9fa5f487271fb8aae3b45d5d68769d93234b2be6,informed_flow,informed,valid,markout,1037000000,8296000,8296000,0,5185000,3464617,4831383,settled,0,0,2,800000
0x103e0b50f0b3132cc1113570a636dea9509070a0a1077ff0253dc889b3862a86,informed_flow,informed,valid,fixed,2587000000,7761000,7761000,0,0,9895275,-2134275,not_required,0,0,0,0
0x103e0b50f0b3132cc1113570a636dea9509070a0a1077ff0253dc889b3862a86,informed_flow,informed,valid,volatility,2587000000,13079872,13079872,0,0,9895275,3184597,not_required,0,0,0,0
0x103e0b50f0b3132cc1113570a636dea9509070a0a1077ff0253dc889b3862a86,informed_flow,informed,valid,markout,2587000000,20696000,20696000,0,12935000,9895275,10800725,settled,0,0,2,800000
0x514b382717479c6beaffd45edc18fef8a01b85cba4912721b1fb370fa605bd76,informed_flow,informed,valid,fixed,1628000000,4884000,4884000,0,0,5829868,-945868,not_required,0,0,0,0
0x514b382717479c6beaffd45edc18fef8a01b85cba4912721b1fb370fa605bd76,informed_flow,informed,valid,volatility,1628000000,6728524,6728524,0,0,5829868,898656,not_required,0,0,0,0
0x514b382717479c6beaffd45edc18fef8a01b85cba4912721b1fb370fa605bd76,informed_flow,informed,valid,markout,1628000000,13024000,13024000,0,8140000,5829868,7194132,settled,0,0,2,800000
0x089a6af1f20cf701d6e987fff02915371b3603d4c1af0cb12681935dc731e12e,informed_flow,informed,valid,fixed,4054000000,12162000,12162000,0,0,8144486,4017514,not_required,0,0,0,0
0x089a6af1f20cf701d6e987fff02915371b3603d4c1af0cb12681935dc731e12e,informed_flow,informed,valid,volatility,4054000000,19544334,19544334,0,0,8144486,11399848,not_required,0,0,0,0
0x089a6af1f20cf701d6e987fff02915371b3603d4c1af0cb12681935dc731e12e,informed_flow,informed,valid,markout,4054000000,32432000,29245556,3186444,17083556,8144486,21101070,settled,0,0,2,800000
0x6d65aba37bcb63b9e63f1a67f6ff98c93de1ec6fdea506597018231ea92da65d,informed_flow,informed,valid,fixed,1152000000,3456000,3456000,0,0,2601216,854784,not_required,0,0,0,0
0x6d65aba37bcb63b9e63f1a67f6ff98c93de1ec6fdea506597018231ea92da65d,informed_flow,informed,valid,volatility,1152000000,4799232,4799232,0,0,2601216,2198016,not_required,0,0,0,0
0x6d65aba37bcb63b9e63f1a67f6ff98c93de1ec6fdea506597018231ea92da65d,informed_flow,informed,valid,markout,1152000000,9216000,8769600,446400,5313600,2601216,6168384,settled,0,0,2,800000
0x826925a20dc0a251c65b9f6d363ef8699840e6333cc02fefdb731c95fd5c66f2,informed_flow,informed,valid,fixed,1077000000,3231000,3231000,0,0,1793205,1437795,not_required,0,0,0,0
0x826925a20dc0a251c65b9f6d363ef8699840e6333cc02fefdb731c95fd5c66f2,informed_flow,informed,valid,volatility,1077000000,5096364,5096364,0,0,1793205,3303159,not_required,0,0,0,0
0x826925a20dc0a251c65b9f6d363ef8699840e6333cc02fefdb731c95fd5c66f2,informed_flow,informed,valid,markout,1077000000,8616000,7177128,1438872,3946128,1793205,5383923,settled,0,0,2,800000
0x84a8de7f4742adb7909ca22b60340ba7ed1e87d2f1331ec6286b70ad3702bf8e,informed_flow,informed,valid,fixed,2657000000,7971000,7971000,0,0,4503615,3467385,not_required,0,0,0,0
0x84a8de7f4742adb7909ca22b60340ba7ed1e87d2f1331ec6286b70ad3702bf8e,informed_flow,informed,valid,volatility,2657000000,11741283,11741283,0,0,4503615,7237668,not_required,0,0,0,0
0x84a8de7f4742adb7909ca22b60340ba7ed1e87d2f1331ec6286b70ad3702bf8e,informed_flow,informed,valid,markout,2657000000,21256000,17833784,3422216,9862784,4503615,13330169,settled,0,0,2,800000
0xb233c4a6fcca7d561d926b577df86dc915cfb3a5f153c20bee45e30becaaefc5,informed_flow,informed,valid,fixed,4069000000,12207000,12207000,0,0,10620090,1586910,not_required,0,0,0,0
0xb233c4a6fcca7d561d926b577df86dc915cfb3a5f153c20bee45e30becaaefc5,informed_flow,informed,valid,volatility,4069000000,17692012,17692012,0,0,10620090,7071922,not_required,0,0,0,0
0xb233c4a6fcca7d561d926b577df86dc915cfb3a5f153c20bee45e30becaaefc5,informed_flow,informed,valid,markout,4069000000,32552000,32552000,0,20345000,10620090,21931910,settled,0,0,2,800000
0xa64b04e230989a794d599c187f4f2cb9f5f688ab5446009fe465ac511d3b2401,informed_flow,informed,valid,fixed,2939000000,8817000,8817000,0,0,9504726,-687726,not_required,0,0,0,0
0xa64b04e230989a794d599c187f4f2cb9f5f688ab5446009fe465ac511d3b2401,informed_flow,informed,valid,volatility,2939000000,11532636,11532636,0,0,9504726,2027910,not_required,0,0,0,0
0xa64b04e230989a794d599c187f4f2cb9f5f688ab5446009fe465ac511d3b2401,informed_flow,informed,valid,markout,2939000000,23512000,23512000,0,14695000,9504726,14007274,settled,0,0,2,800000
0x49a1d2bc9a957d60dbce554ad22b1fec7c53a455fc99a6dd5cea42d2eaec506c,informed_flow,informed,valid,fixed,4306000000,12918000,12918000,0,0,9008152,3909848,not_required,0,0,0,0
0x49a1d2bc9a957d60dbce554ad22b1fec7c53a455fc99a6dd5cea42d2eaec506c,informed_flow,informed,valid,volatility,4306000000,18520106,18520106,0,0,9008152,9511954,not_required,0,0,0,0
0x49a1d2bc9a957d60dbce554ad22b1fec7c53a455fc99a6dd5cea42d2eaec506c,informed_flow,informed,valid,markout,4306000000,34448000,31636182,2811818,18718182,9008152,22628030,settled,0,0,2,800000
0x66fe72a8ad1fd10c6de337d1e05fd07db907fb69285c2556ce7b5591350431a7,informed_flow,informed,valid,fixed,344000000,1032000,1032000,0,0,803240,228760,not_required,0,0,0,0
0x66fe72a8ad1fd10c6de337d1e05fd07db907fb69285c2556ce7b5591350431a7,informed_flow,informed,valid,volatility,344000000,1629528,1629528,0,0,803240,826288,not_required,0,0,0,0
0x66fe72a8ad1fd10c6de337d1e05fd07db907fb69285c2556ce7b5591350431a7,informed_flow,informed,valid,markout,344000000,2752000,2661184,90816,1629184,803240,1857944,settled,0,0,2,800000
0xa4715595b41da9f59e7a9a8dbd4c38f66c8c13e47b810378a05664f20f9640f8,informed_flow,informed,valid,fixed,663000000,1989000,1989000,0,0,2036073,-47073,not_required,0,0,0,0
0xa4715595b41da9f59e7a9a8dbd4c38f66c8c13e47b810378a05664f20f9640f8,informed_flow,informed,valid,volatility,663000000,2673879,2673879,0,0,2036073,637806,not_required,0,0,0,0
0xa4715595b41da9f59e7a9a8dbd4c38f66c8c13e47b810378a05664f20f9640f8,informed_flow,informed,valid,markout,663000000,5304000,5304000,0,3315000,2036073,3267927,settled,0,0,2,800000
0xcb9c1cd56102143be48c3e4a24d04360ce7750342de496a85f15f7da8ff7d1ea,informed_flow,informed,valid,fixed,3780000000,11340000,11340000,0,0,14295960,-2955960,not_required,0,0,0,0
0xcb9c1cd56102143be48c3e4a24d04360ce7750342de496a85f15f7da8ff7d1ea,informed_flow,informed,valid,volatility,3780000000,15108660,15108660,0,0,14295960,812700,not_required,0,0,0,0
0xcb9c1cd56102143be48c3e4a24d04360ce7750342de496a85f15f7da8ff7d1ea,informed_flow,informed,valid,markout,3780000000,30240000,30240000,0,18900000,14295960,15944040,settled,0,0,2,800000
0x691b85acf6ed3f520feae72a17b1da5e76cc876012810c5382afeaafc0b99a04,informed_flow,informed,valid,fixed,2339000000,7017000,7017000,0,0,4210200,2806800,not_required,0,0,0,0
0x691b85acf6ed3f520feae72a17b1da5e76cc876012810c5382afeaafc0b99a04,informed_flow,informed,valid,volatility,2339000000,9540781,9540781,0,0,4210200,5330581,not_required,0,0,0,0
0x691b85acf6ed3f520feae72a17b1da5e76cc876012810c5382afeaafc0b99a04,informed_flow,informed,valid,markout,2339000000,18712000,16092320,2619680,9075320,4210200,11882120,settled,0,0,2,800000
0x1fc9559b42d020e07d5848c9abe80c8c7eda06bf877125a14c326093d9423726,informed_flow,informed,valid,fixed,3461000000,10383000,10383000,0,0,7441150,2941850,not_required,0,0,0,0
0x1fc9559b42d020e07d5848c9abe80c8c7eda06bf877125a14c326093d9423726,informed_flow,informed,valid,volatility,3461000000,13172566,13172566,0,0,7441150,5731416,not_required,0,0,0,0
0x1fc9559b42d020e07d5848c9abe80c8c7eda06bf877125a14c326093d9423726,informed_flow,informed,valid,markout,3461000000,27688000,25749840,1938160,15366840,7441150,18308690,settled,0,0,2,800000
0xda0e9f523df435e7dc909c662774d0c3e722b86be1ef4fe94a86945f21232176,informed_flow,informed,valid,fixed,1652000000,4956000,4956000,0,0,2715888,2240112,not_required,0,0,0,0
0xda0e9f523df435e7dc909c662774d0c3e722b86be1ef4fe94a86945f21232176,informed_flow,informed,valid,volatility,1652000000,8471456,8471456,0,0,2715888,5755568,not_required,0,0,0,0
0xda0e9f523df435e7dc909c662774d0c3e722b86be1ef4fe94a86945f21232176,informed_flow,informed,valid,markout,1652000000,13216000,10952760,2263240,5996760,2715888,8236872,settled,0,0,2,800000
0xb8f701dc70dc655846e72e414ac6f0260ed5e7772e23569d05d03879099b6d30,informed_flow,informed,valid,fixed,4304000000,12912000,12912000,0,0,8896368,4015632,not_required,0,0,0,0
0xb8f701dc70dc655846e72e414ac6f0260ed5e7772e23569d05d03879099b6d30,informed_flow,informed,valid,volatility,4304000000,19630544,19630544,0,0,8896368,10734176,not_required,0,0,0,0
0xb8f701dc70dc655846e72e414ac6f0260ed5e7772e23569d05d03879099b6d30,informed_flow,informed,valid,markout,4304000000,34432000,31449328,2982672,18537328,8896368,22552960,settled,0,0,2,800000
0x733d547e39759ea9cf7de232528c0905741bd3862825505c86297045fb5f2db9,informed_flow,informed,valid,fixed,3812000000,11436000,11436000,0,0,14443668,-3007668,not_required,0,0,0,0
0x733d547e39759ea9cf7de232528c0905741bd3862825505c86297045fb5f2db9,informed_flow,informed,valid,volatility,3812000000,19608928,19608928,0,0,14443668,5165260,not_required,0,0,0,0
0x733d547e39759ea9cf7de232528c0905741bd3862825505c86297045fb5f2db9,informed_flow,informed,valid,markout,3812000000,30496000,30496000,0,19060000,14443668,16052332,settled,0,0,2,800000
0x2af8cc5c3b7cc8555bbe54997eeacb328e4445e3556a694a3b3784efb717f8e7,informed_flow,informed,valid,fixed,4556000000,13668000,13668000,0,0,13034716,633284,not_required,0,0,0,0
0x2af8cc5c3b7cc8555bbe54997eeacb328e4445e3556a694a3b3784efb717f8e7,informed_flow,informed,valid,volatility,4556000000,21431424,21431424,0,0,13034716,8396708,not_required,0,0,0,0
0x2af8cc5c3b7cc8555bbe54997eeacb328e4445e3556a694a3b3784efb717f8e7,informed_flow,informed,valid,markout,4556000000,36448000,36448000,0,22780000,13034716,23413284,settled,0,0,2,800000
0xa0e573621a42aef901b449edd9fa1ba54be141a9b470f6427da49adcd9be7e41,informed_flow,informed,valid,fixed,1723000000,5169000,5169000,0,0,4843353,325647,not_required,0,0,0,0
0xa0e573621a42aef901b449edd9fa1ba54be141a9b470f6427da49adcd9be7e41,informed_flow,informed,valid,volatility,1723000000,6866155,6866155,0,0,4843353,2022802,not_required,0,0,0,0
0xa0e573621a42aef901b449edd9fa1ba54be141a9b470f6427da49adcd9be7e41,informed_flow,informed,valid,markout,1723000000,13784000,13784000,0,8615000,4843353,8940647,settled,0,0,2,800000
0x928d64fc1448dbba1455f4a4236774d0d1c3aab5b65576ce93e3c2ec27443c6d,informed_flow,informed,valid,fixed,2189000000,6567000,6567000,0,0,8064276,-1497276,not_required,0,0,0,0
0x928d64fc1448dbba1455f4a4236774d0d1c3aab5b65576ce93e3c2ec27443c6d,informed_flow,informed,valid,volatility,2189000000,10172283,10172283,0,0,8064276,2108007,not_required,0,0,0,0
0x928d64fc1448dbba1455f4a4236774d0d1c3aab5b65576ce93e3c2ec27443c6d,informed_flow,informed,valid,markout,2189000000,17512000,17512000,0,10945000,8064276,9447724,settled,0,0,2,800000
0x7c6581f80ffd1876a3e1f67bf43551b198389c03f013930e73afc910b3762a11,informed_flow,informed,valid,fixed,349000000,1047000,1047000,0,0,994650,52350,not_required,0,0,0,0
0x7c6581f80ffd1876a3e1f67bf43551b198389c03f013930e73afc910b3762a11,informed_flow,informed,valid,volatility,349000000,1367033,1367033,0,0,994650,372383,not_required,0,0,0,0
0x7c6581f80ffd1876a3e1f67bf43551b198389c03f013930e73afc910b3762a11,informed_flow,informed,valid,markout,349000000,2792000,2792000,0,1745000,994650,1797350,settled,0,0,2,800000
0x7ea83c4b4d9c744afc5195c1ef1e169522e964510aaf497cb1810e4e5c69f92c,informed_flow,informed,valid,fixed,683000000,2049000,2049000,0,0,1388539,660461,not_required,0,0,0,0
0x7ea83c4b4d9c744afc5195c1ef1e169522e964510aaf497cb1810e4e5c69f92c,informed_flow,informed,valid,volatility,683000000,3272936,3272936,0,0,1388539,1884397,not_required,0,0,0,0
0x7ea83c4b4d9c744afc5195c1ef1e169522e964510aaf497cb1810e4e5c69f92c,informed_flow,informed,valid,markout,683000000,5464000,4953457,510543,2904457,1388539,3564918,settled,0,0,2,800000
0x9f4d6f3ddf78134ae9519d69bc3e03dafce5240e62eeabb958ea520b1a051c95,informed_flow,informed,valid,fixed,547000000,1641000,1641000,0,0,2283178,-642178,not_required,0,0,0,0
0x9f4d6f3ddf78134ae9519d69bc3e03dafce5240e62eeabb958ea520b1a051c95,informed_flow,informed,valid,volatility,547000000,2207145,2207145,0,0,2283178,-76033,not_required,0,0,0,0
0x9f4d6f3ddf78134ae9519d69bc3e03dafce5240e62eeabb958ea520b1a051c95,informed_flow,informed,valid,markout,547000000,4376000,4376000,0,2735000,2283178,2092822,settled,0,0,2,800000
0x824baea032de6801239c6e4af9327a442052ee1fa6f4667a810d4e0e15cba0bc,informed_flow,informed,valid,fixed,3589000000,10767000,10767000,0,0,13369025,-2602025,not_required,0,0,0,0
0x824baea032de6801239c6e4af9327a442052ee1fa6f4667a810d4e0e15cba0bc,informed_flow,informed,valid,volatility,3589000000,17632757,17632757,0,0,13369025,4263732,not_required,0,0,0,0
0x824baea032de6801239c6e4af9327a442052ee1fa6f4667a810d4e0e15cba0bc,informed_flow,informed,valid,markout,3589000000,28712000,28712000,0,17945000,13369025,15342975,settled,0,0,2,800000
0x031a6ca0287d8afb01d3b3b8288dabbba557e8f21f38ee1661cfb43a57451adb,informed_flow,informed,valid,fixed,4945000000,14835000,14835000,0,0,7882330,6952670,not_required,0,0,0,0
0x031a6ca0287d8afb01d3b3b8288dabbba557e8f21f38ee1661cfb43a57451adb,informed_flow,informed,valid,volatility,4945000000,21372290,21372290,0,0,7882330,13489960,not_required,0,0,0,0
0x031a6ca0287d8afb01d3b3b8288dabbba557e8f21f38ee1661cfb43a57451adb,informed_flow,informed,valid,markout,4945000000,39560000,32389750,7170250,17554750,7882330,24507420,settled,0,0,2,800000
0x6c78f5e85e80af4bb41ac4d2e1288395a1280d0afccf19cda13712c0e70b354e,informed_flow,informed,valid,fixed,1241000000,3723000,3723000,0,0,2963508,759492,not_required,0,0,0,0
0x6c78f5e85e80af4bb41ac4d2e1288395a1280d0afccf19cda13712c0e70b354e,informed_flow,informed,valid,volatility,1241000000,6021332,6021332,0,0,2963508,3057824,not_required,0,0,0,0
0x6c78f5e85e80af4bb41ac4d2e1288395a1280d0afccf19cda13712c0e70b354e,informed_flow,informed,valid,markout,1241000000,9928000,9705240,222760,5982240,2963508,6741732,settled,0,0,2,800000
0x3a977b1981813716664c895cc1a2d8f18b60b3c34ee8b8e7b9082c403d476bec,informed_flow,informed,valid,fixed,2650000000,7950000,7950000,0,0,8424350,-474350,not_required,0,0,0,0
0x3a977b1981813716664c895cc1a2d8f18b60b3c34ee8b8e7b9082c403d476bec,informed_flow,informed,valid,volatility,2650000000,11954150,11954150,0,0,8424350,3529800,not_required,0,0,0,0
0x3a977b1981813716664c895cc1a2d8f18b60b3c34ee8b8e7b9082c403d476bec,informed_flow,informed,valid,markout,2650000000,21200000,21200000,0,13250000,8424350,12775650,settled,0,0,2,800000
0x801dac677fc92a40d82faf63d1f7de781d8932dc4eb8b92465594b9a0b8e8f91,informed_flow,informed,valid,fixed,893000000,2679000,2679000,0,0,3665765,-986765,not_required,0,0,0,0
0x801dac677fc92a40d82faf63d1f7de781d8932dc4eb8b92465594b9a0b8e8f91,informed_flow,informed,valid,volatility,893000000,3791678,3791678,0,0,3665765,125913,not_required,0,0,0,0
0x801dac677fc92a40d82faf63d1f7de781d8932dc4eb8b92465594b9a0b8e8f91,informed_flow,informed,valid,markout,893000000,7144000,7144000,0,4465000,3665765,3478235,settled,0,0,2,800000
0xdbeccb9a3a921eb2581280089ab1facbf5e906e554bef1688bb7c2d4ba953162,informed_flow,informed,valid,fixed,1473000000,4419000,4419000,0,0,3312777,1106223,not_required,0,0,0,0
0xdbeccb9a3a921eb2581280089ab1facbf5e906e554bef1688bb7c2d4ba953162,informed_flow,informed,valid,volatility,1473000000,7391514,7391514,0,0,3312777,4078737,not_required,0,0,0,0
0xdbeccb9a3a921eb2581280089ab1facbf5e906e554bef1688bb7c2d4ba953162,informed_flow,informed,valid,markout,1473000000,11784000,11191854,592146,6772854,3312777,7879077,settled,0,0,2,800000
0x38e4aefeac85ba25c7733e360cbe4eeb8a1f27b9d0b771482e3982de52e7ab69,informed_flow,informed,valid,fixed,4812000000,14436000,14436000,0,0,21192048,-6756048,not_required,0,0,0,0
0x38e4aefeac85ba25c7733e360cbe4eeb8a1f27b9d0b771482e3982de52e7ab69,informed_flow,informed,valid,volatility,4812000000,19661832,19661832,0,0,21192048,-1530216,not_required,0,0,0,0
0x38e4aefeac85ba25c7733e360cbe4eeb8a1f27b9d0b771482e3982de52e7ab69,informed_flow,informed,valid,markout,4812000000,38496000,38496000,0,24060000,21192048,17303952,settled,0,0,2,800000
0x001e29758023e82afea33a37d6771998ee2076839551482806526b93615aeeb8,informed_flow,informed,valid,fixed,2018000000,6054000,6054000,0,0,7694634,-1640634,not_required,0,0,0,0
0x001e29758023e82afea33a37d6771998ee2076839551482806526b93615aeeb8,informed_flow,informed,valid,volatility,2018000000,8628968,8628968,0,0,7694634,934334,not_required,0,0,0,0
0x001e29758023e82afea33a37d6771998ee2076839551482806526b93615aeeb8,informed_flow,informed,valid,markout,2018000000,16144000,16144000,0,10090000,7694634,8449366,settled,0,0,2,800000
0xd94abbb8f8e0cb368a3d834a3ce8de3f6294a18e0a3f0deec5ba24e484897cc1,informed_flow,informed,valid,fixed,2502000000,7506000,7506000,0,0,10173132,-2667132,not_required,0,0,0,0
0xd94abbb8f8e0cb368a3d834a3ce8de3f6294a18e0a3f0deec5ba24e484897cc1,informed_flow,informed,valid,volatility,2502000000,9557640,9557640,0,0,10173132,-615492,not_required,0,0,0,0
0xd94abbb8f8e0cb368a3d834a3ce8de3f6294a18e0a3f0deec5ba24e484897cc1,informed_flow,informed,valid,markout,2502000000,20016000,20016000,0,12510000,10173132,9842868,settled,0,0,2,800000
0x0b5292e0f646cedffad82bea4937f2d3563def6eab29edd4994bd75ca12bfe53,informed_flow,informed,valid,fixed,472000000,1416000,1416000,0,0,1027072,388928,not_required,0,0,0,0
0x0b5292e0f646cedffad82bea4937f2d3563def6eab29edd4994bd75ca12bfe53,informed_flow,informed,valid,volatility,472000000,2128248,2128248,0,0,1027072,1101176,not_required,0,0,0,0
0x0b5292e0f646cedffad82bea4937f2d3563def6eab29edd4994bd75ca12bfe53,informed_flow,informed,valid,markout,472000000,3776000,3531268,244732,2115268,1027072,2504196,settled,0,0,2,800000
0xcc4b66c3d032690a1c9360a89ad768939baa16a5e3dfbf9a02093419b0ee22a0,informed_flow,informed,valid,fixed,2599000000,7797000,7797000,0,0,6105051,1691949,not_required,0,0,0,0
0xcc4b66c3d032690a1c9360a89ad768939baa16a5e3dfbf9a02093419b0ee22a0,informed_flow,informed,valid,volatility,2599000000,10159491,10159491,0,0,6105051,4054440,not_required,0,0,0,0
0xcc4b66c3d032690a1c9360a89ad768939baa16a5e3dfbf9a02093419b0ee22a0,informed_flow,informed,valid,markout,2599000000,20792000,20163042,628958,12366042,6105051,14057991,settled,0,0,2,800000
0x76bad1d7653260b43f686a507dc0d95566da7514bc954a9483df9a9bf2128655,informed_flow,informed,valid,fixed,1576000000,4728000,4728000,0,0,5043200,-315200,not_required,0,0,0,0
0x76bad1d7653260b43f686a507dc0d95566da7514bc954a9483df9a9bf2128655,informed_flow,informed,valid,volatility,1576000000,7117216,7117216,0,0,5043200,2074016,not_required,0,0,0,0
0x76bad1d7653260b43f686a507dc0d95566da7514bc954a9483df9a9bf2128655,informed_flow,informed,valid,markout,1576000000,12608000,12608000,0,7880000,5043200,7564800,settled,0,0,2,800000
0xabbe6f72d591449f3f99e54254c45b21522bfabfd0424605096a54ce604f8f70,informed_flow,informed,valid,fixed,4843000000,14529000,14529000,0,0,18107977,-3578977,not_required,0,0,0,0
0xabbe6f72d591449f3f99e54254c45b21522bfabfd0424605096a54ce604f8f70,informed_flow,informed,valid,volatility,4843000000,23042994,23042994,0,0,18107977,4935017,not_required,0,0,0,0
0xabbe6f72d591449f3f99e54254c45b21522bfabfd0424605096a54ce604f8f70,informed_flow,informed,valid,markout,4843000000,38744000,38744000,0,24215000,18107977,20636023,settled,0,0,2,800000
0xf1b9558c429bdf429af39995b955c91ff59d8acb405f685d2b0d2ec8f043ff98,informed_flow,informed,valid,fixed,4215000000,12645000,12645000,0,0,12796740,-151740,not_required,0,0,0,0
0xf1b9558c429bdf429af39995b955c91ff59d8acb405f685d2b0d2ec8f043ff98,informed_flow,informed,valid,volatility,4215000000,20345805,20345805,0,0,12796740,7549065,not_required,0,0,0,0
0xf1b9558c429bdf429af39995b955c91ff59d8acb405f685d2b0d2ec8f043ff98,informed_flow,informed,valid,markout,4215000000,33720000,33720000,0,21075000,12796740,20923260,settled,0,0,2,800000
0xa53fa9d6102cb0bdc7f4deb3a453532a465f098b84f26211e64285f930e8a282,informed_flow,informed,valid,fixed,2439000000,7317000,7317000,0,0,7829190,-512190,not_required,0,0,0,0
0xa53fa9d6102cb0bdc7f4deb3a453532a465f098b84f26211e64285f930e8a282,informed_flow,informed,valid,volatility,2439000000,12787677,12787677,0,0,7829190,4958487,not_required,0,0,0,0
0xa53fa9d6102cb0bdc7f4deb3a453532a465f098b84f26211e64285f930e8a282,informed_flow,informed,valid,markout,2439000000,19512000,19512000,0,12195000,7829190,11682810,settled,0,0,2,800000
0xeeba191e978a8471c1071fc3cb033b69ee0178120372f2678ea661d12db5db33,informed_flow,informed,valid,fixed,4154000000,12462000,12462000,0,0,10866864,1595136,not_required,0,0,0,0
0xeeba191e978a8471c1071fc3cb033b69ee0178120372f2678ea661d12db5db33,informed_flow,informed,valid,volatility,4154000000,17986820,17986820,0,0,10866864,7119956,not_required,0,0,0,0
0xeeba191e978a8471c1071fc3cb033b69ee0178120372f2678ea661d12db5db33,informed_flow,informed,valid,markout,4154000000,33232000,33232000,0,20770000,10866864,22365136,settled,0,0,2,800000
0x799a3074591b9172a5a7035a4ec1a6d8afa0daf309a504bb1722e5d789405d9d,informed_flow,informed,valid,fixed,1908000000,5724000,5724000,0,0,4380768,1343232,not_required,0,0,0,0
0x799a3074591b9172a5a7035a4ec1a6d8afa0daf309a504bb1722e5d789405d9d,informed_flow,informed,valid,volatility,1908000000,7962084,7962084,0,0,4380768,3581316,not_required,0,0,0,0
0x799a3074591b9172a5a7035a4ec1a6d8afa0daf309a504bb1722e5d789405d9d,informed_flow,informed,valid,markout,1908000000,15264000,14641038,622962,8917038,4380768,10260270,settled,0,0,2,800000
0xe5ffebc2a8b1f3abd0bef0be9492a725a18023f10665ae812c8590ffe53751de,informed_flow,informed,valid,fixed,2230000000,6690000,6690000,0,0,5728870,961130,not_required,0,0,0,0
0xe5ffebc2a8b1f3abd0bef0be9492a725a18023f10665ae812c8590ffe53751de,informed_flow,informed,valid,volatility,2230000000,10724070,10724070,0,0,5728870,4995200,not_required,0,0,0,0
0xe5ffebc2a8b1f3abd0bef0be9492a725a18023f10665ae812c8590ffe53751de,informed_flow,informed,valid,markout,2230000000,17840000,17840000,0,11150000,5728870,12111130,settled,0,0,2,800000
0x954b7e65d605755ec7af1ce71fb440d2ece833d3a1f709f8f506dda171f1af9c,informed_flow,informed,valid,fixed,1898000000,5694000,5694000,0,0,7054866,-1360866,not_required,0,0,0,0
0x954b7e65d605755ec7af1ce71fb440d2ece833d3a1f709f8f506dda171f1af9c,informed_flow,informed,valid,volatility,1898000000,9890478,9890478,0,0,7054866,2835612,not_required,0,0,0,0
0x954b7e65d605755ec7af1ce71fb440d2ece833d3a1f709f8f506dda171f1af9c,informed_flow,informed,valid,markout,1898000000,15184000,15184000,0,9490000,7054866,8129134,settled,0,0,2,800000
0x5c461eac5f3dead3e4817990cd78fb927d022712f514ab3c4eec26823e21ff09,informed_flow,informed,valid,fixed,4174000000,12522000,12522000,0,0,15723458,-3201458,not_required,0,0,0,0
0x5c461eac5f3dead3e4817990cd78fb927d022712f514ab3c4eec26823e21ff09,informed_flow,informed,valid,volatility,4174000000,19521798,19521798,0,0,15723458,3798340,not_required,0,0,0,0
0x5c461eac5f3dead3e4817990cd78fb927d022712f514ab3c4eec26823e21ff09,informed_flow,informed,valid,markout,4174000000,33392000,33392000,0,20870000,15723458,17668542,settled,0,0,2,800000
0x68a39e9f461df79bf1a0d345f95ca464411abab094a2f622d70c3903154ac921,informed_flow,informed,valid,fixed,2050000000,6150000,6150000,0,0,3958550,2191450,not_required,0,0,0,0
0x68a39e9f461df79bf1a0d345f95ca464411abab094a2f622d70c3903154ac921,informed_flow,informed,valid,volatility,2050000000,10717400,10717400,0,0,3958550,6758850,not_required,0,0,0,0
0x68a39e9f461df79bf1a0d345f95ca464411abab094a2f622d70c3903154ac921,informed_flow,informed,valid,markout,2050000000,16400000,14533475,1866525,8383475,3958550,10574925,settled,0,0,2,800000
0x04b5be0277e99170d1f63d760eed26cdaf4b11138aaf9b9fc56b2f9111e31afb,informed_flow,informed,valid,fixed,1969000000,5907000,5907000,0,0,3087392,2819608,not_required,0,0,0,0
0x04b5be0277e99170d1f63d760eed26cdaf4b11138aaf9b9fc56b2f9111e31afb,informed_flow,informed,valid,volatility,1969000000,10219110,10219110,0,0,3087392,7131718,not_required,0,0,0,0
0x04b5be0277e99170d1f63d760eed26cdaf4b11138aaf9b9fc56b2f9111e31afb,informed_flow,informed,valid,markout,1969000000,15752000,12815236,2936764,6908236,3087392,9727844,settled,0,0,2,800000
0x3ae2230893c5b4990490fdd7c8605666a25ff4f2ef75cd240e2d67481cc15c46,informed_flow,informed,valid,fixed,1509000000,4527000,4527000,0,0,2471742,2055258,not_required,0,0,0,0
0x3ae2230893c5b4990490fdd7c8605666a25ff4f2ef75cd240e2d67481cc15c46,informed_flow,informed,valid,volatility,1509000000,6351381,6351381,0,0,2471742,3879639,not_required,0,0,0,0
0x3ae2230893c5b4990490fdd7c8605666a25ff4f2ef75cd240e2d67481cc15c46,informed_flow,informed,valid,markout,1509000000,12072000,9990334,2081666,5463334,2471742,7518592,settled,0,0,2,800000
0xb892160b870b928ff01f5a1da6d8423bca14504a8a89fb5d61be0977303a2ce5,informed_flow,informed,valid,fixed,1533000000,4599000,4599000,0,0,2592303,2006697,not_required,0,0,0,0
0xb892160b870b928ff01f5a1da6d8423bca14504a8a89fb5d61be0977303a2ce5,informed_flow,informed,valid,volatility,1533000000,6748266,6748266,0,0,2592303,4155963,not_required,0,0,0,0
0xb892160b870b928ff01f5a1da6d8423bca14504a8a89fb5d61be0977303a2ce5,informed_flow,informed,valid,markout,1533000000,12264000,10279531,1984469,5680531,2592303,7687228,settled,0,0,2,800000
0x59599a70d9ef7414642ce137f3101122e5e81ccaeb662e2e779db317c14106eb,informed_flow,informed,valid,fixed,3359000000,10077000,10077000,0,0,12592891,-2515891,not_required,0,0,0,0
0x59599a70d9ef7414642ce137f3101122e5e81ccaeb662e2e779db317c14106eb,informed_flow,informed,valid,volatility,3359000000,17258542,17258542,0,0,12592891,4665651,not_required,0,0,0,0
0x59599a70d9ef7414642ce137f3101122e5e81ccaeb662e2e779db317c14106eb,informed_flow,informed,valid,markout,3359000000,26872000,26872000,0,16795000,12592891,14279109,settled,0,0,2,800000
0x0cc6eb29563e9c0ecd3c501fd44c5499bfec5466a9dcd795acb1fafe8dbdef00,informed_flow,informed,valid,fixed,2016000000,6048000,6048000,0,0,3499776,2548224,not_required,0,0,0,0
0x0cc6eb29563e9c0ecd3c501fd44c5499bfec5466a9dcd795acb1fafe8dbdef00,informed_flow,informed,valid,volatility,2016000000,10080000,10080000,0,0,3499776,6580224,not_required,0,0,0,0
0x0cc6eb29563e9c0ecd3c501fd44c5499bfec5466a9dcd795acb1fafe8dbdef00,informed_flow,informed,valid,markout,2016000000,16128000,13663440,2464560,7615440,3499776,10163664,settled,0,0,2,800000
0x2eae51392bbaa10a15a6e999eb7a5e60886f716e5ee1f788a003c35f404bcc90,informed_flow,informed,valid,fixed,4910000000,14730000,14730000,0,0,20499250,-5769250,not_required,0,0,0,0
0x2eae51392bbaa10a15a6e999eb7a5e60886f716e5ee1f788a003c35f404bcc90,informed_flow,informed,valid,volatility,4910000000,20347040,20347040,0,0,20499250,-152210,not_required,0,0,0,0
0x2eae51392bbaa10a15a6e999eb7a5e60886f716e5ee1f788a003c35f404bcc90,informed_flow,informed,valid,markout,4910000000,39280000,39280000,0,24550000,20499250,18780750,settled,0,0,2,800000
0xe7a109d535e8e7b1a4274ce6e60bb309d67fd8a81ccd49382e3d5bd9209d29e3,informed_flow,informed,valid,fixed,4249000000,12747000,12747000,0,0,12432574,314426,not_required,0,0,0,0
0xe7a109d535e8e7b1a4274ce6e60bb309d67fd8a81ccd49382e3d5bd9209d29e3,informed_flow,informed,valid,volatility,4249000000,20153007,20153007,0,0,12432574,7720433,not_required,0,0,0,0
0xe7a109d535e8e7b1a4274ce6e60bb309d67fd8a81ccd49382e3d5bd9209d29e3,informed_flow,informed,valid,markout,4249000000,33992000,33992000,0,21245000,12432574,21559426,settled,0,0,2,800000
0x7c135efcb6715adc75a0c5eb9ec89b3fee35932d0a439b284e769f92b0d181d0,informed_flow,informed,valid,fixed,131000000,393000,393000,0,0,502778,-109778,not_required,0,0,0,0
0x7c135efcb6715adc75a0c5eb9ec89b3fee35932d0a439b284e769f92b0d181d0,informed_flow,informed,valid,volatility,131000000,627752,627752,0,0,502778,124974,not_required,0,0,0,0
0x7c135efcb6715adc75a0c5eb9ec89b3fee35932d0a439b284e769f92b0d181d0,informed_flow,informed,valid,markout,131000000,1048000,1048000,0,655000,502778,545222,settled,0,0,2,800000
0xb560304832986b481610f279db67c5da914591cb920c4a2889b496d144c030c4,informed_flow,informed,valid,fixed,2031000000,6093000,6093000,0,0,7147089,-1054089,not_required,0,0,0,0
0xb560304832986b481610f279db67c5da914591cb920c4a2889b496d144c030c4,informed_flow,informed,valid,volatility,2031000000,9129345,9129345,0,0,7147089,1982256,not_required,0,0,0,0
0xb560304832986b481610f279db67c5da914591cb920c4a2889b496d144c030c4,informed_flow,informed,valid,markout,2031000000,16248000,16248000,0,10155000,7147089,9100911,settled,0,0,2,800000
0x60a6f665f4218e8c45d459300b784e93550314fecf586f397aa1038337665477,informed_flow,informed,valid,fixed,670000000,2010000,2010000,0,0,1644180,365820,not_required,0,0,0,0
0x60a6f665f4218e8c45d459300b784e93550314fecf586f397aa1038337665477,informed_flow,informed,valid,volatility,670000000,3459210,3459210,0,0,1644180,1815030,not_required,0,0,0,0
0x60a6f665f4218e8c45d459300b784e93550314fecf586f397aa1038337665477,informed_flow,informed,valid,markout,670000000,5360000,5310420,49580,3300420,1644180,3666240,settled,0,0,2,800000
0x48c04a2e83f46201f4fe77b5ba2763b9bbe108e5d0de283b4b30b9d0e69acf14,informed_flow,informed,valid,fixed,2377000000,7131000,7131000,0,0,4357041,2773959,not_required,0,0,0,0
0x48c04a2e83f46201f4fe77b5ba2763b9bbe108e5d0de283b4b30b9d0e69acf14,informed_flow,informed,valid,volatility,2377000000,11290750,11290750,0,0,4357041,6933709,not_required,0,0,0,0
0x48c04a2e83f46201f4fe77b5ba2763b9bbe108e5d0de283b4b30b9d0e69acf14,informed_flow,informed,valid,markout,2377000000,19016000,16478552,2537448,9347552,4357041,12121511,settled,0,0,2,800000
0x2565a2af41c14b723edad8ecb7d4b026369423eb1431d4c75ab77339a4ff146d,informed_flow,informed,valid,fixed,4704000000,14112000,14112000,0,0,10489920,3622080,not_required,0,0,0,0
0x2565a2af41c14b723edad8ecb7d4b026369423eb1431d4c75ab77339a4ff146d,informed_flow,informed,valid,volatility,4704000000,18552576,18552576,0,0,10489920,8062656,not_required,0,0,0,0
0x2565a2af41c14b723edad8ecb7d4b026369423eb1431d4c75ab77339a4ff146d,informed_flow,informed,valid,markout,4704000000,37632000,35599872,2032128,21487872,10489920,25109952,settled,0,0,2,800000
0xc6d94109169ab32944714de0ee3ed606a568c1d6cf1e209b9a27e3277a9550ab,informed_flow,informed,valid,fixed,2446000000,7338000,7338000,0,0,4808836,2529164,not_required,0,0,0,0
0xc6d94109169ab32944714de0ee3ed606a568c1d6cf1e209b9a27e3277a9550ab,informed_flow,informed,valid,volatility,2446000000,12802364,12802364,0,0,4808836,7993528,not_required,0,0,0,0
0xc6d94109169ab32944714de0ee3ed606a568c1d6cf1e209b9a27e3277a9550ab,informed_flow,informed,valid,markout,2446000000,19568000,17477893,2090107,10139893,4808836,12669057,settled,0,0,2,800000
0x1f2a50d5732efc3f3941ee32d5cbe2e464bfe408f9a8bfe24d341d83d81ec338,informed_flow,informed,valid,fixed,1084000000,3252000,3252000,0,0,3296444,-44444,not_required,0,0,0,0
0x1f2a50d5732efc3f3941ee32d5cbe2e464bfe408f9a8bfe24d341d83d81ec338,informed_flow,informed,valid,volatility,1084000000,4858488,4858488,0,0,3296444,1562044,not_required,0,0,0,0
0x1f2a50d5732efc3f3941ee32d5cbe2e464bfe408f9a8bfe24d341d83d81ec338,informed_flow,informed,valid,markout,1084000000,8672000,8672000,0,5420000,3296444,5375556,settled,0,0,2,800000
0x971830f039934f3c5fbddd6440c93536243cff6cd71103a5a3124207d749954f,informed_flow,informed,valid,fixed,698000000,2094000,2094000,0,0,3068408,-974408,not_required,0,0,0,0
0x971830f039934f3c5fbddd6440c93536243cff6cd71103a5a3124207d749954f,informed_flow,informed,valid,volatility,698000000,2896002,2896002,0,0,3068408,-172406,not_required,0,0,0,0
0x971830f039934f3c5fbddd6440c93536243cff6cd71103a5a3124207d749954f,informed_flow,informed,valid,markout,698000000,5584000,5584000,0,3490000,3068408,2515592,settled,0,0,2,800000
0x1e27a5ec8befd05be99f51d31177ed983cc32fd238064332def3d5d6b43e8109,informed_flow,informed,valid,fixed,2775000000,8325000,8325000,0,0,11854800,-3529800,not_required,0,0,0,0
0x1e27a5ec8befd05be99f51d31177ed983cc32fd238064332def3d5d6b43e8109,informed_flow,informed,valid,volatility,2775000000,13170150,13170150,0,0,11854800,1315350,not_required,0,0,0,0
0x1e27a5ec8befd05be99f51d31177ed983cc32fd238064332def3d5d6b43e8109,informed_flow,informed,valid,markout,2775000000,22200000,22200000,0,13875000,11854800,10345200,settled,0,0,2,800000
0xf431aa4e71ba90977e1e559901359886fc9af0f7c44ae3eebd673c04036adaad,informed_flow,informed,valid,fixed,2724000000,8172000,8172000,0,0,10095144,-1923144,not_required,0,0,0,0
0xf431aa4e71ba90977e1e559901359886fc9af0f7c44ae3eebd673c04036adaad,informed_flow,informed,valid,volatility,2724000000,11103024,11103024,0,0,10095144,1007880,not_required,0,0,0,0
0xf431aa4e71ba90977e1e559901359886fc9af0f7c44ae3eebd673c04036adaad,informed_flow,informed,valid,markout,2724000000,21792000,21792000,0,13620000,10095144,11696856,settled,0,0,2,800000
0x7aeadceeb0c00929db84929ad39f5dc36b53f928c69af316dc0b2ee5a8214475,informed_flow,informed,valid,fixed,4459000000,13377000,13377000,0,0,14019096,-642096,not_required,0,0,0,0
0x7aeadceeb0c00929db84929ad39f5dc36b53f928c69af316dc0b2ee5a8214475,informed_flow,informed,valid,volatility,4459000000,22245951,22245951,0,0,14019096,8226855,not_required,0,0,0,0
0x7aeadceeb0c00929db84929ad39f5dc36b53f928c69af316dc0b2ee5a8214475,informed_flow,informed,valid,markout,4459000000,35672000,35672000,0,22295000,14019096,21652904,settled,0,0,2,800000
0x3fc2b522503a7fe943ca94a18a6f71d22ef27e8fba49a59ecb3c8328148795d0,informed_flow,informed,valid,fixed,1661000000,4983000,4983000,0,0,2951597,2031403,not_required,0,0,0,0
0x3fc2b522503a7fe943ca94a18a6f71d22ef27e8fba49a59ecb3c8328148795d0,informed_flow,informed,valid,volatility,1661000000,7185486,7185486,0,0,2951597,4233889,not_required,0,0,0,0
0x3fc2b522503a7fe943ca94a18a6f71d22ef27e8fba49a59ecb3c8328148795d0,informed_flow,informed,valid,markout,1661000000,13288000,11366223,1921777,6383223,2951597,8414626,settled,0,0,2,800000
0xb674dd8f58649c4ea0ec9b3d066713d3f4493764555a0cc2c4d1a2946bb8c9aa,informed_flow,informed,valid,fixed,1014000000,3042000,3042000,0,0,2859480,182520,not_required,0,0,0,0
0xb674dd8f58649c4ea0ec9b3d066713d3f4493764555a0cc2c4d1a2946bb8c9aa,informed_flow,informed,valid,volatility,1014000000,5201820,5201820,0,0,2859480,2342340,not_required,0,0,0,0
0xb674dd8f58649c4ea0ec9b3d066713d3f4493764555a0cc2c4d1a2946bb8c9aa,informed_flow,informed,valid,markout,1014000000,8112000,8112000,0,5070000,2859480,5252520,settled,0,0,2,800000
0x36c1de515a19804bd258799227dd2bc3da324d15aebefc719666f90284d223de,informed_flow,informed,valid,fixed,3561000000,10683000,10683000,0,0,6858486,3824514,not_required,0,0,0,0
0x36c1de515a19804bd258799227dd2bc3da324d15aebefc719666f90284d223de,informed_flow,informed,valid,volatility,3561000000,13709850,13709850,0,0,6858486,6851364,not_required,0,0,0,0
0x36c1de515a19804bd258799227dd2bc3da324d15aebefc719666f90284d223de,informed_flow,informed,valid,markout,3561000000,28488000,25217221,3270779,14534221,6858486,18358735,settled,0,0,2,800000
0xb21eed079bfde83d6b26641873529d846e2aa210a49738775b4fff6d00773aec,informed_flow,informed,valid,fixed,4725000000,14175000,14175000,0,0,8041950,6133050,not_required,0,0,0,0
0xb21eed079bfde83d6b26641873529d846e2aa210a49738775b4fff6d00773aec,informed_flow,informed,valid,volatility,4725000000,19169325,19169325,0,0,8041950,11127375,not_required,0,0,0,0
0xb21eed079bfde83d6b26641873529d846e2aa210a49738775b4fff6d00773aec,informed_flow,informed,valid,markout,4725000000,37800000,31766175,6033825,17591175,8041950,23724225,settled,0,0,2,800000
0x537e40b586dfcd2730b2cdd187c517558ce3449ef59b9275024e5176d59e6ffe,informed_flow,informed,valid,fixed,1960000000,5880000,5880000,0,0,5546800,333200,not_required,0,0,0,0
0x537e40b586dfcd2730b2cdd187c517558ce3449ef59b9275024e5176d59e6ffe,informed_flow,informed,valid,volatility,1960000000,8502480,8502480,0,0,5546800,2955680,not_required,0,0,0,0
0x537e40b586dfcd2730b2cdd187c517558ce3449ef59b9275024e5176d59e6ffe,informed_flow,informed,valid,markout,1960000000,15680000,15680000,0,9800000,5546800,10133200,settled,0,0,2,800000
0x8909f9594915754501d751682d804c97c604bd06557bf02c44858414224d1112,informed_flow,informed,valid,fixed,2165000000,6495000,6495000,0,0,8430510,-1935510,not_required,0,0,0,0
0x8909f9594915754501d751682d804c97c604bd06557bf02c44858414224d1112,informed_flow,informed,valid,volatility,2165000000,8679485,8679485,0,0,8430510,248975,not_required,0,0,0,0
0x8909f9594915754501d751682d804c97c604bd06557bf02c44858414224d1112,informed_flow,informed,valid,markout,2165000000,17320000,17320000,0,10825000,8430510,8889490,settled,0,0,2,800000
0xd9ad54175ef258500bc0ff15e56ab7cda3e5b6a8224538bc5d0d3597b9c194da,informed_flow,informed,valid,fixed,2614000000,7842000,7842000,0,0,5837062,2004938,not_required,0,0,0,0
0xd9ad54175ef258500bc0ff15e56ab7cda3e5b6a8224538bc5d0d3597b9c194da,informed_flow,informed,valid,volatility,2614000000,10131864,10131864,0,0,5837062,4294802,not_required,0,0,0,0
0xd9ad54175ef258500bc0ff15e56ab7cda3e5b6a8224538bc5d0d3597b9c194da,informed_flow,informed,valid,markout,2614000000,20912000,19794515,1117485,11952515,5837062,13957453,settled,0,0,2,800000
0x719feeabae12f0a1f1d48992a8f2340c0ac222335e320401a6a2db5a3507a94e,informed_flow,informed,valid,fixed,1175000000,3525000,3525000,0,0,5193500,-1668500,not_required,0,0,0,0
0x719feeabae12f0a1f1d48992a8f2340c0ac222335e320401a6a2db5a3507a94e,informed_flow,informed,valid,volatility,1175000000,5157075,5157075,0,0,5193500,-36425,not_required,0,0,0,0
0x719feeabae12f0a1f1d48992a8f2340c0ac222335e320401a6a2db5a3507a94e,informed_flow,informed,valid,markout,1175000000,9400000,9400000,0,5875000,5193500,4206500,settled,0,0,2,800000
0x2e2bc0fad1726d109d0d8485c3841574f9b3d1502dcfbc8a9542ecfdac07c963,informed_flow,informed,valid,fixed,4329000000,12987000,12987000,0,0,9450207,3536793,not_required,0,0,0,0
0x2e2bc0fad1726d109d0d8485c3841574f9b3d1502dcfbc8a9542ecfdac07c963,informed_flow,informed,valid,volatility,4329000000,21173139,21173139,0,0,9450207,11722932,not_required,0,0,0,0
0x2e2bc0fad1726d109d0d8485c3841574f9b3d1502dcfbc8a9542ecfdac07c963,informed_flow,informed,valid,markout,4329000000,34632000,32435032,2196968,19448032,9450207,22984825,settled,0,0,2,800000
0x8d6e6dfd82162789634d4141e54ac6b1ba86ddefce186d79b5e222f31629314c,informed_flow,informed,valid,fixed,3459000000,10377000,10377000,0,0,12289827,-1912827,not_required,0,0,0,0
0x8d6e6dfd82162789634d4141e54ac6b1ba86ddefce186d79b5e222f31629314c,informed_flow,informed,valid,volatility,3459000000,14257998,14257998,0,0,12289827,1968171,not_required,0,0,0,0
0x8d6e6dfd82162789634d4141e54ac6b1ba86ddefce186d79b5e222f31629314c,informed_flow,informed,valid,markout,3459000000,27672000,27672000,0,17295000,12289827,15382173,settled,0,0,2,800000
0x506b25511ed58ad927972476840997f94e1536a423729270dc29a07eebcead5b,informed_flow,informed,valid,fixed,2333000000,6999000,6999000,0,0,7376946,-377946,not_required,0,0,0,0
0x506b25511ed58ad927972476840997f94e1536a423729270dc29a07eebcead5b,informed_flow,informed,valid,volatility,2333000000,8970385,8970385,0,0,7376946,1593439,not_required,0,0,0,0
0x506b25511ed58ad927972476840997f94e1536a423729270dc29a07eebcead5b,informed_flow,informed,valid,markout,2333000000,18664000,18664000,0,11665000,7376946,11287054,settled,0,0,2,800000
0x303a0fdc537e15cda22aecedf816075a0d0c2910cc1ac741f904388e97cae2cf,informed_flow,informed,valid,fixed,2053000000,6159000,6159000,0,0,6434102,-275102,not_required,0,0,0,0
0x303a0fdc537e15cda22aecedf816075a0d0c2910cc1ac741f904388e97cae2cf,informed_flow,informed,valid,volatility,2053000000,8897702,8897702,0,0,6434102,2463600,not_required,0,0,0,0
0x303a0fdc537e15cda22aecedf816075a0d0c2910cc1ac741f904388e97cae2cf,informed_flow,informed,valid,markout,2053000000,16424000,16424000,0,10265000,6434102,9989898,settled,0,0,2,800000
0xae4649a17f87fa54a60319b979bc3ec3d8f324bb31d94ea903acb39f06133e40,informed_flow,informed,valid,fixed,2065000000,6195000,6195000,0,0,7054040,-859040,not_required,0,0,0,0
0xae4649a17f87fa54a60319b979bc3ec3d8f324bb31d94ea903acb39f06133e40,informed_flow,informed,valid,volatility,2065000000,10587255,10587255,0,0,7054040,3533215,not_required,0,0,0,0
0xae4649a17f87fa54a60319b979bc3ec3d8f324bb31d94ea903acb39f06133e40,informed_flow,informed,valid,markout,2065000000,16520000,16520000,0,10325000,7054040,9465960,settled,0,0,2,800000
0x9456c7b2bdba1c3aa3c0a4d1241256a19cd1d70a5977d51bed13d82f834e5e9f,informed_flow,informed,valid,fixed,335000000,1005000,1005000,0,0,1493430,-488430,not_required,0,0,0,0
0x9456c7b2bdba1c3aa3c0a4d1241256a19cd1d70a5977d51bed13d82f834e5e9f,informed_flow,informed,valid,volatility,335000000,1709840,1709840,0,0,1493430,216410,not_required,0,0,0,0
0x9456c7b2bdba1c3aa3c0a4d1241256a19cd1d70a5977d51bed13d82f834e5e9f,informed_flow,informed,valid,markout,335000000,2680000,2680000,0,1675000,1493430,1186570,settled,0,0,2,800000
0xc8a549969db4ab51fb4681359780336239d0b59cf4611f315462523b7abc6c0e,informed_flow,informed,valid,fixed,1205000000,3615000,3615000,0,0,1832805,1782195,not_required,0,0,0,0
0xc8a549969db4ab51fb4681359780336239d0b59cf4611f315462523b7abc6c0e,informed_flow,informed,valid,volatility,1205000000,5299590,5299590,0,0,1832805,3466785,not_required,0,0,0,0
0xc8a549969db4ab51fb4681359780336239d0b59cf4611f315462523b7abc6c0e,informed_flow,informed,valid,markout,1205000000,9640000,7752367,1887633,4137367,1832805,5919562,settled,0,0,2,800000
0x14d97cf4ceec460b14870504671244741e46a14f107573c2705a4b08054f67d9,informed_flow,informed,valid,fixed,425000000,1275000,1275000,0,0,1477725,-202725,not_required,0,0,0,0
0x14d97cf4ceec460b14870504671244741e46a14f107573c2705a4b08054f67d9,informed_flow,informed,valid,volatility,425000000,2097375,2097375,0,0,1477725,619650,not_required,0,0,0,0
0x14d97cf4ceec460b14870504671244741e46a14f107573c2705a4b08054f67d9,informed_flow,informed,valid,markout,425000000,3400000,3400000,0,2125000,1477725,1922275,settled,0,0,2,800000
0x5acc3d65549b7a642829e6cff6f2e3428739f1a4393f6ea307572bffe2a30c2d,informed_flow,informed,valid,fixed,2542000000,7626000,7626000,0,0,9128322,-1502322,not_required,0,0,0,0
0x5acc3d65549b7a642829e6cff6f2e3428739f1a4393f6ea307572bffe2a30c2d,informed_flow,informed,valid,volatility,2542000000,11428832,11428832,0,0,9128322,2300510,not_required,0,0,0,0
0x5acc3d65549b7a642829e6cff6f2e3428739f1a4393f6ea307572bffe2a30c2d,informed_flow,informed,valid,markout,2542000000,20336000,20336000,0,12710000,9128322,11207678,settled,0,0,2,800000
0xc09aae892a58e282b37623d88bf861fd8618b8342f0fd6c8738237c0e371888f,informed_flow,informed,valid,fixed,3034000000,9102000,9102000,0,0,12739766,-3637766,not_required,0,0,0,0
0xc09aae892a58e282b37623d88bf861fd8618b8342f0fd6c8738237c0e371888f,informed_flow,informed,valid,volatility,3034000000,11489758,11489758,0,0,12739766,-1250008,not_required,0,0,0,0
0xc09aae892a58e282b37623d88bf861fd8618b8342f0fd6c8738237c0e371888f,informed_flow,informed,valid,markout,3034000000,24272000,24272000,0,15170000,12739766,11532234,settled,0,0,2,800000
0xc8e81d60645010cb947d0cb46b4a69a1c27a03ccce3172ec49535ad5bc40f616,informed_flow,informed,valid,fixed,4773000000,14319000,14319000,0,0,11383605,2935395,not_required,0,0,0,0
0xc8e81d60645010cb947d0cb46b4a69a1c27a03ccce3172ec49535ad5bc40f616,informed_flow,informed,valid,volatility,4773000000,23788632,23788632,0,0,11383605,12405027,not_required,0,0,0,0
0xc8e81d60645010cb947d0cb46b4a69a1c27a03ccce3172ec49535ad5bc40f616,informed_flow,informed,valid,markout,4773000000,38184000,37305768,878232,22986768,11383605,25922163,settled,0,0,2,800000
0x2a4b11c5b4d1e97a39659c61ad0478f5ada1529a75b02833882c58acf6e1166c,informed_flow,informed,valid,fixed,1508000000,4524000,4524000,0,0,2991872,1532128,not_required,0,0,0,0
0x2a4b11c5b4d1e97a39659c61ad0478f5ada1529a75b02833882c58acf6e1166c,informed_flow,informed,valid,volatility,1508000000,5802784,5802784,0,0,2991872,2810912,not_required,0,0,0,0
0x2a4b11c5b4d1e97a39659c61ad0478f5ada1529a75b02833882c58acf6e1166c,informed_flow,informed,valid,markout,1508000000,12064000,10818392,1245608,6294392,2991872,7826520,settled,0,0,2,800000
0xf1d9deed2df79e0432ece129f391d5ad2fa8640c342e4288d1ad0e581e6653b4,informed_flow,informed,valid,fixed,4617000000,13851000,13851000,0,0,18994338,-5143338,not_required,0,0,0,0
0xf1d9deed2df79e0432ece129f391d5ad2fa8640c342e4288d1ad0e581e6653b4,informed_flow,informed,valid,volatility,4617000000,23643657,23643657,0,0,18994338,4649319,not_required,0,0,0,0
0xf1d9deed2df79e0432ece129f391d5ad2fa8640c342e4288d1ad0e581e6653b4,informed_flow,informed,valid,markout,4617000000,36936000,36936000,0,23085000,18994338,17941662,settled,0,0,2,800000
0x42920179e24606c7e838d4eafa186d4347b99cf2188b4c248419cef328904817,informed_flow,informed,valid,fixed,3455000000,10365000,10365000,0,0,10344270,20730,not_required,0,0,0,0
0x42920179e24606c7e838d4eafa186d4347b99cf2188b4c248419cef328904817,informed_flow,informed,valid,volatility,3455000000,16708380,16708380,0,0,10344270,6364110,not_required,0,0,0,0
0x42920179e24606c7e838d4eafa186d4347b99cf2188b4c248419cef328904817,informed_flow,informed,valid,markout,3455000000,27640000,27640000,0,17275000,10344270,17295730,settled,0,0,2,800000
0xbc08509fcc6a97bf8a423af4af0ca62164d7ed8632c829d9ca957cf84463f8d0,informed_flow,informed,valid,fixed,2895000000,8685000,8685000,0,0,4834650,3850350,not_required,0,0,0,0
0xbc08509fcc6a97bf8a423af4af0ca62164d7ed8632c829d9ca957cf84463f8d0,informed_flow,informed,valid,volatility,2895000000,12862485,12862485,0,0,4834650,8027835,not_required,0,0,0,0
0xbc08509fcc6a97bf8a423af4af0ca62164d7ed8632c829d9ca957cf84463f8d0,informed_flow,informed,valid,markout,2895000000,23160000,19315440,3844560,10630440,4834650,14480790,settled,0,0,2,800000
0xc37833dcf4c546578af1f5109798616ef7fff892274d154c67cf7e33d5b97daa,informed_flow,informed,valid,fixed,4160000000,12480000,12480000,0,0,18457920,-5977920,not_required,0,0,0,0
0xc37833dcf4c546578af1f5109798616ef7fff892274d154c67cf7e33d5b97daa,informed_flow,informed,valid,volatility,4160000000,18008640,18008640,0,0,18457920,-449280,not_required,0,0,0,0
0xc37833dcf4c546578af1f5109798616ef7fff892274d154c67cf7e33d5b97daa,informed_flow,informed,valid,markout,4160000000,33280000,33280000,0,20800000,18457920,14822080,settled,0,0,2,800000
0xc5a464320c0fd147520c9df4ee9ca4dbb9ec1f7e1880e9ceefd06d588a70c672,informed_flow,informed,valid,fixed,925000000,2775000,2775000,0,0,1586375,1188625,not_required,0,0,0,0
0xc5a464320c0fd147520c9df4ee9ca4dbb9ec1f7e1880e9ceefd06d588a70c672,informed_flow,informed,valid,volatility,925000000,3468750,3468750,0,0,1586375,1882375,not_required,0,0,0,0
0xc5a464320c0fd147520c9df4ee9ca4dbb9ec1f7e1880e9ceefd06d588a70c672,informed_flow,informed,valid,markout,925000000,7400000,6238200,1161800,3463200,1586375,4651825,settled,0,0,2,800000
0xd718764cf56130994c9d3135ac23d0e748a0e4fc0d3c6cd71e3d9e967cac0368,informed_flow,informed,valid,fixed,1564000000,4692000,4692000,0,0,4246260,445740,not_required,0,0,0,0
0xd718764cf56130994c9d3135ac23d0e748a0e4fc0d3c6cd71e3d9e967cac0368,informed_flow,informed,valid,volatility,1564000000,6329508,6329508,0,0,4246260,2083248,not_required,0,0,0,0
0xd718764cf56130994c9d3135ac23d0e748a0e4fc0d3c6cd71e3d9e967cac0368,informed_flow,informed,valid,markout,1564000000,12512000,12512000,0,7820000,4246260,8265740,settled,0,0,2,800000
0x333ea22e8678c86be61dcde2f6f1cc000c4b029606388be24f70bec3fde6ace6,informed_flow,informed,valid,fixed,573000000,1719000,1719000,0,0,2321223,-602223,not_required,0,0,0,0
0x333ea22e8678c86be61dcde2f6f1cc000c4b029606388be24f70bec3fde6ace6,informed_flow,informed,valid,volatility,573000000,2152761,2152761,0,0,2321223,-168462,not_required,0,0,0,0
0x333ea22e8678c86be61dcde2f6f1cc000c4b029606388be24f70bec3fde6ace6,informed_flow,informed,valid,markout,573000000,4584000,4584000,0,2865000,2321223,2262777,settled,0,0,2,800000
0xcd1d6b88c8cf392e03975c78ee576ff7bc969cf62dea58ba57f06f9178c78dee,inventory_improving_flow,inventory_improving,valid,fixed,4811000000,14433000,14433000,0,0,0,14433000,not_required,0,0,0,0
0xcd1d6b88c8cf392e03975c78ee576ff7bc969cf62dea58ba57f06f9178c78dee,inventory_improving_flow,inventory_improving,valid,volatility,4811000000,18907230,18907230,0,0,0,18907230,not_required,0,0,0,0
0xcd1d6b88c8cf392e03975c78ee576ff7bc969cf62dea58ba57f06f9178c78dee,inventory_improving_flow,inventory_improving,valid,markout,4811000000,38488000,14433000,24055000,0,0,14433000,settled,0,0,2,800000
0x00e7293c44f4e29397358f7f2804a70512a30f7fd314df2736909e093e2f5540,inventory_improving_flow,inventory_improving,valid,fixed,2350000000,7050000,7050000,0,0,0,7050000,not_required,0,0,0,0
0x00e7293c44f4e29397358f7f2804a70512a30f7fd314df2736909e093e2f5540,inventory_improving_flow,inventory_improving,valid,volatility,2350000000,9432900,9432900,0,0,0,9432900,not_required,0,0,0,0
0x00e7293c44f4e29397358f7f2804a70512a30f7fd314df2736909e093e2f5540,inventory_improving_flow,inventory_improving,valid,markout,2350000000,18800000,7050000,11750000,0,0,7050000,settled,0,0,2,800000
0x332cb4dc11464c0c3aac397f30853449d1e7f921f6515e1ed910198d64816ce8,inventory_improving_flow,inventory_improving,valid,fixed,1402000000,4206000,4206000,0,0,0,4206000,not_required,0,0,0,0
0x332cb4dc11464c0c3aac397f30853449d1e7f921f6515e1ed910198d64816ce8,inventory_improving_flow,inventory_improving,valid,volatility,1402000000,5798672,5798672,0,0,0,5798672,not_required,0,0,0,0
0x332cb4dc11464c0c3aac397f30853449d1e7f921f6515e1ed910198d64816ce8,inventory_improving_flow,inventory_improving,valid,markout,1402000000,11216000,4206000,7010000,0,0,4206000,settled,0,0,2,800000
0x3dd1d7a64240f1ee503b11e6d4c618f88efaccceee6990c8784aa389d8152ecb,inventory_improving_flow,inventory_improving,valid,fixed,1800000000,5400000,5400000,0,0,0,5400000,not_required,0,0,0,0
0x3dd1d7a64240f1ee503b11e6d4c618f88efaccceee6990c8784aa389d8152ecb,inventory_improving_flow,inventory_improving,valid,volatility,1800000000,7704000,7704000,0,0,0,7704000,not_required,0,0,0,0
0x3dd1d7a64240f1ee503b11e6d4c618f88efaccceee6990c8784aa389d8152ecb,inventory_improving_flow,inventory_improving,valid,markout,1800000000,14400000,5400000,9000000,0,0,5400000,settled,0,0,2,800000
0x9f734d018bf8d181f5238c925e6bc1f5bebd58380513f65e75fbe45b9f2c7c19,inventory_improving_flow,inventory_improving,valid,fixed,4207000000,12621000,12621000,0,0,0,12621000,not_required,0,0,0,0
0x9f734d018bf8d181f5238c925e6bc1f5bebd58380513f65e75fbe45b9f2c7c19,inventory_improving_flow,inventory_improving,valid,volatility,4207000000,18864188,18864188,0,0,0,18864188,not_required,0,0,0,0
0x9f734d018bf8d181f5238c925e6bc1f5bebd58380513f65e75fbe45b9f2c7c19,inventory_improving_flow,inventory_improving,valid,markout,4207000000,33656000,12621000,21035000,0,0,12621000,settled,0,0,2,800000
0xa1ae5b234a35cb03fe85400794355f61dabf0a89a97970ceb5a9efc5adb598a0,inventory_improving_flow,inventory_improving,valid,fixed,2191000000,6573000,6573000,0,0,0,6573000,not_required,0,0,0,0
0xa1ae5b234a35cb03fe85400794355f61dabf0a89a97970ceb5a9efc5adb598a0,inventory_improving_flow,inventory_improving,valid,volatility,2191000000,8722371,8722371,0,0,0,8722371,not_required,0,0,0,0
0xa1ae5b234a35cb03fe85400794355f61dabf0a89a97970ceb5a9efc5adb598a0,inventory_improving_flow,inventory_improving,valid,markout,2191000000,17528000,6573000,10955000,0,0,6573000,settled,0,0,2,800000
0xe0c99acf5b74d6206b50c2b5bac067547e9271e2447fe4300615d92e17fefe41,inventory_improving_flow,inventory_improving,valid,fixed,3257000000,9771000,9771000,0,0,0,9771000,not_required,0,0,0,0
0xe0c99acf5b74d6206b50c2b5bac067547e9271e2447fe4300615d92e17fefe41,inventory_improving_flow,inventory_improving,valid,volatility,3257000000,13992072,13992072,0,0,0,13992072,not_required,0,0,0,0
0xe0c99acf5b74d6206b50c2b5bac067547e9271e2447fe4300615d92e17fefe41,inventory_improving_flow,inventory_improving,valid,markout,3257000000,26056000,9771000,16285000,0,0,9771000,settled,0,0,2,800000
0x3edb96251cc7387c0d4b2640ae06bee9a795f02c60bafb8ea577eec12c07346b,inventory_improving_flow,inventory_improving,valid,fixed,2843000000,8529000,8529000,0,0,0,8529000,not_required,0,0,0,0
0x3edb96251cc7387c0d4b2640ae06bee9a795f02c60bafb8ea577eec12c07346b,inventory_improving_flow,inventory_improving,valid,volatility,2843000000,11974716,11974716,0,0,0,11974716,not_required,0,0,0,0
0x3edb96251cc7387c0d4b2640ae06bee9a795f02c60bafb8ea577eec12c07346b,inventory_improving_flow,inventory_improving,valid,markout,2843000000,22744000,8529000,14215000,0,0,8529000,settled,0,0,2,800000
0x3bf7acbd87bf2df7b128752c9534d1c4f81152facefc969640d3aa2c3a045f7f,inventory_improving_flow,inventory_improving,valid,fixed,4443000000,13329000,13329000,0,0,0,13329000,not_required,0,0,0,0
0x3bf7acbd87bf2df7b128752c9534d1c4f81152facefc969640d3aa2c3a045f7f,inventory_improving_flow,inventory_improving,valid,volatility,4443000000,16416885,16416885,0,0,0,16416885,not_required,0,0,0,0
0x3bf7acbd87bf2df7b128752c9534d1c4f81152facefc969640d3aa2c3a045f7f,inventory_improving_flow,inventory_improving,valid,markout,4443000000,35544000,13329000,22215000,0,0,13329000,settled,0,0,2,800000
0xf93443f468ac14026b38e04fe95abcde54d41894381721e5a6a9059a812bfcab,inventory_improving_flow,inventory_improving,valid,fixed,3361000000,10083000,10083000,0,0,0,10083000,not_required,0,0,0,0
0xf93443f468ac14026b38e04fe95abcde54d41894381721e5a6a9059a812bfcab,inventory_improving_flow,inventory_improving,valid,volatility,3361000000,12277733,12277733,0,0,0,12277733,not_required,0,0,0,0
0xf93443f468ac14026b38e04fe95abcde54d41894381721e5a6a9059a812bfcab,inventory_improving_flow,inventory_improving,valid,markout,3361000000,26888000,10083000,16805000,0,0,10083000,settled,0,0,2,800000
0x6d148542ca6f9b576124e694706f8c26abcdd6cdd1fe7aa807ad6f58cf3ea130,inventory_improving_flow,inventory_improving,valid,fixed,3803000000,11409000,11409000,0,0,0,11409000,not_required,0,0,0,0
0x6d148542ca6f9b576124e694706f8c26abcdd6cdd1fe7aa807ad6f58cf3ea130,inventory_improving_flow,inventory_improving,valid,volatility,3803000000,16497414,16497414,0,0,0,16497414,not_required,0,0,0,0
0x6d148542ca6f9b576124e694706f8c26abcdd6cdd1fe7aa807ad6f58cf3ea130,inventory_improving_flow,inventory_improving,valid,markout,3803000000,30424000,11409000,19015000,0,0,11409000,settled,0,0,2,800000
0x74007b1fb8a7b9c9e90daae97724a4624e6f495cf504cc5a1a1a80f17bad2b27,inventory_improving_flow,inventory_improving,valid,fixed,114000000,342000,342000,0,0,0,342000,not_required,0,0,0,0
0x74007b1fb8a7b9c9e90daae97724a4624e6f495cf504cc5a1a1a80f17bad2b27,inventory_improving_flow,inventory_improving,valid,volatility,114000000,459078,459078,0,0,0,459078,not_required,0,0,0,0
0x74007b1fb8a7b9c9e90daae97724a4624e6f495cf504cc5a1a1a80f17bad2b27,inventory_improving_flow,inventory_improving,valid,markout,114000000,912000,342000,570000,0,0,342000,settled,0,0,2,800000
0x9d375b9e9856e12691e612c18b56174699cf03d5c42c9b5a82eb3f5040d13745,inventory_improving_flow,inventory_improving,valid,fixed,1253000000,3759000,3759000,0,0,0,3759000,not_required,0,0,0,0
0x9d375b9e9856e12691e612c18b56174699cf03d5c42c9b5a82eb3f5040d13745,inventory_improving_flow,inventory_improving,valid,volatility,1253000000,4696244,4696244,0,0,0,4696244,not_required,0,0,0,0
0x9d375b9e9856e12691e612c18b56174699cf03d5c42c9b5a82eb3f5040d13745,inventory_improving_flow,inventory_improving,valid,markout,1253000000,10024000,3759000,6265000,0,0,3759000,settled,0,0,2,800000
0xb05d60a995c675b29a3f49947a5be5a313380708bd32f62292cd4876bbc72356,inventory_improving_flow,inventory_improving,valid,fixed,3342000000,10026000,10026000,0,0,0,10026000,not_required,0,0,0,0
0xb05d60a995c675b29a3f49947a5be5a313380708bd32f62292cd4876bbc72356,inventory_improving_flow,inventory_improving,valid,volatility,3342000000,13013748,13013748,0,0,0,13013748,not_required,0,0,0,0
0xb05d60a995c675b29a3f49947a5be5a313380708bd32f62292cd4876bbc72356,inventory_improving_flow,inventory_improving,valid,markout,3342000000,26736000,10026000,16710000,0,0,10026000,settled,0,0,2,800000
0xbabc63139ce67a555ca788323614f3bf1777e0439bc05bbde4d5c5c7a646a0fe,inventory_improving_flow,inventory_improving,valid,fixed,1307000000,3921000,3921000,0,0,0,3921000,not_required,0,0,0,0
0xbabc63139ce67a555ca788323614f3bf1777e0439bc05bbde4d5c5c7a646a0fe,inventory_improving_flow,inventory_improving,valid,volatility,1307000000,5393989,5393989,0,0,0,5393989,not_required,0,0,0,0
0xbabc63139ce67a555ca788323614f3bf1777e0439bc05bbde4d5c5c7a646a0fe,inventory_improving_flow,inventory_improving,valid,markout,1307000000,10456000,3921000,6535000,0,0,3921000,settled,0,0,2,800000
0xf09c7760fca0e13cc41fc93cc6ddf7ef20190910e3efacce1116817bbbecd76b,inventory_improving_flow,inventory_improving,valid,fixed,2140000000,6420000,6420000,0,0,0,6420000,not_required,0,0,0,0
0xf09c7760fca0e13cc41fc93cc6ddf7ef20190910e3efacce1116817bbbecd76b,inventory_improving_flow,inventory_improving,valid,volatility,2140000000,8399500,8399500,0,0,0,8399500,not_required,0,0,0,0
0xf09c7760fca0e13cc41fc93cc6ddf7ef20190910e3efacce1116817bbbecd76b,inventory_improving_flow,inventory_improving,valid,markout,2140000000,17120000,6420000,10700000,0,0,6420000,settled,0,0,2,800000
0xfafe700c807c2dfa4fbd9b963fbfa90ce1c23b663fcded5aa27ecceabb7b1a4c,inventory_improving_flow,inventory_improving,valid,fixed,3176000000,9528000,9528000,0,0,0,9528000,not_required,0,0,0,0
0xfafe700c807c2dfa4fbd9b963fbfa90ce1c23b663fcded5aa27ecceabb7b1a4c,inventory_improving_flow,inventory_improving,valid,volatility,3176000000,12173608,12173608,0,0,0,12173608,not_required,0,0,0,0
0xfafe700c807c2dfa4fbd9b963fbfa90ce1c23b663fcded5aa27ecceabb7b1a4c,inventory_improving_flow,inventory_improving,valid,markout,3176000000,25408000,9528000,15880000,0,0,9528000,settled,0,0,2,800000
0xf28f709ffe36b16789111eabd5616301a00ba3a389a8b26357e256b26d294616,inventory_improving_flow,inventory_improving,valid,fixed,144000000,432000,432000,0,0,0,432000,not_required,0,0,0,0
0xf28f709ffe36b16789111eabd5616301a00ba3a389a8b26357e256b26d294616,inventory_improving_flow,inventory_improving,valid,volatility,144000000,574848,574848,0,0,0,574848,not_required,0,0,0,0
0xf28f709ffe36b16789111eabd5616301a00ba3a389a8b26357e256b26d294616,inventory_improving_flow,inventory_improving,valid,markout,144000000,1152000,432000,720000,0,0,432000,settled,0,0,2,800000
0x684dd9a60b92265c3419d44a9d7c3f45f2e6e1fbebeb6c95860442b7051b91c4,inventory_improving_flow,inventory_improving,valid,fixed,2393000000,7179000,7179000,0,0,0,7179000,not_required,0,0,0,0
0x684dd9a60b92265c3419d44a9d7c3f45f2e6e1fbebeb6c95860442b7051b91c4,inventory_improving_flow,inventory_improving,valid,volatility,2393000000,10395192,10395192,0,0,0,10395192,not_required,0,0,0,0
0x684dd9a60b92265c3419d44a9d7c3f45f2e6e1fbebeb6c95860442b7051b91c4,inventory_improving_flow,inventory_improving,valid,markout,2393000000,19144000,7179000,11965000,0,0,7179000,settled,0,0,2,800000
0x3ca00e7dc982c736618c33ba6aafebe0cc891d3d6eb4c0b648be46099c1e55a4,inventory_improving_flow,inventory_improving,valid,fixed,984000000,2952000,2952000,0,0,0,2952000,not_required,0,0,0,0
0x3ca00e7dc982c736618c33ba6aafebe0cc891d3d6eb4c0b648be46099c1e55a4,inventory_improving_flow,inventory_improving,valid,volatility,984000000,4195776,4195776,0,0,0,4195776,not_required,0,0,0,0
0x3ca00e7dc982c736618c33ba6aafebe0cc891d3d6eb4c0b648be46099c1e55a4,inventory_improving_flow,inventory_improving,valid,markout,984000000,7872000,2952000,4920000,0,0,2952000,settled,0,0,2,800000
0x6b53d227c7bd683bfae3a775688ea90d34d9fb27c5d5281aa94de1d380476b1e,inventory_improving_flow,inventory_improving,valid,fixed,3080000000,9240000,9240000,0,0,0,9240000,not_required,0,0,0,0
0x6b53d227c7bd683bfae3a775688ea90d34d9fb27c5d5281aa94de1d380476b1e,inventory_improving_flow,inventory_improving,valid,volatility,3080000000,12504800,12504800,0,0,0,12504800,not_required,0,0,0,0
0x6b53d227c7bd683bfae3a775688ea90d34d9fb27c5d5281aa94de1d380476b1e,inventory_improving_flow,inventory_improving,valid,markout,3080000000,24640000,9240000,15400000,0,0,9240000,settled,0,0,2,800000
0xca96e37599e1945b7ca92104b7b41275f08d928406968ceadb50361b3cab960a,inventory_improving_flow,inventory_improving,valid,fixed,1367000000,4101000,4101000,0,0,0,4101000,not_required,0,0,0,0
0xca96e37599e1945b7ca92104b7b41275f08d928406968ceadb50361b3cab960a,inventory_improving_flow,inventory_improving,valid,volatility,1367000000,6103655,6103655,0,0,0,6103655,not_required,0,0,0,0
0xca96e37599e1945b7ca92104b7b41275f08d928406968ceadb50361b3cab960a,inventory_improving_flow,inventory_improving,valid,markout,1367000000,10936000,4101000,6835000,0,0,4101000,settled,0,0,2,800000
0x7381e030f0e5d205e861c37e80e6281e6a9059c8db5f2b238baed2acaea14bf6,inventory_improving_flow,inventory_improving,valid,fixed,3649000000,10947000,10947000,0,0,0,10947000,not_required,0,0,0,0
0x7381e030f0e5d205e861c37e80e6281e6a9059c8db5f2b238baed2acaea14bf6,inventory_improving_flow,inventory_improving,valid,volatility,3649000000,15847607,15847607,0,0,0,15847607,not_required,0,0,0,0
0x7381e030f0e5d205e861c37e80e6281e6a9059c8db5f2b238baed2acaea14bf6,inventory_improving_flow,inventory_improving,valid,markout,3649000000,29192000,10947000,18245000,0,0,10947000,settled,0,0,2,800000
0x2b3526a382d9a534eb9709b03182c79c4c89669850cfef18a25ea29bda6d03b3,inventory_improving_flow,inventory_improving,valid,fixed,4339000000,13017000,13017000,0,0,0,13017000,not_required,0,0,0,0
0x2b3526a382d9a534eb9709b03182c79c4c89669850cfef18a25ea29bda6d03b3,inventory_improving_flow,inventory_improving,valid,volatility,4339000000,17664069,17664069,0,0,0,17664069,not_required,0,0,0,0
0x2b3526a382d9a534eb9709b03182c79c4c89669850cfef18a25ea29bda6d03b3,inventory_improving_flow,inventory_improving,valid,markout,4339000000,34712000,13017000,21695000,0,0,13017000,settled,0,0,2,800000
0x1cb4780314631fca20582947e701b7052a6cb296c5bed1af81c1e303504f4b88,inventory_improving_flow,inventory_improving,valid,fixed,429000000,1287000,1287000,0,0,0,1287000,not_required,0,0,0,0
0x1cb4780314631fca20582947e701b7052a6cb296c5bed1af81c1e303504f4b88,inventory_improving_flow,inventory_improving,valid,volatility,429000000,1898325,1898325,0,0,0,1898325,not_required,0,0,0,0
0x1cb4780314631fca20582947e701b7052a6cb296c5bed1af81c1e303504f4b88,inventory_improving_flow,inventory_improving,valid,markout,429000000,3432000,1287000,2145000,0,0,1287000,settled,0,0,2,800000
0x52c99843e147debebd96e2929d581c6c583c2b29b1482a6ee565e9f252603402,inventory_improving_flow,inventory_improving,valid,fixed,239000000,717000,717000,0,0,0,717000,not_required,0,0,0,0
0x52c99843e147debebd96e2929d581c6c583c2b29b1482a6ee565e9f252603402,inventory_improving_flow,inventory_improving,valid,volatility,239000000,1034631,1034631,0,0,0,1034631,not_required,0,0,0,0
0x52c99843e147debebd96e2929d581c6c583c2b29b1482a6ee565e9f252603402,inventory_improving_flow,inventory_improving,valid,markout,239000000,1912000,717000,1195000,0,0,717000,settled,0,0,2,800000
0x2ee6908395b98e92258f79aace8cb65b05440fe8c1688ff92e2617832a7ec2f6,inventory_improving_flow,inventory_improving,valid,fixed,2039000000,6117000,6117000,0,0,0,6117000,not_required,0,0,0,0
0x2ee6908395b98e92258f79aace8cb65b05440fe8c1688ff92e2617832a7ec2f6,inventory_improving_flow,inventory_improving,valid,volatility,2039000000,7868501,7868501,0,0,0,7868501,not_required,0,0,0,0
0x2ee6908395b98e92258f79aace8cb65b05440fe8c1688ff92e2617832a7ec2f6,inventory_improving_flow,inventory_improving,valid,markout,2039000000,16312000,6117000,10195000,0,0,6117000,settled,0,0,2,800000
0x1f393a33d764fbaf79559db046251cb590336d535e75b6ddab1ed1d4aa8ffbec,inventory_improving_flow,inventory_improving,valid,fixed,3502000000,10506000,10506000,0,0,0,10506000,not_required,0,0,0,0
0x1f393a33d764fbaf79559db046251cb590336d535e75b6ddab1ed1d4aa8ffbec,inventory_improving_flow,inventory_improving,valid,volatility,3502000000,12964404,12964404,0,0,0,12964404,not_required,0,0,0,0
0x1f393a33d764fbaf79559db046251cb590336d535e75b6ddab1ed1d4aa8ffbec,inventory_improving_flow,inventory_improving,valid,markout,3502000000,28016000,10506000,17510000,0,0,10506000,settled,0,0,2,800000
0x4170628fae7a78691bdbcea965851c98c1846f41b493dc9843ee1851eaa6d6f1,inventory_improving_flow,inventory_improving,valid,fixed,2964000000,8892000,8892000,0,0,0,8892000,not_required,0,0,0,0
0x4170628fae7a78691bdbcea965851c98c1846f41b493dc9843ee1851eaa6d6f1,inventory_improving_flow,inventory_improving,valid,volatility,2964000000,12306528,12306528,0,0,0,12306528,not_required,0,0,0,0
0x4170628fae7a78691bdbcea965851c98c1846f41b493dc9843ee1851eaa6d6f1,inventory_improving_flow,inventory_improving,valid,markout,2964000000,23712000,8892000,14820000,0,0,8892000,settled,0,0,2,800000
0x8ae505043a1ae3961bdcf3821dfabba78322e1bca5bcd26b6939f8cff8aa25d1,inventory_improving_flow,inventory_improving,valid,fixed,4677000000,14031000,14031000,0,0,0,14031000,not_required,0,0,0,0
0x8ae505043a1ae3961bdcf3821dfabba78322e1bca5bcd26b6939f8cff8aa25d1,inventory_improving_flow,inventory_improving,valid,volatility,4677000000,18867018,18867018,0,0,0,18867018,not_required,0,0,0,0
0x8ae505043a1ae3961bdcf3821dfabba78322e1bca5bcd26b6939f8cff8aa25d1,inventory_improving_flow,inventory_improving,valid,markout,4677000000,37416000,14031000,23385000,0,0,14031000,settled,0,0,2,800000
0x3b1ac3829c35380220556be1c4ddccf7f59d10326b53d7233d673efdb69fdc6e,inventory_improving_flow,inventory_improving,valid,fixed,3022000000,9066000,9066000,0,0,0,9066000,not_required,0,0,0,0
0x3b1ac3829c35380220556be1c4ddccf7f59d10326b53d7233d673efdb69fdc6e,inventory_improving_flow,inventory_improving,valid,volatility,3022000000,12728664,12728664,0,0,0,12728664,not_required,0,0,0,0
0x3b1ac3829c35380220556be1c4ddccf7f59d10326b53d7233d673efdb69fdc6e,inventory_improving_flow,inventory_improving,valid,markout,3022000000,24176000,9066000,15110000,0,0,9066000,settled,0,0,2,800000
0x4961ec1aa7898c13d25d0c664897635177bcb9d189ac2c6cd94b0745285ca242,inventory_improving_flow,inventory_improving,valid,fixed,2878000000,8634000,8634000,0,0,0,8634000,not_required,0,0,0,0
0x4961ec1aa7898c13d25d0c664897635177bcb9d189ac2c6cd94b0745285ca242,inventory_improving_flow,inventory_improving,valid,volatility,2878000000,11031374,11031374,0,0,0,11031374,not_required,0,0,0,0
0x4961ec1aa7898c13d25d0c664897635177bcb9d189ac2c6cd94b0745285ca242,inventory_improving_flow,inventory_improving,valid,markout,2878000000,23024000,8634000,14390000,0,0,8634000,settled,0,0,2,800000
0x489ec193cbc60416cee2fef24dceeea8632e380df38098426e5f2b9f17ceee5b,inventory_improving_flow,inventory_improving,valid,fixed,3361000000,10083000,10083000,0,0,0,10083000,not_required,0,0,0,0
0x489ec193cbc60416cee2fef24dceeea8632e380df38098426e5f2b9f17ceee5b,inventory_improving_flow,inventory_improving,valid,volatility,3361000000,14707736,14707736,0,0,0,14707736,not_required,0,0,0,0
0x489ec193cbc60416cee2fef24dceeea8632e380df38098426e5f2b9f17ceee5b,inventory_improving_flow,inventory_improving,valid,markout,3361000000,26888000,10083000,16805000,0,0,10083000,settled,0,0,2,800000
0xcb65422a01dfe70fa99058270bb6ee8d973f5944146a414144cc9ef480facb7b,inventory_improving_flow,inventory_improving,valid,fixed,271000000,813000,813000,0,0,0,813000,not_required,0,0,0,0
0xcb65422a01dfe70fa99058270bb6ee8d973f5944146a414144cc9ef480facb7b,inventory_improving_flow,inventory_improving,valid,volatility,271000000,1052022,1052022,0,0,0,1052022,not_required,0,0,0,0
0xcb65422a01dfe70fa99058270bb6ee8d973f5944146a414144cc9ef480facb7b,inventory_improving_flow,inventory_improving,valid,markout,271000000,2168000,813000,1355000,0,0,813000,settled,0,0,2,800000
0x4fa9ccdeb4634920a0f8d4c273575363cc6705509b048d999f39b024d2e3dc76,inventory_improving_flow,inventory_improving,valid,fixed,2772000000,8316000,8316000,0,0,0,8316000,not_required,0,0,0,0
0x4fa9ccdeb4634920a0f8d4c273575363cc6705509b048d999f39b024d2e3dc76,inventory_improving_flow,inventory_improving,valid,volatility,2772000000,11035332,11035332,0,0,0,11035332,not_required,0,0,0,0
0x4fa9ccdeb4634920a0f8d4c273575363cc6705509b048d999f39b024d2e3dc76,inventory_improving_flow,inventory_improving,valid,markout,2772000000,22176000,8316000,13860000,0,0,8316000,settled,0,0,2,800000
0x9e136a3ee99e1516a6b24c63991cb215fa6c3b3db0b5d90777b5af46de2fc754,inventory_improving_flow,inventory_improving,valid,fixed,333000000,999000,999000,0,0,0,999000,not_required,0,0,0,0
0x9e136a3ee99e1516a6b24c63991cb215fa6c3b3db0b5d90777b5af46de2fc754,inventory_improving_flow,inventory_improving,valid,volatility,333000000,1450881,1450881,0,0,0,1450881,not_required,0,0,0,0
0x9e136a3ee99e1516a6b24c63991cb215fa6c3b3db0b5d90777b5af46de2fc754,inventory_improving_flow,inventory_improving,valid,markout,333000000,2664000,999000,1665000,0,0,999000,settled,0,0,2,800000
0x5f12c4543b6cb4a56b3514d4befe07e4491535ff4eaaf9f06c0a366db228d7a3,inventory_improving_flow,inventory_improving,valid,fixed,4122000000,12366000,12366000,0,0,0,12366000,not_required,0,0,0,0
0x5f12c4543b6cb4a56b3514d4befe07e4491535ff4eaaf9f06c0a366db228d7a3,inventory_improving_flow,inventory_improving,valid,volatility,4122000000,16999128,16999128,0,0,0,16999128,not_required,0,0,0,0
0x5f12c4543b6cb4a56b3514d4befe07e4491535ff4eaaf9f06c0a366db228d7a3,inventory_improving_flow,inventory_improving,valid,markout,4122000000,32976000,12366000,20610000,0,0,12366000,settled,0,0,2,800000
0x47350e92c1a32afdd4bbb558d1bc2f3e9e89752b432a5e88da9495524ff49efd,inventory_improving_flow,inventory_improving,valid,fixed,440000000,1320000,1320000,0,0,0,1320000,not_required,0,0,0,0
0x47350e92c1a32afdd4bbb558d1bc2f3e9e89752b432a5e88da9495524ff49efd,inventory_improving_flow,inventory_improving,valid,volatility,440000000,1946560,1946560,0,0,0,1946560,not_required,0,0,0,0
0x47350e92c1a32afdd4bbb558d1bc2f3e9e89752b432a5e88da9495524ff49efd,inventory_improving_flow,inventory_improving,valid,markout,440000000,3520000,1320000,2200000,0,0,1320000,settled,0,0,2,800000
0xc7302e5ec2e29d733757a8ca9a33a8ac496cc351de8781556604f6807fe11c05,inventory_improving_flow,inventory_improving,valid,fixed,573000000,1719000,1719000,0,0,0,1719000,not_required,0,0,0,0
0xc7302e5ec2e29d733757a8ca9a33a8ac496cc351de8781556604f6807fe11c05,inventory_improving_flow,inventory_improving,valid,volatility,573000000,2317212,2317212,0,0,0,2317212,not_required,0,0,0,0
0xc7302e5ec2e29d733757a8ca9a33a8ac496cc351de8781556604f6807fe11c05,inventory_improving_flow,inventory_improving,valid,markout,573000000,4584000,1719000,2865000,0,0,1719000,settled,0,0,2,800000
0xd407c26db4c71615092de432956b0a5342620939ada771663e249466d190860e,inventory_improving_flow,inventory_improving,valid,fixed,3738000000,11214000,11214000,0,0,0,11214000,not_required,0,0,0,0
0xd407c26db4c71615092de432956b0a5342620939ada771663e249466d190860e,inventory_improving_flow,inventory_improving,valid,volatility,3738000000,16720074,16720074,0,0,0,16720074,not_required,0,0,0,0
0xd407c26db4c71615092de432956b0a5342620939ada771663e249466d190860e,inventory_improving_flow,inventory_improving,valid,markout,3738000000,29904000,11214000,18690000,0,0,11214000,settled,0,0,2,800000
0x80061dad15083532d17e47825a81276cbb44c8276fedff44e665d3d8a842442a,inventory_improving_flow,inventory_improving,valid,fixed,126000000,378000,378000,0,0,0,378000,not_required,0,0,0,0
0x80061dad15083532d17e47825a81276cbb44c8276fedff44e665d3d8a842442a,inventory_improving_flow,inventory_improving,valid,volatility,126000000,493038,493038,0,0,0,493038,not_required,0,0,0,0
0x80061dad15083532d17e47825a81276cbb44c8276fedff44e665d3d8a842442a,inventory_improving_flow,inventory_improving,valid,markout,126000000,1008000,378000,630000,0,0,378000,settled,0,0,2,800000
0xe47e040258fc517142a2f6408d8dca7cfb7d1212b0d9c8ae5ee74b5dd5a1bb4d,inventory_improving_flow,inventory_improving,valid,fixed,2151000000,6453000,6453000,0,0,0,6453000,not_required,0,0,0,0
0xe47e040258fc517142a2f6408d8dca7cfb7d1212b0d9c8ae5ee74b5dd5a1bb4d,inventory_improving_flow,inventory_improving,valid,volatility,2151000000,8642718,8642718,0,0,0,8642718,not_required,0,0,0,0
0xe47e040258fc517142a2f6408d8dca7cfb7d1212b0d9c8ae5ee74b5dd5a1bb4d,inventory_improving_flow,inventory_improving,valid,markout,2151000000,17208000,6453000,10755000,0,0,6453000,settled,0,0,2,800000
0x7cd7a67c7bdac7aa983fd40b74b45d08fb469964fbefe5f5d22cbb48faf21f6e,inventory_improving_flow,inventory_improving,valid,fixed,298000000,894000,894000,0,0,0,894000,not_required,0,0,0,0
0x7cd7a67c7bdac7aa983fd40b74b45d08fb469964fbefe5f5d22cbb48faf21f6e,inventory_improving_flow,inventory_improving,valid,volatility,298000000,1264414,1264414,0,0,0,1264414,not_required,0,0,0,0
0x7cd7a67c7bdac7aa983fd40b74b45d08fb469964fbefe5f5d22cbb48faf21f6e,inventory_improving_flow,inventory_improving,valid,markout,298000000,2384000,894000,1490000,0,0,894000,settled,0,0,2,800000
0xf83db6f35770b7c73f16cec208b12ee04951835925786955276cfdeca7469112,inventory_improving_flow,inventory_improving,valid,fixed,3041000000,9123000,9123000,0,0,0,9123000,not_required,0,0,0,0
0xf83db6f35770b7c73f16cec208b12ee04951835925786955276cfdeca7469112,inventory_improving_flow,inventory_improving,valid,volatility,3041000000,12419444,12419444,0,0,0,12419444,not_required,0,0,0,0
0xf83db6f35770b7c73f16cec208b12ee04951835925786955276cfdeca7469112,inventory_improving_flow,inventory_improving,valid,markout,3041000000,24328000,9123000,15205000,0,0,9123000,settled,0,0,2,800000
0x0eb20dc085f5e3ad5f3818e9ce9244aa5963b28b644202978f8f45665ad0c9bb,inventory_improving_flow,inventory_improving,valid,fixed,393000000,1179000,1179000,0,0,0,1179000,not_required,0,0,0,0
0x0eb20dc085f5e3ad5f3818e9ce9244aa5963b28b644202978f8f45665ad0c9bb,inventory_improving_flow,inventory_improving,valid,volatility,393000000,1615230,1615230,0,0,0,1615230,not_required,0,0,0,0
0x0eb20dc085f5e3ad5f3818e9ce9244aa5963b28b644202978f8f45665ad0c9bb,inventory_improving_flow,inventory_improving,valid,markout,393000000,3144000,1179000,1965000,0,0,1179000,settled,0,0,2,800000
0xc3a8b50f46520fd4ab876c984cd9ee4a06a37c20db0284f6b2aabaec388cfb38,inventory_improving_flow,inventory_improving,valid,fixed,542000000,1626000,1626000,0,0,0,1626000,not_required,0,0,0,0
0xc3a8b50f46520fd4ab876c984cd9ee4a06a37c20db0284f6b2aabaec388cfb38,inventory_improving_flow,inventory_improving,valid,volatility,542000000,1993476,1993476,0,0,0,1993476,not_required,0,0,0,0
0xc3a8b50f46520fd4ab876c984cd9ee4a06a37c20db0284f6b2aabaec388cfb38,inventory_improving_flow,inventory_improving,valid,markout,542000000,4336000,1626000,2710000,0,0,1626000,settled,0,0,2,800000
0xb90ce3415ee78ced03d867b10f9dfeb4713471113b606ec313fa72e19e838edf,inventory_improving_flow,inventory_improving,valid,fixed,3252000000,9756000,9756000,0,0,0,9756000,not_required,0,0,0,0
0xb90ce3415ee78ced03d867b10f9dfeb4713471113b606ec313fa72e19e838edf,inventory_improving_flow,inventory_improving,valid,volatility,3252000000,13346208,13346208,0,0,0,13346208,not_required,0,0,0,0
0xb90ce3415ee78ced03d867b10f9dfeb4713471113b606ec313fa72e19e838edf,inventory_improving_flow,inventory_improving,valid,markout,3252000000,26016000,9756000,16260000,0,0,9756000,settled,0,0,2,800000
0xb899747ea87cda0e189a3c27c8ba375731cb421aaa73119ec3f8f6789db17344,inventory_improving_flow,inventory_improving,valid,fixed,3959000000,11877000,11877000,0,0,0,11877000,not_required,0,0,0,0
0xb899747ea87cda0e189a3c27c8ba375731cb421aaa73119ec3f8f6789db17344,inventory_improving_flow,inventory_improving,valid,volatility,3959000000,15982483,15982483,0,0,0,15982483,not_required,0,0,0,0
0xb899747ea87cda0e189a3c27c8ba375731cb421aaa73119ec3f8f6789db17344,inventory_improving_flow,inventory_improving,valid,markout,3959000000,31672000,11877000,19795000,0,0,11877000,settled,0,0,2,800000
0xc55e29ed056899dacd52e5c3ae2f34b83f7e968aee22fb92c96eb3255036f77f,inventory_improving_flow,inventory_improving,valid,fixed,1527000000,4581000,4581000,0,0,0,4581000,not_required,0,0,0,0
0xc55e29ed056899dacd52e5c3ae2f34b83f7e968aee22fb92c96eb3255036f77f,inventory_improving_flow,inventory_improving,valid,volatility,1527000000,6647031,6647031,0,0,0,6647031,not_required,0,0,0,0
0xc55e29ed056899dacd52e5c3ae2f34b83f7e968aee22fb92c96eb3255036f77f,inventory_improving_flow,inventory_improving,valid,markout,1527000000,12216000,4581000,7635000,0,0,4581000,settled,0,0,2,800000
0x1c7aafb26d18f641d1bd087a2b5e8524ce40e74b6fc02e4511fb96c70a3e8841,inventory_improving_flow,inventory_improving,valid,fixed,2680000000,8040000,8040000,0,0,0,8040000,not_required,0,0,0,0
0x1c7aafb26d18f641d1bd087a2b5e8524ce40e74b6fc02e4511fb96c70a3e8841,inventory_improving_flow,inventory_improving,valid,volatility,2680000000,9720360,9720360,0,0,0,9720360,not_required,0,0,0,0
0x1c7aafb26d18f641d1bd087a2b5e8524ce40e74b6fc02e4511fb96c70a3e8841,inventory_improving_flow,inventory_improving,valid,markout,2680000000,21440000,8040000,13400000,0,0,8040000,settled,0,0,2,800000
0x6b85abec27ad518eb88a0442ce67c81cd5a392d914260354140996ffa1d80d91,inventory_improving_flow,inventory_improving,valid,fixed,3497000000,10491000,10491000,0,0,0,10491000,not_required,0,0,0,0
0x6b85abec27ad518eb88a0442ce67c81cd5a392d914260354140996ffa1d80d91,inventory_improving_flow,inventory_improving,valid,volatility,3497000000,15631590,15631590,0,0,0,15631590,not_required,0,0,0,0
0x6b85abec27ad518eb88a0442ce67c81cd5a392d914260354140996ffa1d80d91,inventory_improving_flow,inventory_improving,valid,markout,3497000000,27976000,10491000,17485000,0,0,10491000,settled,0,0,2,800000
0x4ed8017a8fbf0a7e0536ae273c883834bd78f15e169b6575e27772a66c5b2788,inventory_improving_flow,inventory_improving,valid,fixed,4682000000,14046000,14046000,0,0,0,14046000,not_required,0,0,0,0
0x4ed8017a8fbf0a7e0536ae273c883834bd78f15e169b6575e27772a66c5b2788,inventory_improving_flow,inventory_improving,valid,volatility,4682000000,19706538,19706538,0,0,0,19706538,not_required,0,0,0,0
0x4ed8017a8fbf0a7e0536ae273c883834bd78f15e169b6575e27772a66c5b2788,inventory_improving_flow,inventory_improving,valid,markout,4682000000,37456000,14046000,23410000,0,0,14046000,settled,0,0,2,800000
0xbcf13c174c9dd8f37d1e272a673a69dd85f49368ca4bbe48b871822656d10c8a,inventory_improving_flow,inventory_improving,valid,fixed,4410000000,13230000,13230000,0,0,0,13230000,not_required,0,0,0,0
0xbcf13c174c9dd8f37d1e272a673a69dd85f49368ca4bbe48b871822656d10c8a,inventory_improving_flow,inventory_improving,valid,volatility,4410000000,16317000,16317000,0,0,0,16317000,not_required,0,0,0,0
0xbcf13c174c9dd8f37d1e272a673a69dd85f49368ca4bbe48b871822656d10c8a,inventory_improving_flow,inventory_improving,valid,markout,4410000000,35280000,13230000,22050000,0,0,13230000,settled,0,0,2,800000
0x18fafc02eeb2d9073d7c1b10a76c2972f80cf4cd4ee24e03bd19f676eed431b2,inventory_improving_flow,inventory_improving,valid,fixed,3886000000,11658000,11658000,0,0,0,11658000,not_required,0,0,0,0
0x18fafc02eeb2d9073d7c1b10a76c2972f80cf4cd4ee24e03bd19f676eed431b2,inventory_improving_flow,inventory_improving,valid,volatility,3886000000,14817318,14817318,0,0,0,14817318,not_required,0,0,0,0
0x18fafc02eeb2d9073d7c1b10a76c2972f80cf4cd4ee24e03bd19f676eed431b2,inventory_improving_flow,inventory_improving,valid,markout,3886000000,31088000,11658000,19430000,0,0,11658000,settled,0,0,2,800000
0x2b332e7f8e689c90198aa9e8d55b4478a491365d4fcb76a486a7521f1e02e59c,inventory_improving_flow,inventory_improving,valid,fixed,3342000000,10026000,10026000,0,0,0,10026000,not_required,0,0,0,0
0x2b332e7f8e689c90198aa9e8d55b4478a491365d4fcb76a486a7521f1e02e59c,inventory_improving_flow,inventory_improving,valid,volatility,3342000000,14240262,14240262,0,0,0,14240262,not_required,0,0,0,0
0x2b332e7f8e689c90198aa9e8d55b4478a491365d4fcb76a486a7521f1e02e59c,inventory_improving_flow,inventory_improving,valid,markout,3342000000,26736000,10026000,16710000,0,0,10026000,settled,0,0,2,800000
0x96fd04fd2c186cd2a76fe1a37ce48c9705429f68b1a19a99e7e2bb490acbdfee,inventory_improving_flow,inventory_improving,valid,fixed,4323000000,12969000,12969000,0,0,0,12969000,not_required,0,0,0,0
0x96fd04fd2c186cd2a76fe1a37ce48c9705429f68b1a19a99e7e2bb490acbdfee,inventory_improving_flow,inventory_improving,valid,volatility,4323000000,17983680,17983680,0,0,0,17983680,not_required,0,0,0,0
0x96fd04fd2c186cd2a76fe1a37ce48c9705429f68b1a19a99e7e2bb490acbdfee,inventory_improving_flow,inventory_improving,valid,markout,4323000000,34584000,12969000,21615000,0,0,12969000,settled,0,0,2,800000
0x733496374e09811d3b8002574a63cb06e1e262393cd140f7249f12b991a3e345,inventory_improving_flow,inventory_improving,valid,fixed,4477000000,13431000,13431000,0,0,0,13431000,not_required,0,0,0,0
0x733496374e09811d3b8002574a63cb06e1e262393cd140f7249f12b991a3e345,inventory_improving_flow,inventory_improving,valid,volatility,4477000000,19707754,19707754,0,0,0,19707754,not_required,0,0,0,0
0x733496374e09811d3b8002574a63cb06e1e262393cd140f7249f12b991a3e345,inventory_improving_flow,inventory_improving,valid,markout,4477000000,35816000,13431000,22385000,0,0,13431000,settled,0,0,2,800000
0x62e7168cbf86f27132c5dcf44416875b3a9185be4cdde118f83ad40651dadd9a,inventory_improving_flow,inventory_improving,valid,fixed,2213000000,6639000,6639000,0,0,0,6639000,not_required,0,0,0,0
0x62e7168cbf86f27132c5dcf44416875b3a9185be4cdde118f83ad40651dadd9a,inventory_improving_flow,inventory_improving,valid,volatility,2213000000,8980354,8980354,0,0,0,8980354,not_required,0,0,0,0
0x62e7168cbf86f27132c5dcf44416875b3a9185be4cdde118f83ad40651dadd9a,inventory_improving_flow,inventory_improving,valid,markout,2213000000,17704000,6639000,11065000,0,0,6639000,settled,0,0,2,800000
0x58d0c7b76fbcbe4dcf929dae56ec588e4d08c1fc3202ad8d6a17c4ec813406fa,inventory_improving_flow,inventory_improving,valid,fixed,502000000,1506000,1506000,0,0,0,1506000,not_required,0,0,0,0
0x58d0c7b76fbcbe4dcf929dae56ec588e4d08c1fc3202ad8d6a17c4ec813406fa,inventory_improving_flow,inventory_improving,valid,volatility,502000000,2203278,2203278,0,0,0,2203278,not_required,0,0,0,0
0x58d0c7b76fbcbe4dcf929dae56ec588e4d08c1fc3202ad8d6a17c4ec813406fa,inventory_improving_flow,inventory_improving,valid,markout,502000000,4016000,1506000,2510000,0,0,1506000,settled,0,0,2,800000
0xe71ac60280ca7ff0f95c0d3afa74d2ad05c83cd44f619d32191a1b93dd12e4b8,inventory_improving_flow,inventory_improving,valid,fixed,3814000000,11442000,11442000,0,0,0,11442000,not_required,0,0,0,0
0xe71ac60280ca7ff0f95c0d3afa74d2ad05c83cd44f619d32191a1b93dd12e4b8,inventory_improving_flow,inventory_improving,valid,volatility,3814000000,15439072,15439072,0,0,0,15439072,not_required,0,0,0,0
0xe71ac60280ca7ff0f95c0d3afa74d2ad05c83cd44f619d32191a1b93dd12e4b8,inventory_improving_flow,inventory_improving,valid,markout,3814000000,30512000,11442000,19070000,0,0,11442000,settled,0,0,2,800000
0x00162f7da982f99bb535169f779b983dd30546a0ea49f110577cead71146649b,inventory_improving_flow,inventory_improving,valid,fixed,4855000000,14565000,14565000,0,0,0,14565000,not_required,0,0,0,0
0x00162f7da982f99bb535169f779b983dd30546a0ea49f110577cead71146649b,inventory_improving_flow,inventory_improving,valid,volatility,4855000000,19531665,19531665,0,0,0,19531665,not_required,0,0,0,0
0x00162f7da982f99bb535169f779b983dd30546a0ea49f110577cead71146649b,inventory_improving_flow,inventory_improving,valid,markout,4855000000,38840000,14565000,24275000,0,0,14565000,settled,0,0,2,800000
0xf508dce51030884e3caf2150b4c5b2b4ab14e2aeeb5448580e424b11ebb9902a,inventory_improving_flow,inventory_improving,valid,fixed,1763000000,5289000,5289000,0,0,0,5289000,not_required,0,0,0,0
0xf508dce51030884e3caf2150b4c5b2b4ab14e2aeeb5448580e424b11ebb9902a,inventory_improving_flow,inventory_improving,valid,volatility,1763000000,7281190,7281190,0,0,0,7281190,not_required,0,0,0,0
0xf508dce51030884e3caf2150b4c5b2b4ab14e2aeeb5448580e424b11ebb9902a,inventory_improving_flow,inventory_improving,valid,markout,1763000000,14104000,5289000,8815000,0,0,5289000,settled,0,0,2,800000
0x12512c2b63ab646f8db5a562933f145defa2e0c62043f18e0fab0d0f7cfcada4,inventory_improving_flow,inventory_improving,valid,fixed,884000000,2652000,2652000,0,0,0,2652000,not_required,0,0,0,0
0x12512c2b63ab646f8db5a562933f145defa2e0c62043f18e0fab0d0f7cfcada4,inventory_improving_flow,inventory_improving,valid,volatility,884000000,3237208,3237208,0,0,0,3237208,not_required,0,0,0,0
0x12512c2b63ab646f8db5a562933f145defa2e0c62043f18e0fab0d0f7cfcada4,inventory_improving_flow,inventory_improving,valid,markout,884000000,7072000,2652000,4420000,0,0,2652000,settled,0,0,2,800000
0x590476b550f76ae0f5ee52cbd1b540bc9579352fd44d39e527e7321acd0f25c6,inventory_improving_flow,inventory_improving,valid,fixed,4969000000,14907000,14907000,0,0,0,14907000,not_required,0,0,0,0
0x590476b550f76ae0f5ee52cbd1b540bc9579352fd44d39e527e7321acd0f25c6,inventory_improving_flow,inventory_improving,valid,volatility,4969000000,19915752,19915752,0,0,0,19915752,not_required,0,0,0,0
0x590476b550f76ae0f5ee52cbd1b540bc9579352fd44d39e527e7321acd0f25c6,inventory_improving_flow,inventory_improving,valid,markout,4969000000,39752000,14907000,24845000,0,0,14907000,settled,0,0,2,800000
0xa4253ab9421487b6823ae927494462c40b7a49e5b2fa06d918bf115074ebc7a6,inventory_improving_flow,inventory_improving,valid,fixed,3210000000,9630000,9630000,0,0,0,9630000,not_required,0,0,0,0
0xa4253ab9421487b6823ae927494462c40b7a49e5b2fa06d918bf115074ebc7a6,inventory_improving_flow,inventory_improving,valid,volatility,3210000000,14236350,14236350,0,0,0,14236350,not_required,0,0,0,0
0xa4253ab9421487b6823ae927494462c40b7a49e5b2fa06d918bf115074ebc7a6,inventory_improving_flow,inventory_improving,valid,markout,3210000000,25680000,9630000,16050000,0,0,9630000,settled,0,0,2,800000
0xa1017b1fc3dd0738b9ff22d93c421aacf342ededb0477a01e4a063ff88d6a32c,inventory_improving_flow,inventory_improving,valid,fixed,4846000000,14538000,14538000,0,0,0,14538000,not_required,0,0,0,0
0xa1017b1fc3dd0738b9ff22d93c421aacf342ededb0477a01e4a063ff88d6a32c,inventory_improving_flow,inventory_improving,valid,volatility,4846000000,20454966,20454966,0,0,0,20454966,not_required,0,0,0,0
0xa1017b1fc3dd0738b9ff22d93c421aacf342ededb0477a01e4a063ff88d6a32c,inventory_improving_flow,inventory_improving,valid,markout,4846000000,38768000,14538000,24230000,0,0,14538000,settled,0,0,2,800000
0x4c0caedfc0759cdc849122aba622d91f83e552ba01ab9d8dfd05da7a04c8d8bf,inventory_improving_flow,inventory_improving,valid,fixed,3096000000,9288000,9288000,0,0,0,9288000,not_required,0,0,0,0
0x4c0caedfc0759cdc849122aba622d91f83e552ba01ab9d8dfd05da7a04c8d8bf,inventory_improving_flow,inventory_improving,valid,volatility,3096000000,12736944,12736944,0,0,0,12736944,not_required,0,0,0,0
0x4c0caedfc0759cdc849122aba622d91f83e552ba01ab9d8dfd05da7a04c8d8bf,inventory_improving_flow,inventory_improving,valid,markout,3096000000,24768000,9288000,15480000,0,0,9288000,settled,0,0,2,800000
0x8924e0994b72099e680508098c4385804509f42405e4f404376cd1c890f64d5b,inventory_improving_flow,inventory_improving,valid,fixed,1019000000,3057000,3057000,0,0,0,3057000,not_required,0,0,0,0
0x8924e0994b72099e680508098c4385804509f42405e4f404376cd1c890f64d5b,inventory_improving_flow,inventory_improving,valid,volatility,1019000000,3965948,3965948,0,0,0,3965948,not_required,0,0,0,0
0x8924e0994b72099e680508098c4385804509f42405e4f404376cd1c890f64d5b,inventory_improving_flow,inventory_improving,valid,markout,1019000000,8152000,3057000,5095000,0,0,3057000,settled,0,0,2,800000
0x21347a5cd70fbb36df4cd686a5839e4b7e05d387788b2b5012d4190d8181b8b4,inventory_improving_flow,inventory_improving,valid,fixed,3471000000,10413000,10413000,0,0,0,10413000,not_required,0,0,0,0
0x21347a5cd70fbb36df4cd686a5839e4b7e05d387788b2b5012d4190d8181b8b4,inventory_improving_flow,inventory_improving,valid,volatility,3471000000,13984659,13984659,0,0,0,13984659,not_required,0,0,0,0
0x21347a5cd70fbb36df4cd686a5839e4b7e05d387788b2b5012d4190d8181b8b4,inventory_improving_flow,inventory_improving,valid,markout,3471000000,27768000,10413000,17355000,0,0,10413000,settled,0,0,2,800000
0x2f37952d7395f98cd583bcc4fe4b48494e9e336e2ae4f5f044be32f996bbc734,inventory_improving_flow,inventory_improving,valid,fixed,3499000000,10497000,10497000,0,0,0,10497000,not_required,0,0,0,0
0x2f37952d7395f98cd583bcc4fe4b48494e9e336e2ae4f5f044be32f996bbc734,inventory_improving_flow,inventory_improving,valid,volatility,3499000000,15077191,15077191,0,0,0,15077191,not_required,0,0,0,0
0x2f37952d7395f98cd583bcc4fe4b48494e9e336e2ae4f5f044be32f996bbc734,inventory_improving_flow,inventory_improving,valid,markout,3499000000,27992000,10497000,17495000,0,0,10497000,settled,0,0,2,800000
0x53b01450cac01f150f745b494a4a1aad353c4d7a866be586417807ce8cf3a1dd,inventory_improving_flow,inventory_improving,valid,fixed,3668000000,11004000,11004000,0,0,0,11004000,not_required,0,0,0,0
0x53b01450cac01f150f745b494a4a1aad353c4d7a866be586417807ce8cf3a1dd,inventory_improving_flow,inventory_improving,valid,volatility,3668000000,16051168,16051168,0,0,0,16051168,not_required,0,0,0,0
0x53b01450cac01f150f745b494a4a1aad353c4d7a866be586417807ce8cf3a1dd,inventory_improving_flow,inventory_improving,valid,markout,3668000000,29344000,11004000,18340000,0,0,11004000,settled,0,0,2,800000
0x362f6fd15c9efec0cc65a191d12cf922036d2066cdf42db30a90ea69e6fa42d3,inventory_improving_flow,inventory_improving,valid,fixed,1831000000,5493000,5493000,0,0,0,5493000,not_required,0,0,0,0
0x362f6fd15c9efec0cc65a191d12cf922036d2066cdf42db30a90ea69e6fa42d3,inventory_improving_flow,inventory_improving,valid,volatility,1831000000,7322169,7322169,0,0,0,7322169,not_required,0,0,0,0
0x362f6fd15c9efec0cc65a191d12cf922036d2066cdf42db30a90ea69e6fa42d3,inventory_improving_flow,inventory_improving,valid,markout,1831000000,14648000,5493000,9155000,0,0,5493000,settled,0,0,2,800000
0x3322b843c6390d1172e7561ba1d7998f37ee48928cb931a50835995ac53f39b3,inventory_improving_flow,inventory_improving,valid,fixed,1124000000,3372000,3372000,0,0,0,3372000,not_required,0,0,0,0
0x3322b843c6390d1172e7561ba1d7998f37ee48928cb931a50835995ac53f39b3,inventory_improving_flow,inventory_improving,valid,volatility,1124000000,4362244,4362244,0,0,0,4362244,not_required,0,0,0,0
0x3322b843c6390d1172e7561ba1d7998f37ee48928cb931a50835995ac53f39b3,inventory_improving_flow,inventory_improving,valid,markout,1124000000,8992000,3372000,5620000,0,0,3372000,settled,0,0,2,800000
0x4987eba77d5dd44f3bab0637a83156a85eaa9039172f6afe9394d8979a1d7fc4,inventory_improving_flow,inventory_improving,valid,fixed,2956000000,8868000,8868000,0,0,0,8868000,not_required,0,0,0,0
0x4987eba77d5dd44f3bab0637a83156a85eaa9039172f6afe9394d8979a1d7fc4,inventory_improving_flow,inventory_improving,valid,volatility,2956000000,11617080,11617080,0,0,0,11617080,not_required,0,0,0,0
0x4987eba77d5dd44f3bab0637a83156a85eaa9039172f6afe9394d8979a1d7fc4,inventory_improving_flow,inventory_improving,valid,markout,2956000000,23648000,8868000,14780000,0,0,8868000,settled,0,0,2,800000
0x9149445eb546f257032065f8ccafa7f695086af7c61689c2e7074b702eec7c70,inventory_improving_flow,inventory_improving,valid,fixed,3282000000,9846000,9846000,0,0,0,9846000,not_required,0,0,0,0
0x9149445eb546f257032065f8ccafa7f695086af7c61689c2e7074b702eec7c70,inventory_improving_flow,inventory_improving,valid,volatility,3282000000,11962890,11962890,0,0,0,11962890,not_required,0,0,0,0
0x9149445eb546f257032065f8ccafa7f695086af7c61689c2e7074b702eec7c70,inventory_improving_flow,inventory_improving,valid,markout,3282000000,26256000,9846000,16410000,0,0,9846000,settled,0,0,2,800000
0x2ae667c72f98f043a5f5686b17e08213619cd5bbebe5302f8eb9a3129f674a62,inventory_improving_flow,inventory_improving,valid,fixed,1593000000,4779000,4779000,0,0,0,4779000,not_required,0,0,0,0
0x2ae667c72f98f043a5f5686b17e08213619cd5bbebe5302f8eb9a3129f674a62,inventory_improving_flow,inventory_improving,valid,volatility,1593000000,6418197,6418197,0,0,0,6418197,not_required,0,0,0,0
0x2ae667c72f98f043a5f5686b17e08213619cd5bbebe5302f8eb9a3129f674a62,inventory_improving_flow,inventory_improving,valid,markout,1593000000,12744000,4779000,7965000,0,0,4779000,settled,0,0,2,800000
0xdbc9180a9fe5ce15878d858dad1a7cccb375a80aafeaa0875fb662e588376b3e,inventory_improving_flow,inventory_improving,valid,fixed,1941000000,5823000,5823000,0,0,0,5823000,not_required,0,0,0,0
0xdbc9180a9fe5ce15878d858dad1a7cccb375a80aafeaa0875fb662e588376b3e,inventory_improving_flow,inventory_improving,valid,volatility,1941000000,7552431,7552431,0,0,0,7552431,not_required,0,0,0,0
0xdbc9180a9fe5ce15878d858dad1a7cccb375a80aafeaa0875fb662e588376b3e,inventory_improving_flow,inventory_improving,valid,markout,1941000000,15528000,5823000,9705000,0,0,5823000,settled,0,0,2,800000
0xe1853b5b3de91b6ec7433dfa4251b0f4656c76b2fdd660e6b03754f86be8fc9f,inventory_improving_flow,inventory_improving,valid,fixed,908000000,2724000,2724000,0,0,0,2724000,not_required,0,0,0,0
0xe1853b5b3de91b6ec7433dfa4251b0f4656c76b2fdd660e6b03754f86be8fc9f,inventory_improving_flow,inventory_improving,valid,volatility,908000000,3305120,3305120,0,0,0,3305120,not_required,0,0,0,0
0xe1853b5b3de91b6ec7433dfa4251b0f4656c76b2fdd660e6b03754f86be8fc9f,inventory_improving_flow,inventory_improving,valid,markout,908000000,7264000,2724000,4540000,0,0,2724000,settled,0,0,2,800000
0x79c5fa6cdab2a7daae947647a6725364459a9e676f8776c716c35793a52e720a,inventory_improving_flow,inventory_improving,valid,fixed,2398000000,7194000,7194000,0,0,0,7194000,not_required,0,0,0,0
0x79c5fa6cdab2a7daae947647a6725364459a9e676f8776c716c35793a52e720a,inventory_improving_flow,inventory_improving,valid,volatility,2398000000,9285056,9285056,0,0,0,9285056,not_required,0,0,0,0
0x79c5fa6cdab2a7daae947647a6725364459a9e676f8776c716c35793a52e720a,inventory_improving_flow,inventory_improving,valid,markout,2398000000,19184000,7194000,11990000,0,0,7194000,settled,0,0,2,800000
0x11a29a13d39d78df6d332fb8ae9f25d082a839463c33c97bc64a49423ee615a8,inventory_improving_flow,inventory_improving,valid,fixed,3847000000,11541000,11541000,0,0,0,11541000,not_required,0,0,0,0
0x11a29a13d39d78df6d332fb8ae9f25d082a839463c33c97bc64a49423ee615a8,inventory_improving_flow,inventory_improving,valid,volatility,3847000000,15953509,15953509,0,0,0,15953509,not_required,0,0,0,0
0x11a29a13d39d78df6d332fb8ae9f25d082a839463c33c97bc64a49423ee615a8,inventory_improving_flow,inventory_improving,valid,markout,3847000000,30776000,11541000,19235000,0,0,11541000,settled,0,0,2,800000
0x308822be91c568ec07706d4b134cfb2904600d864fc9ba75f53c24e4ce912f27,inventory_improving_flow,inventory_improving,valid,fixed,4839000000,14517000,14517000,0,0,0,14517000,not_required,0,0,0,0
0x308822be91c568ec07706d4b134cfb2904600d864fc9ba75f53c24e4ce912f27,inventory_improving_flow,inventory_improving,valid,volatility,4839000000,21456126,21456126,0,0,0,21456126,not_required,0,0,0,0
0x308822be91c568ec07706d4b134cfb2904600d864fc9ba75f53c24e4ce912f27,inventory_improving_flow,inventory_improving,valid,markout,4839000000,38712000,14517000,24195000,0,0,14517000,settled,0,0,2,800000
0x7c5448bec0ec31a56f44c0accc23f87823d09f20d6340cb8499e3511300a61af,inventory_improving_flow,inventory_improving,valid,fixed,2463000000,7389000,7389000,0,0,0,7389000,not_required,0,0,0,0
0x7c5448bec0ec31a56f44c0accc23f87823d09f20d6340cb8499e3511300a61af,inventory_improving_flow,inventory_improving,valid,volatility,2463000000,9746091,9746091,0,0,0,9746091,not_required,0,0,0,0
0x7c5448bec0ec31a56f44c0accc23f87823d09f20d6340cb8499e3511300a61af,inventory_improving_flow,inventory_improving,valid,markout,2463000000,19704000,7389000,12315000,0,0,7389000,settled,0,0,2,800000
0xaaf5227f7adbc1fe6c7b61ba82cf8dd997a0bd5a62adf4578be4ec51509c3767,inventory_improving_flow,inventory_improving,valid,fixed,2153000000,6459000,6459000,0,0,0,6459000,not_required,0,0,0,0
0xaaf5227f7adbc1fe6c7b61ba82cf8dd997a0bd5a62adf4578be4ec51509c3767,inventory_improving_flow,inventory_improving,valid,volatility,2153000000,9169627,9169627,0,0,0,9169627,not_required,0,0,0,0
0xaaf5227f7adbc1fe6c7b61ba82cf8dd997a0bd5a62adf4578be4ec51509c3767,inventory_improving_flow,inventory_improving,valid,markout,2153000000,17224000,6459000,10765000,0,0,6459000,settled,0,0,2,800000
0x1e38b3fe06ab893650451bfc11dd0d9d7c2ca5be3f5e3604856593d55e68f385,inventory_improving_flow,inventory_improving,valid,fixed,3430000000,10290000,10290000,0,0,0,10290000,not_required,0,0,0,0
0x1e38b3fe06ab893650451bfc11dd0d9d7c2ca5be3f5e3604856593d55e68f385,inventory_improving_flow,inventory_improving,valid,volatility,3430000000,13418160,13418160,0,0,0,13418160,not_required,0,0,0,0
0x1e38b3fe06ab893650451bfc11dd0d9d7c2ca5be3f5e3604856593d55e68f385,inventory_improving_flow,inventory_improving,valid,markout,3430000000,27440000,10290000,17150000,0,0,10290000,settled,0,0,2,800000
0xc59431bd7efdf9569ada887aae5e267f26e82cac42c0875fbf216bc592117005,inventory_improving_flow,inventory_improving,valid,fixed,1169000000,3507000,3507000,0,0,0,3507000,not_required,0,0,0,0
0xc59431bd7efdf9569ada887aae5e267f26e82cac42c0875fbf216bc592117005,inventory_improving_flow,inventory_improving,valid,volatility,1169000000,5086319,5086319,0,0,0,5086319,not_required,0,0,0,0
0xc59431bd7efdf9569ada887aae5e267f26e82cac42c0875fbf216bc592117005,inventory_improving_flow,inventory_improving,valid,markout,1169000000,9352000,3507000,5845000,0,0,3507000,settled,0,0,2,800000
0x8d4b254fdd6528384343997d00eacaa72547db3ac7c8fdfbecd08d9a6dfad2e6,inventory_improving_flow,inventory_improving,valid,fixed,3785000000,11355000,11355000,0,0,0,11355000,not_required,0,0,0,0
0x8d4b254fdd6528384343997d00eacaa72547db3ac7c8fdfbecd08d9a6dfad2e6,inventory_improving_flow,inventory_improving,valid,volatility,3785000000,14046135,14046135,0,0,0,14046135,not_required,0,0,0,0
0x8d4b254fdd6528384343997d00eacaa72547db3ac7c8fdfbecd08d9a6dfad2e6,inventory_improving_flow,inventory_improving,valid,markout,3785000000,30280000,11355000,18925000,0,0,11355000,settled,0,0,2,800000
0x71180b9bcef158a3d44dec6f7bd163b06d2b2c93d34031531d696c3814912356,inventory_improving_flow,inventory_improving,valid,fixed,3003000000,9009000,9009000,0,0,0,9009000,not_required,0,0,0,0
0x71180b9bcef158a3d44dec6f7bd163b06d2b2c93d34031531d696c3814912356,inventory_improving_flow,inventory_improving,valid,volatility,3003000000,11216205,11216205,0,0,0,11216205,not_required,0,0,0,0
0x71180b9bcef158a3d44dec6f7bd163b06d2b2c93d34031531d696c3814912356,inventory_improving_flow,inventory_improving,valid,markout,3003000000,24024000,9009000,15015000,0,0,9009000,settled,0,0,2,800000
0x5a1bf57a19bd0389a701d4a6ed91e4591efee8cea2a552191b666be2e4244e35,inventory_improving_flow,inventory_improving,valid,fixed,2571000000,7713000,7713000,0,0,0,7713000,not_required,0,0,0,0
0x5a1bf57a19bd0389a701d4a6ed91e4591efee8cea2a552191b666be2e4244e35,inventory_improving_flow,inventory_improving,valid,volatility,2571000000,11266122,11266122,0,0,0,11266122,not_required,0,0,0,0
0x5a1bf57a19bd0389a701d4a6ed91e4591efee8cea2a552191b666be2e4244e35,inventory_improving_flow,inventory_improving,valid,markout,2571000000,20568000,7713000,12855000,0,0,7713000,settled,0,0,2,800000
0x434a1682192943605e2a2cdc920d746b886c948fdc5839f3ab2a24b14d899322,inventory_improving_flow,inventory_improving,valid,fixed,609000000,1827000,1827000,0,0,0,1827000,not_required,0,0,0,0
0x434a1682192943605e2a2cdc920d746b886c948fdc5839f3ab2a24b14d899322,inventory_improving_flow,inventory_improving,valid,volatility,609000000,2669247,2669247,0,0,0,2669247,not_required,0,0,0,0
0x434a1682192943605e2a2cdc920d746b886c948fdc5839f3ab2a24b14d899322,inventory_improving_flow,inventory_improving,valid,markout,609000000,4872000,1827000,3045000,0,0,1827000,settled,0,0,2,800000
0x32d9da00dad1747d38ca0959173243cbdcff85266135414ef6c78e30a2e0d8bc,inventory_improving_flow,inventory_improving,valid,fixed,4309000000,12927000,12927000,0,0,0,12927000,not_required,0,0,0,0
0x32d9da00dad1747d38ca0959173243cbdcff85266135414ef6c78e30a2e0d8bc,inventory_improving_flow,inventory_improving,valid,volatility,4309000000,17464377,17464377,0,0,0,17464377,not_required,0,0,0,0
0x32d9da00dad1747d38ca0959173243cbdcff85266135414ef6c78e30a2e0d8bc,inventory_improving_flow,inventory_improving,valid,markout,4309000000,34472000,12927000,21545000,0,0,12927000,settled,0,0,2,800000
0x7a7966d3ba4be6f028e86df6d61e0a5d61eecfb0ded0e0b36fc616e314f68983,inventory_improving_flow,inventory_improving,valid,fixed,4516000000,13548000,13548000,0,0,0,13548000,not_required,0,0,0,0
0x7a7966d3ba4be6f028e86df6d61e0a5d61eecfb0ded0e0b36fc616e314f68983,inventory_improving_flow,inventory_improving,valid,volatility,4516000000,20064588,20064588,0,0,0,20064588,not_required,0,0,0,0
0x7a7966d3ba4be6f028e86df6d61e0a5d61eecfb0ded0e0b36fc616e314f68983,inventory_improving_flow,inventory_improving,valid,markout,4516000000,36128000,13548000,22580000,0,0,13548000,settled,0,0,2,800000
0x16d127362da8a606ef70e13354756580ad6064fa550c79b423ab3ecca1b8fa4f,inventory_improving_flow,inventory_improving,valid,fixed,1962000000,5886000,5886000,0,0,0,5886000,not_required,0,0,0,0
0x16d127362da8a606ef70e13354756580ad6064fa550c79b423ab3ecca1b8fa4f,inventory_improving_flow,inventory_improving,valid,volatility,1962000000,7796988,7796988,0,0,0,7796988,not_required,0,0,0,0
0x16d127362da8a606ef70e13354756580ad6064fa550c79b423ab3ecca1b8fa4f,inventory_improving_flow,inventory_improving,valid,markout,1962000000,15696000,5886000,9810000,0,0,5886000,settled,0,0,2,800000
0x789ac99593a292706f605b48c949361e705ec80f77450bca1c075ce0bd652335,inventory_improving_flow,inventory_improving,valid,fixed,2408000000,7224000,7224000,0,0,0,7224000,not_required,0,0,0,0
0x789ac99593a292706f605b48c949361e705ec80f77450bca1c075ce0bd652335,inventory_improving_flow,inventory_improving,valid,volatility,2408000000,9294880,9294880,0,0,0,9294880,not_required,0,0,0,0
0x789ac99593a292706f605b48c949361e705ec80f77450bca1c075ce0bd652335,inventory_improving_flow,inventory_improving,valid,markout,2408000000,19264000,7224000,12040000,0,0,7224000,settled,0,0,2,800000
0x100e32e2a424a33cdfe9ad5bac48f94907942be7d6d2ea757b40fb714f0eec5f,inventory_improving_flow,inventory_improving,valid,fixed,3709000000,11127000,11127000,0,0,0,11127000,not_required,0,0,0,0
0x100e32e2a424a33cdfe9ad5bac48f94907942be7d6d2ea757b40fb714f0eec5f,inventory_improving_flow,inventory_improving,valid,volatility,3709000000,16267674,16267674,0,0,0,16267674,not_required,0,0,0,0
0x100e32e2a424a33cdfe9ad5bac48f94907942be7d6d2ea757b40fb714f0eec5f,inventory_improving_flow,inventory_improving,valid,markout,3709000000,29672000,11127000,18545000,0,0,11127000,settled,0,0,2,800000
0x089114d0e9f916c69f024e645f5c84c62fd5bca47f9198bb661006a80dc972a0,inventory_improving_flow,inventory_improving,valid,fixed,3368000000,10104000,10104000,0,0,0,10104000,not_required,0,0,0,0
0x089114d0e9f916c69f024e645f5c84c62fd5bca47f9198bb661006a80dc972a0,inventory_improving_flow,inventory_improving,valid,volatility,3368000000,13667344,13667344,0,0,0,13667344,not_required,0,0,0,0
0x089114d0e9f916c69f024e645f5c84c62fd5bca47f9198bb661006a80dc972a0,inventory_improving_flow,inventory_improving,valid,markout,3368000000,26944000,10104000,16840000,0,0,10104000,settled,0,0,2,800000
0xb224d1f2e1c72871fabeb8e42dee02536f3b9e8e8c8045f41bdaa98cd76729ce,inventory_improving_flow,inventory_improving,valid,fixed,700000000,2100000,2100000,0,0,0,2100000,not_required,0,0,0,0
0xb224d1f2e1c72871fabeb8e42dee02536f3b9e8e8c8045f41bdaa98cd76729ce,inventory_improving_flow,inventory_improving,valid,volatility,700000000,3068100,3068100,0,0,0,3068100,not_required,0,0,0,0
0xb224d1f2e1c72871fabeb8e42dee02536f3b9e8e8c8045f41bdaa98cd76729ce,inventory_improving_flow,inventory_improving,valid,markout,700000000,5600000,2100000,3500000,0,0,2100000,settled,0,0,2,800000
0x2d2a727af3504d6f35d4719a6c0bcf2d1d5f05a613ea93ae834a897d5f22663a,inventory_improving_flow,inventory_improving,valid,fixed,3990000000,11970000,11970000,0,0,0,11970000,not_required,0,0,0,0
0x2d2a727af3504d6f35d4719a6c0bcf2d1d5f05a613ea93ae834a897d5f22663a,inventory_improving_flow,inventory_improving,valid,volatility,3990000000,14703150,14703150,0,0,0,14703150,not_required,0,0,0,0
0x2d2a727af3504d6f35d4719a6c0bcf2d1d5f05a613ea93ae834a897d5f22663a,inventory_improving_flow,inventory_improving,valid,markout,3990000000,31920000,11970000,19950000,0,0,11970000,settled,0,0,2,800000
0x78d7a00474ffcd69b67840dc784e2bb867db5f48786533c2a6a426bdbfafea78,inventory_improving_flow,inventory_improving,valid,fixed,1466000000,4398000,4398000,0,0,0,4398000,not_required,0,0,0,0
0x78d7a00474ffcd69b67840dc784e2bb867db5f48786533c2a6a426bdbfafea78,inventory_improving_flow,inventory_improving,valid,volatility,1466000000,5960756,5960756,0,0,0,5960756,not_required,0,0,0,0
0x78d7a00474ffcd69b67840dc784e2bb867db5f48786533c2a6a426bdbfafea78,inventory_improving_flow,inventory_improving,valid,markout,1466000000,11728000,4398000,7330000,0,0,4398000,settled,0,0,2,800000
0xb24f0ab31a9e2cdb73f270c92f817c3deac087ab881d389087101c4a7a2fdfb9,inventory_improving_flow,inventory_improving,valid,fixed,164000000,492000,492000,0,0,0,492000,not_required,0,0,0,0
0xb24f0ab31a9e2cdb73f270c92f817c3deac087ab881d389087101c4a7a2fdfb9,inventory_improving_flow,inventory_improving,valid,volatility,164000000,658788,658788,0,0,0,658788,not_required,0,0,0,0
0xb24f0ab31a9e2cdb73f270c92f817c3deac087ab881d389087101c4a7a2fdfb9,inventory_improving_flow,inventory_improving,valid,markout,164000000,1312000,492000,820000,0,0,492000,settled,0,0,2,800000
0xe01d7dc2248b5db58826afefa1e0dd2d321a3c78c28c5cd28314c69e56d8a8c2,inventory_improving_flow,inventory_improving,valid,fixed,1648000000,4944000,4944000,0,0,0,4944000,not_required,0,0,0,0
0xe01d7dc2248b5db58826afefa1e0dd2d321a3c78c28c5cd28314c69e56d8a8c2,inventory_improving_flow,inventory_improving,valid,volatility,1648000000,6290416,6290416,0,0,0,6290416,not_required,0,0,0,0
0xe01d7dc2248b5db58826afefa1e0dd2d321a3c78c28c5cd28314c69e56d8a8c2,inventory_improving_flow,inventory_improving,valid,markout,1648000000,13184000,4944000,8240000,0,0,4944000,settled,0,0,2,800000
0x3abaf0f499d1c84cd2bc2280b40ceebb3ff06406cf1112e94cacfe923a9ad0cf,inventory_improving_flow,inventory_improving,valid,fixed,1483000000,4449000,4449000,0,0,0,4449000,not_required,0,0,0,0
0x3abaf0f499d1c84cd2bc2280b40ceebb3ff06406cf1112e94cacfe923a9ad0cf,inventory_improving_flow,inventory_improving,valid,volatility,1483000000,6120341,6120341,0,0,0,6120341,not_required,0,0,0,0
0x3abaf0f499d1c84cd2bc2280b40ceebb3ff06406cf1112e94cacfe923a9ad0cf,inventory_improving_flow,inventory_improving,valid,markout,1483000000,11864000,4449000,7415000,0,0,4449000,settled,0,0,2,800000
0x0f7b839ba84bc973df18bbffc60413331ee92268b0e4d27b7f932367c417f699,inventory_improving_flow,inventory_improving,valid,fixed,3963000000,11889000,11889000,0,0,0,11889000,not_required,0,0,0,0
0x0f7b839ba84bc973df18bbffc60413331ee92268b0e4d27b7f932367c417f699,inventory_improving_flow,inventory_improving,valid,volatility,3963000000,16323597,16323597,0,0,0,16323597,not_required,0,0,0,0
0x0f7b839ba84bc973df18bbffc60413331ee92268b0e4d27b7f932367c417f699,inventory_improving_flow,inventory_improving,valid,markout,3963000000,31704000,11889000,19815000,0,0,11889000,settled,0,0,2,800000
0x6bf5c0c8c4725ca91d7eb8064a473b029baaa9c16f521259de1ead4052de3277,inventory_improving_flow,inventory_improving,valid,fixed,884000000,2652000,2652000,0,0,0,2652000,not_required,0,0,0,0
0x6bf5c0c8c4725ca91d7eb8064a473b029baaa9c16f521259de1ead4052de3277,inventory_improving_flow,inventory_improving,valid,volatility,884000000,3455556,3455556,0,0,0,3455556,not_required,0,0,0,0
0x6bf5c0c8c4725ca91d7eb8064a473b029baaa9c16f521259de1ead4052de3277,inventory_improving_flow,inventory_improving,valid,markout,884000000,7072000,2652000,4420000,0,0,2652000,settled,0,0,2,800000
0xdf277cca02e3a6f67c58d50c763892e30f1d5ec13ffe5c7b9647339a8b0107e1,inventory_improving_flow,inventory_improving,valid,fixed,4097000000,12291000,12291000,0,0,0,12291000,not_required,0,0,0,0
0xdf277cca02e3a6f67c58d50c763892e30f1d5ec13ffe5c7b9647339a8b0107e1,inventory_improving_flow,inventory_improving,valid,volatility,4097000000,15982397,15982397,0,0,0,15982397,not_required,0,0,0,0
0xdf277cca02e3a6f67c58d50c763892e30f1d5ec13ffe5c7b9647339a8b0107e1,inventory_improving_flow,inventory_improving,valid,markout,4097000000,32776000,12291000,20485000,0,0,12291000,settled,0,0,2,800000
0x20cee9822e12f3e7aaa6ff624be45001239c1337464baabe848da0c644a87df6,inventory_improving_flow,inventory_improving,valid,fixed,987000000,2961000,2961000,0,0,0,2961000,not_required,0,0,0,0
0x20cee9822e12f3e7aaa6ff624be45001239c1337464baabe848da0c644a87df6,inventory_improving_flow,inventory_improving,valid,volatility,987000000,3929247,3929247,0,0,0,3929247,not_required,0,0,0,0
0x20cee9822e12f3e7aaa6ff624be45001239c1337464baabe848da0c644a87df6,inventory_improving_flow,inventory_improving,valid,markout,987000000,7896000,2961000,4935000,0,0,2961000,settled,0,0,2,800000
0x3fe7aaa97372f9a0a389ce68117a39b28f1b974b4fd7b718557f9e6cb6e5ef76,inventory_improving_flow,inventory_improving,valid,fixed,4559000000,13677000,13677000,0,0,0,13677000,not_required,0,0,0,0
0x3fe7aaa97372f9a0a389ce68117a39b28f1b974b4fd7b718557f9e6cb6e5ef76,inventory_improving_flow,inventory_improving,valid,volatility,4559000000,20328581,20328581,0,0,0,20328581,not_required,0,0,0,0
0x3fe7aaa97372f9a0a389ce68117a39b28f1b974b4fd7b718557f9e6cb6e5ef76,inventory_improving_flow,inventory_improving,valid,markout,4559000000,36472000,13677000,22795000,0,0,13677000,settled,0,0,2,800000
0x17cefc74c065a531a25d3df47d438ce0faa7c7bfe18ba3cd1b350ea3762b4687,inventory_improving_flow,inventory_improving,valid,fixed,1583000000,4749000,4749000,0,0,0,4749000,not_required,0,0,0,0
0x17cefc74c065a531a25d3df47d438ce0faa7c7bfe18ba3cd1b350ea3762b4687,inventory_improving_flow,inventory_improving,valid,volatility,1583000000,6083469,6083469,0,0,0,6083469,not_required,0,0,0,0
0x17cefc74c065a531a25d3df47d438ce0faa7c7bfe18ba3cd1b350ea3762b4687,inventory_improving_flow,inventory_improving,valid,markout,1583000000,12664000,4749000,7915000,0,0,4749000,settled,0,0,2,800000
0xa8fa59b11867f6bc4eda854f7dc96bd14a0bb9d49c31ae7bfe542518746972f2,inventory_improving_flow,inventory_improving,valid,fixed,2425000000,7275000,7275000,0,0,0,7275000,not_required,0,0,0,0
0xa8fa59b11867f6bc4eda854f7dc96bd14a0bb9d49c31ae7bfe542518746972f2,inventory_improving_flow,inventory_improving,valid,volatility,2425000000,8955525,8955525,0,0,0,8955525,not_required,0,0,0,0
0xa8fa59b11867f6bc4eda854f7dc96bd14a0bb9d49c31ae7bfe542518746972f2,inventory_improving_flow,inventory_improving,valid,markout,2425000000,19400000,7275000,12125000,0,0,7275000,settled,0,0,2,800000
0x6566ceb9bf926af3b73d1a4cfc1d9c544daad797b552103740ace3133801b231,inventory_improving_flow,inventory_improving,valid,fixed,3839000000,11517000,11517000,0,0,0,11517000,not_required,0,0,0,0
0x6566ceb9bf926af3b73d1a4cfc1d9c544daad797b552103740ace3133801b231,inventory_improving_flow,inventory_improving,valid,volatility,3839000000,16868566,16868566,0,0,0,16868566,not_required,0,0,0,0
0x6566ceb9bf926af3b73d1a4cfc1d9c544daad797b552103740ace3133801b231,inventory_improving_flow,inventory_improving,valid,markout,3839000000,30712000,11517000,19195000,0,0,11517000,settled,0,0,2,800000
0x4c27cf63da8cb8d357dab59cd68812f5b810b17cd061575a1849ee6372f1fe14,inventory_improving_flow,inventory_improving,valid,fixed,3935000000,11805000,11805000,0,0,0,11805000,not_required,0,0,0,0
0x4c27cf63da8cb8d357dab59cd68812f5b810b17cd061575a1849ee6372f1fe14,inventory_improving_flow,inventory_improving,valid,volatility,3935000000,15637690,15637690,0,0,0,15637690,not_required,0,0,0,0
0x4c27cf63da8cb8d357dab59cd68812f5b810b17cd061575a1849ee6372f1fe14,inventory_improving_flow,inventory_improving,valid,markout,3935000000,31480000,11805000,19675000,0,0,11805000,settled,0,0,2,800000
0x718eeea31733e2238d1720b113f2a8ccc3d3db559cd5929a852350a83196b4ae,inventory_improving_flow,inventory_improving,valid,fixed,694000000,2082000,2082000,0,0,0,2082000,not_required,0,0,0,0
0x718eeea31733e2238d1720b113f2a8ccc3d3db559cd5929a852350a83196b4ae,inventory_improving_flow,inventory_improving,valid,volatility,694000000,2987670,2987670,0,0,0,2987670,not_required,0,0,0,0
0x718eeea31733e2238d1720b113f2a8ccc3d3db559cd5929a852350a83196b4ae,inventory_improving_flow,inventory_improving,valid,markout,694000000,5552000,2082000,3470000,0,0,2082000,settled,0,0,2,800000
0x8a12ea52d82fa7b0e0c84c7e6e23f0a78147c6cfa295df5b32663d3190004e55,inventory_improving_flow,inventory_improving,valid,fixed,2085000000,6255000,6255000,0,0,0,6255000,not_required,0,0,0,0
0x8a12ea52d82fa7b0e0c84c7e6e23f0a78147c6cfa295df5b32663d3190004e55,inventory_improving_flow,inventory_improving,valid,volatility,2085000000,8740320,8740320,0,0,0,8740320,not_required,0,0,0,0
0x8a12ea52d82fa7b0e0c84c7e6e23f0a78147c6cfa295df5b32663d3190004e55,inventory_improving_flow,inventory_improving,valid,markout,2085000000,16680000,6255000,10425000,0,0,6255000,settled,0,0,2,800000
0xd2279d13f8a33176e8a29a338a8e764c4f7f444ae4b16318f76431d4bd4f9a5a,inventory_improving_flow,inventory_improving,valid,fixed,1266000000,3798000,3798000,0,0,0,3798000,not_required,0,0,0,0
0xd2279d13f8a33176e8a29a338a8e764c4f7f444ae4b16318f76431d4bd4f9a5a,inventory_improving_flow,inventory_improving,valid,volatility,1266000000,5624838,5624838,0,0,0,5624838,not_required,0,0,0,0
0xd2279d13f8a33176e8a29a338a8e764c4f7f444ae4b16318f76431d4bd4f9a5a,inventory_improving_flow,inventory_improving,valid,markout,1266000000,10128000,3798000,6330000,0,0,3798000,settled,0,0,2,800000
0xd0d9f91f0fd65017d9a06ea5602458647af1b23875ce4e1a3cfd76b795fd9496,inventory_improving_flow,inventory_improving,valid,fixed,1642000000,4926000,4926000,0,0,0,4926000,not_required,0,0,0,0
0xd0d9f91f0fd65017d9a06ea5602458647af1b23875ce4e1a3cfd76b795fd9496,inventory_improving_flow,inventory_improving,valid,volatility,1642000000,6701002,6701002,0,0,0,6701002,not_required,0,0,0,0
0xd0d9f91f0fd65017d9a06ea5602458647af1b23875ce4e1a3cfd76b795fd9496,inventory_improving_flow,inventory_improving,valid,markout,1642000000,13136000,4926000,8210000,0,0,4926000,settled,0,0,2,800000
0xf6a7793c4c6b071268ca6a86126ca9a09110e6f64c6b025de5bd0e8ce9496f5b,inventory_improving_flow,inventory_improving,valid,fixed,1918000000,5754000,5754000,0,0,0,5754000,not_required,0,0,0,0
0xf6a7793c4c6b071268ca6a86126ca9a09110e6f64c6b025de5bd0e8ce9496f5b,inventory_improving_flow,inventory_improving,valid,volatility,1918000000,7771736,7771736,0,0,0,7771736,not_required,0,0,0,0
0xf6a7793c4c6b071268ca6a86126ca9a09110e6f64c6b025de5bd0e8ce9496f5b,inventory_improving_flow,inventory_improving,valid,markout,1918000000,15344000,5754000,9590000,0,0,5754000,settled,0,0,2,800000
0x4a6faba0be69f10b4a4d370a20f282d7a755d918fe17ee0f39fe9b2e5dd84fb2,inventory_improving_flow,inventory_improving,valid,fixed,2702000000,8106000,8106000,0,0,0,8106000,not_required,0,0,0,0
0x4a6faba0be69f10b4a4d370a20f282d7a755d918fe17ee0f39fe9b2e5dd84fb2,inventory_improving_flow,inventory_improving,valid,volatility,2702000000,9962274,9962274,0,0,0,9962274,not_required,0,0,0,0
0x4a6faba0be69f10b4a4d370a20f282d7a755d918fe17ee0f39fe9b2e5dd84fb2,inventory_improving_flow,inventory_improving,valid,markout,2702000000,21616000,8106000,13510000,0,0,8106000,settled,0,0,2,800000
0xc83d9728e12d6983ae5f55883b78a836763b28e12f7975a8098b7257260972bd,inventory_improving_flow,inventory_improving,valid,fixed,379000000,1137000,1137000,0,0,0,1137000,not_required,0,0,0,0
0xc83d9728e12d6983ae5f55883b78a836763b28e12f7975a8098b7257260972bd,inventory_improving_flow,inventory_improving,valid,volatility,379000000,1465593,1465593,0,0,0,1465593,not_required,0,0,0,0
0xc83d9728e12d6983ae5f55883b78a836763b28e12f7975a8098b7257260972bd,inventory_improving_flow,inventory_improving,valid,markout,379000000,3032000,1137000,1895000,0,0,1137000,settled,0,0,2,800000
0x162cbe0b6b85b9610f6d85c752d601b3d88d3c3317d6d8e4769091628fe3ed09,inventory_improving_flow,inventory_improving,valid,fixed,2201000000,6603000,6603000,0,0,0,6603000,not_required,0,0,0,0
0x162cbe0b6b85b9610f6d85c752d601b3d88d3c3317d6d8e4769091628fe3ed09,inventory_improving_flow,inventory_improving,valid,volatility,2201000000,9741626,9741626,0,0,0,9741626,not_required,0,0,0,0
0x162cbe0b6b85b9610f6d85c752d601b3d88d3c3317d6d8e4769091628fe3ed09,inventory_improving_flow,inventory_improving,valid,markout,2201000000,17608000,6603000,11005000,0,0,6603000,settled,0,0,2,800000
0x3154084074aac9371112c36c9dcbb76515bb8de1934e623d9251cc65787d148c,inventory_improving_flow,inventory_improving,valid,fixed,1766000000,5298000,5298000,0,0,0,5298000,not_required,0,0,0,0
0x3154084074aac9371112c36c9dcbb76515bb8de1934e623d9251cc65787d148c,inventory_improving_flow,inventory_improving,valid,volatility,1766000000,6883868,6883868,0,0,0,6883868,not_required,0,0,0,0
0x3154084074aac9371112c36c9dcbb76515bb8de1934e623d9251cc65787d148c,inventory_improving_flow,inventory_improving,valid,markout,1766000000,14128000,5298000,8830000,0,0,5298000,settled,0,0,2,800000
0x52baaf4a0ea37432fbbc446a2c48bb1e9e1e702e4fcddf49fc51f8f082f46902,inventory_improving_flow,inventory_improving,valid,fixed,956000000,2868000,2868000,0,0,0,2868000,not_required,0,0,0,0
0x52baaf4a0ea37432fbbc446a2c48bb1e9e1e702e4fcddf49fc51f8f082f46902,inventory_improving_flow,inventory_improving,valid,volatility,956000000,4215960,4215960,0,0,0,4215960,not_required,0,0,0,0
0x52baaf4a0ea37432fbbc446a2c48bb1e9e1e702e4fcddf49fc51f8f082f46902,inventory_improving_flow,inventory_improving,valid,markout,956000000,7648000,2868000,4780000,0,0,2868000,settled,0,0,2,800000
0x672a283267a5fb63e8c8482d22d46364936f84acfe89db3bbd885d0dba18270d,inventory_improving_flow,inventory_improving,valid,fixed,613000000,1839000,1839000,0,0,0,1839000,not_required,0,0,0,0
0x672a283267a5fb63e8c8482d22d46364936f84acfe89db3bbd885d0dba18270d,inventory_improving_flow,inventory_improving,valid,volatility,613000000,2461195,2461195,0,0,0,2461195,not_required,0,0,0,0
0x672a283267a5fb63e8c8482d22d46364936f84acfe89db3bbd885d0dba18270d,inventory_improving_flow,inventory_improving,valid,markout,613000000,4904000,1839000,3065000,0,0,1839000,settled,0,0,2,800000
0xb738f136dc591c1387d0409023fbdd1cbeda206ec8319c95e0f4e5caec764f79,inventory_improving_flow,inventory_improving,valid,fixed,3652000000,10956000,10956000,0,0,0,10956000,not_required,0,0,0,0
0xb738f136dc591c1387d0409023fbdd1cbeda206ec8319c95e0f4e5caec764f79,inventory_improving_flow,inventory_improving,valid,volatility,3652000000,14429052,14429052,0,0,0,14429052,not_required,0,0,0,0
0xb738f136dc591c1387d0409023fbdd1cbeda206ec8319c95e0f4e5caec764f79,inventory_improving_flow,inventory_improving,valid,markout,3652000000,29216000,10956000,18260000,0,0,10956000,settled,0,0,2,800000
0x18fe4a51b8b8511bd7c3bead1cf7ad5843c9e39087ed7fcab71630f397220d48,inventory_improving_flow,inventory_improving,valid,fixed,4654000000,13962000,13962000,0,0,0,13962000,not_required,0,0,0,0
0x18fe4a51b8b8511bd7c3bead1cf7ad5843c9e39087ed7fcab71630f397220d48,inventory_improving_flow,inventory_improving,valid,volatility,4654000000,19840002,19840002,0,0,0,19840002,not_required,0,0,0,0
0x18fe4a51b8b8511bd7c3bead1cf7ad5843c9e39087ed7fcab71630f397220d48,inventory_improving_flow,inventory_improving,valid,markout,4654000000,37232000,13962000,23270000,0,0,13962000,settled,0,0,2,800000
0x16b5efe3e72b9fcac65222b59f2a9fb9af4eb66c9f6a83a37fc676a6c3986ff5,inventory_improving_flow,inventory_improving,valid,fixed,1253000000,3759000,3759000,0,0,0,3759000,not_required,0,0,0,0
0x16b5efe3e72b9fcac65222b59f2a9fb9af4eb66c9f6a83a37fc676a6c3986ff5,inventory_improving_flow,inventory_improving,valid,volatility,1253000000,4817785,4817785,0,0,0,4817785,not_required,0,0,0,0
0x16b5efe3e72b9fcac65222b59f2a9fb9af4eb66c9f6a83a37fc676a6c3986ff5,inventory_improving_flow,inventory_improving,valid,markout,1253000000,10024000,3759000,6265000,0,0,3759000,settled,0,0,2,800000
0xc5a116f61509d1e5f4049475c0e2afa20fdc1bd4e711014af66399c4d5aeddac,inventory_improving_flow,inventory_improving,valid,fixed,2641000000,7923000,7923000,0,0,0,7923000,not_required,0,0,0,0
0xc5a116f61509d1e5f4049475c0e2afa20fdc1bd4e711014af66399c4d5aeddac,inventory_improving_flow,inventory_improving,valid,volatility,2641000000,10122953,10122953,0,0,0,10122953,not_required,0,0,0,0
0xc5a116f61509d1e5f4049475c0e2afa20fdc1bd4e711014af66399c4d5aeddac,inventory_improving_flow,inventory_improving,valid,markout,2641000000,21128000,7923000,13205000,0,0,7923000,settled,0,0,2,800000
0xe43e1a16a03bafa1fb189ee05bfb4c8b900fff4262de2ce5c2cca1b27b7715e4,inventory_improving_flow,inventory_improving,valid,fixed,3173000000,9519000,9519000,0,0,0,9519000,not_required,0,0,0,0
0xe43e1a16a03bafa1fb189ee05bfb4c8b900fff4262de2ce5c2cca1b27b7715e4,inventory_improving_flow,inventory_improving,valid,volatility,3173000000,11768657,11768657,0,0,0,11768657,not_required,0,0,0,0
0xe43e1a16a03bafa1fb189ee05bfb4c8b900fff4262de2ce5c2cca1b27b7715e4,inventory_improving_flow,inventory_improving,valid,markout,3173000000,25384000,9519000,15865000,0,0,9519000,settled,0,0,2,800000
0x0ec857884fea3d14fa2c7fb1ee6dd47c60bac2ac851e292e086a125e72c24516,inventory_improving_flow,inventory_improving,valid,fixed,4613000000,13839000,13839000,0,0,0,13839000,not_required,0,0,0,0
0x0ec857884fea3d14fa2c7fb1ee6dd47c60bac2ac851e292e086a125e72c24516,inventory_improving_flow,inventory_improving,valid,volatility,4613000000,17783115,17783115,0,0,0,17783115,not_required,0,0,0,0
0x0ec857884fea3d14fa2c7fb1ee6dd47c60bac2ac851e292e086a125e72c24516,inventory_improving_flow,inventory_improving,valid,markout,4613000000,36904000,13839000,23065000,0,0,13839000,settled,0,0,2,800000
0x41817c7de7efec1086817a409de41e55aec080813e904c39c16fcea3873f514e,inventory_improving_flow,inventory_improving,valid,fixed,4940000000,14820000,14820000,0,0,0,14820000,not_required,0,0,0,0
0x41817c7de7efec1086817a409de41e55aec080813e904c39c16fcea3873f514e,inventory_improving_flow,inventory_improving,valid,volatility,4940000000,21558160,21558160,0,0,0,21558160,not_required,0,0,0,0
0x41817c7de7efec1086817a409de41e55aec080813e904c39c16fcea3873f514e,inventory_improving_flow,inventory_improving,valid,markout,4940000000,39520000,14820000,24700000,0,0,14820000,settled,0,0,2,800000
0xf34e3ada2209b38dac6e02e1a105d7b3a303d683d0f0e35b1c8170733147a59b,mixed_low_volatility,benign,valid,fixed,4744000000,14232000,14232000,0,0,0,14232000,not_required,0,0,0,0
0xf34e3ada2209b38dac6e02e1a105d7b3a303d683d0f0e35b1c8170733147a59b,mixed_low_volatility,benign,valid,volatility,4744000000,16494888,16494888,0,0,0,16494888,not_required,0,0,0,0
0xf34e3ada2209b38dac6e02e1a105d7b3a303d683d0f0e35b1c8170733147a59b,mixed_low_volatility,benign,valid,markout,4744000000,37952000,15313632,22638368,1081632,0,15313632,settled,0,0,2,800000
0xe756b5160ef51d58b80c20ca189089012b9bc62222177fd10fc90b224769cb5d,mixed_low_volatility,informed,valid,fixed,1243000000,3729000,3729000,0,0,4543165,-814165,not_required,0,0,0,0
0xe756b5160ef51d58b80c20ca189089012b9bc62222177fd10fc90b224769cb5d,mixed_low_volatility,informed,valid,volatility,1243000000,5123646,5123646,0,0,4543165,580481,not_required,0,0,0,0
0xe756b5160ef51d58b80c20ca189089012b9bc62222177fd10fc90b224769cb5d,mixed_low_volatility,informed,valid,markout,1243000000,9944000,9944000,0,6215000,4543165,5400835,settled,0,0,2,800000
0x4798e6286bf6577da52fe3331111f1eb493c8f359685d2c961aa80c9cee7fe8b,mixed_low_volatility,benign,valid,fixed,3459000000,10377000,10377000,0,0,781734,9595266,not_required,0,0,0,0
0x4798e6286bf6577da52fe3331111f1eb493c8f359685d2c961aa80c9cee7fe8b,mixed_low_volatility,benign,valid,volatility,3459000000,12040779,12040779,0,0,781734,11259045,not_required,0,0,0,0
0x4798e6286bf6577da52fe3331111f1eb493c8f359685d2c961aa80c9cee7fe8b,mixed_low_volatility,benign,valid,markout,3459000000,27672000,15086428,12585572,4709428,781734,14304694,settled,0,0,2,800000
0x7a0b0875114970d54970a82cea693a82b5f8e3e6fdcb58498354d3c80c9c9382,mixed_low_volatility,benign,valid,fixed,2028000000,6084000,6084000,0,0,1419600,4664400,not_required,0,0,0,0
0x7a0b0875114970d54970a82cea693a82b5f8e3e6fdcb58498354d3c80c9c9382,mixed_low_volatility,benign,valid,volatility,2028000000,8120112,8120112,0,0,1419600,6700512,not_required,0,0,0,0
0x7a0b0875114970d54970a82cea693a82b5f8e3e6fdcb58498354d3c80c9c9382,mixed_low_volatility,benign,valid,markout,2028000000,16224000,10383360,5840640,4299360,1419600,8963760,settled,0,0,2,800000
0x1d9b4f395d56844dde539606d067df40c92a3804faffe4a57ee8be3d1e79f38b,mixed_low_volatility,benign,valid,fixed,4046000000,12138000,12138000,0,0,0,12138000,not_required,0,0,0,0
0x1d9b4f395d56844dde539606d067df40c92a3804faffe4a57ee8be3d1e79f38b,mixed_low_volatility,benign,valid,volatility,4046000000,14905464,14905464,0,0,0,14905464,not_required,0,0,0,0
0x1d9b4f395d56844dde539606d067df40c92a3804faffe4a57ee8be3d1e79f38b,mixed_low_volatility,benign,valid,markout,4046000000,32368000,14646520,17721480,2508520,0,14646520,settled,0,0,2,800000
0x3c1feb3fd81e2744a47d478dac70e8a84e1c976d692d9d95353bbdcbffad9d36,mixed_low_volatility,benign,valid,fixed,718000000,2154000,2154000,0,0,0,2154000,not_required,0,0,0,0
0x3c1feb3fd81e2744a47d478dac70e8a84e1c976d692d9d95353bbdcbffad9d36,mixed_low_volatility,benign,valid,volatility,718000000,2665216,2665216,0,0,0,2665216,not_required,0,0,0,0
0x3c1feb3fd81e2744a47d478dac70e8a84e1c976d692d9d95353bbdcbffad9d36,mixed_low_volatility,benign,valid,markout,718000000,5744000,2458432,3285568,304432,0,2458432,settled,0,0,2,800000
0x3b10b6fd084549bef64663bcbd56391d75bc2ed918d736c38871e94e26d63f68,mixed_low_volatility,benign,valid,fixed,2086000000,6258000,6258000,0,0,0,6258000,not_required,0,0,0,0
0x3b10b6fd084549bef64663bcbd56391d75bc2ed918d736c38871e94e26d63f68,mixed_low_volatility,benign,valid,volatility,2086000000,7943488,7943488,0,0,0,7943488,not_required,0,0,0,0
0x3b10b6fd084549bef64663bcbd56391d75bc2ed918d736c38871e94e26d63f68,mixed_low_volatility,benign,valid,markout,2086000000,16688000,7880908,8807092,1622908,0,7880908,settled,0,0,2,800000
0xa08a663725feddf1f39f1f921022eec92c02be57273a494e90f6ba77b1956456,mixed_low_volatility,benign,valid,fixed,3932000000,11796000,11796000,0,0,1332948,10463052,not_required,0,0,0,0
0xa08a663725feddf1f39f1f921022eec92c02be57273a494e90f6ba77b1956456,mixed_low_volatility,benign,valid,volatility,3932000000,15016308,15016308,0,0,1332948,13683360,not_required,0,0,0,0
0xa08a663725feddf1f39f1f921022eec92c02be57273a494e90f6ba77b1956456,mixed_low_volatility,benign,valid,markout,3932000000,31456000,17859144,13596856,6063144,1332948,16526196,settled,0,0,2,800000
0xcfe884467d3c2becf8f438699f8bce4de517eaf3640803f8d755246530ffb8e8,mixed_low_volatility,informed,valid,fixed,4826000000,14478000,14478000,0,0,12460732,2017268,not_required,0,0,0,0
0xcfe884467d3c2becf8f438699f8bce4de517eaf3640803f8d755246530ffb8e8,mixed_low_volatility,informed,valid,volatility,4826000000,17894808,17894808,0,0,12460732,5434076,not_required,0,0,0,0
0xcfe884467d3c2becf8f438699f8bce4de517eaf3640803f8d755246530ffb8e8,mixed_low_volatility,informed,valid,markout,4826000000,38608000,38608000,0,24130000,12460732,26147268,settled,0,0,2,800000
0xf176476e88aac4734f7fa24b0d02a7e1fba88134d393c59475707236ecf583b6,mixed_low_volatility,inventory_improving,valid,fixed,3277000000,9831000,9831000,0,0,0,9831000,not_required,0,0,0,0
0xf176476e88aac4734f7fa24b0d02a7e1fba88134d393c59475707236ecf583b6,mixed_low_volatility,inventory_improving,valid,volatility,3277000000,12724591,12724591,0,0,0,12724591,not_required,0,0,0,0
0xf176476e88aac4734f7fa24b0d02a7e1fba88134d393c59475707236ecf583b6,mixed_low_volatility,inventory_improving,valid,markout,3277000000,26216000,9831000,16385000,0,0,9831000,settled,0,0,2,800000
0xe6bbc9a355065dfb489c1e7d487efd27f14fa07ed454f71596f114e5d75f894b,mixed_low_volatility,informed,valid,fixed,2471000000,7413000,7413000,0,0,10692017,-3279017,not_required,0,0,0,0
0xe6bbc9a355065dfb489c1e7d487efd27f14fa07ed454f71596f114e5d75f894b,mixed_low_volatility,informed,valid,volatility,2471000000,9486169,9486169,0,0,10692017,-1205848,not_required,0,0,0,0
0xe6bbc9a355065dfb489c1e7d487efd27f14fa07ed454f71596f114e5d75f894b,mixed_low_volatility,informed,valid,markout,2471000000,19768000,19768000,0,12355000,10692017,9075983,settled,0,0,2,800000
0x23412ccb507d2ff9f84f3cb078961840a79d3e686ac360b4dab3b663ad352a1f,mixed_low_volatility,informed,valid,fixed,3973000000,11919000,11919000,0,0,15347699,-3428699,not_required,0,0,0,0
0x23412ccb507d2ff9f84f3cb078961840a79d3e686ac360b4dab3b663ad352a1f,mixed_low_volatility,informed,valid,volatility,3973000000,15447024,15447024,0,0,15347699,99325,not_required,0,0,0,0
0x23412ccb507d2ff9f84f3cb078961840a79d3e686ac360b4dab3b663ad352a1f,mixed_low_volatility,informed,valid,markout,3973000000,31784000,31784000,0,19865000,15347699,16436301,settled,0,0,2,800000
0xc83ddaa12c7626c22be0fb69f6ff4e3266204b96431e40c3504e2e5690551c3b,mixed_low_volatility,informed,valid,fixed,3102000000,9306000,9306000,0,0,12408000,-3102000,not_required,0,0,0,0
0xc83ddaa12c7626c22be0fb69f6ff4e3266204b96431e40c3504e2e5690551c3b,mixed_low_volatility,informed,valid,volatility,3102000000,11641806,11641806,0,0,12408000,-766194,not_required,0,0,0,0
0xc83ddaa12c7626c22be0fb69f6ff4e3266204b96431e40c3504e2e5690551c3b,mixed_low_volatility,informed,valid,markout,3102000000,24816000,24816000,0,15510000,12408000,12408000,settled,0,0,2,800000
0x1bee56487e5656c664d4ed8c179f0cfecaa7e24d43c16bde59f14a16f6dc20b7,mixed_low_volatility,inventory_improving,valid,fixed,4828000000,14484000,14484000,0,0,0,14484000,not_required,0,0,0,0
0x1bee56487e5656c664d4ed8c179f0cfecaa7e24d43c16bde59f14a16f6dc20b7,mixed_low_volatility,inventory_improving,valid,volatility,4828000000,19249236,19249236,0,0,0,19249236,not_required,0,0,0,0
0x1bee56487e5656c664d4ed8c179f0cfecaa7e24d43c16bde59f14a16f6dc20b7,mixed_low_volatility,inventory_improving,valid,markout,4828000000,38624000,14484000,24140000,0,0,14484000,settled,0,0,2,800000
0x1165f0d7f762b0cf3b2db12e347122bbeed192f5fae23f9f5db2928becaea02a,mixed_low_volatility,benign,valid,fixed,1932000000,5796000,5796000,0,0,0,5796000,not_required,0,0,0,0
0x1165f0d7f762b0cf3b2db12e347122bbeed192f5fae23f9f5db2928becaea02a,mixed_low_volatility,benign,valid,volatility,1932000000,7277844,7277844,0,0,0,7277844,not_required,0,0,0,0
0x1165f0d7f762b0cf3b2db12e347122bbeed192f5fae23f9f5db2928becaea02a,mixed_low_volatility,benign,valid,markout,1932000000,15456000,5796000,9660000,0,0,5796000,settled,0,0,2,800000
0xb1279e74c5a0fc3e0a077c2ad3856f623bbff112b2d5a28d946ce1e77b9c885a,mixed_low_volatility,informed,valid,fixed,924000000,2772000,2772000,0,0,1407252,1364748,not_required,0,0,0,0
0xb1279e74c5a0fc3e0a077c2ad3856f623bbff112b2d5a28d946ce1e77b9c885a,mixed_low_volatility,informed,valid,volatility,924000000,3808728,3808728,0,0,1407252,2401476,not_required,0,0,0,0
0xb1279e74c5a0fc3e0a077c2ad3856f623bbff112b2d5a28d946ce1e77b9c885a,mixed_low_volatility,informed,valid,markout,924000000,7392000,5947326,1444674,3175326,1407252,4540074,settled,0,0,2,800000
0x71c27d60cb8a3b0e830c38db63651647ef0c668d8d02e96f2bdc1d321bc8b4e0,mixed_low_volatility,benign,valid,fixed,4355000000,13065000,13065000,0,0,2216695,10848305,not_required,0,0,0,0
0x71c27d60cb8a3b0e830c38db63651647ef0c668d8d02e96f2bdc1d321bc8b4e0,mixed_low_volatility,benign,valid,volatility,4355000000,15939300,15939300,0,0,2216695,13722605,not_required,0,0,0,0
0x71c27d60cb8a3b0e830c38db63651647ef0c668d8d02e96f2bdc1d321bc8b4e0,mixed_low_volatility,benign,valid,markout,4355000000,34840000,20964970,13875030,7899970,2216695,18748275,settled,0,0,2,800000
0xce158a53cdef5c2a02e4dcbc1bd8478b32272807fa234b2b3d477af12a8d470f,mixed_low_volatility,informed,valid,fixed,4775000000,14325000,14325000,0,0,7444225,6880775,not_required,0,0,0,0
0xce158a53cdef5c2a02e4dcbc1bd8478b32272807fa234b2b3d477af12a8d470f,mixed_low_volatility,informed,valid,volatility,4775000000,18794400,18794400,0,0,7444225,11350175,not_required,0,0,0,0
0xce158a53cdef5c2a02e4dcbc1bd8478b32272807fa234b2b3d477af12a8d470f,mixed_low_volatility,informed,valid,markout,4775000000,38200000,31008850,7191150,16683850,7444225,23564625,settled,0,0,2,800000
0x6661a37ad250c2fb764fc3452eb87aae835a63a3bb1db47d8be8be4f56d28c9c,mixed_low_volatility,benign,valid,fixed,1129000000,3387000,3387000,0,0,32741,3354259,not_required,0,0,0,0
0x6661a37ad250c2fb764fc3452eb87aae835a63a3bb1db47d8be8be4f56d28c9c,mixed_low_volatility,benign,valid,volatility,1129000000,4578095,4578095,0,0,32741,4545354,not_required,0,0,0,0
0x6661a37ad250c2fb764fc3452eb87aae835a63a3bb1db47d8be8be4f56d28c9c,mixed_low_volatility,benign,valid,markout,1129000000,9032000,4567934,4464066,1180934,32741,4535193,settled,0,0,2,800000
0xe81fdaea11b0f390626b447d4537094fa2c76a00e565514f3d65c17bf47f1cd3,mixed_low_volatility,benign,valid,fixed,4992000000,14976000,14976000,0,0,3404544,11571456,not_required,0,0,0,0
0xe81fdaea11b0f390626b447d4537094fa2c76a00e565514f3d65c17bf47f1cd3,mixed_low_volatility,benign,valid,volatility,4992000000,18071040,18071040,0,0,3404544,14666496,not_required,0,0,0,0
0xe81fdaea11b0f390626b447d4537094fa2c76a00e565514f3d65c17bf47f1cd3,mixed_low_volatility,benign,valid,markout,4992000000,39936000,25414272,14521728,10438272,3404544,22009728,settled,0,0,2,800000
0x36c17fdced5fdd58d33dece7972da7dec76b05669a5393afabed320f9a16cef3,mixed_low_volatility,benign,valid,fixed,4898000000,14694000,14694000,0,0,2204100,12489900,not_required,0,0,0,0
0x36c17fdced5fdd58d33dece7972da7dec76b05669a5393afabed320f9a16cef3,mixed_low_volatility,benign,valid,volatility,4898000000,19753634,19753634,0,0,2204100,17549534,not_required,0,0,0,0
0x36c17fdced5fdd58d33dece7972da7dec76b05669a5393afabed320f9a16cef3,mixed_low_volatility,benign,valid,markout,4898000000,39184000,23118560,16065440,8424560,2204100,20914460,settled,0,0,2,800000
0xf8ac1b3cb27b765637963f39c9d2024c0b056fa90c749fc966378cc9c97defd6,mixed_low_volatility,benign,valid,fixed,4432000000,13296000,13296000,0,0,0,13296000,not_required,0,0,0,0
0xf8ac1b3cb27b765637963f39c9d2024c0b056fa90c749fc966378cc9c97defd6,mixed_low_volatility,benign,valid,volatility,4432000000,15986224,15986224,0,0,0,15986224,not_required,0,0,0,0
0xf8ac1b3cb27b765637963f39c9d2024c0b056fa90c749fc966378cc9c97defd6,mixed_low_volatility,benign,valid,markout,4432000000,35456000,13296000,22160000,0,0,13296000,settled,0,0,2,800000
0xed0efd3babda1372593797cc9d78b220ab0ad5a116e6e3e9aabd41e76d33ca30,mixed_low_volatility,inventory_improving,valid,fixed,2958000000,8874000,8874000,0,0,0,8874000,not_required,0,0,0,0
0xed0efd3babda1372593797cc9d78b220ab0ad5a116e6e3e9aabd41e76d33ca30,mixed_low_volatility,inventory_improving,valid,volatility,2958000000,11187156,11187156,0,0,0,11187156,not_required,0,0,0,0
0xed0efd3babda1372593797cc9d78b220ab0ad5a116e6e3e9aabd41e76d33ca30,mixed_low_volatility,inventory_improving,valid,markout,2958000000,23664000,8874000,14790000,0,0,8874000,settled,0,0,2,800000
0xab6c3c98dafb8e6515f10411f36f6f1b722b403d8c5f5772138f3271989d26ea,mixed_low_volatility,informed,valid,fixed,2140000000,6420000,6420000,0,0,3409020,3010980,not_required,0,0,0,0
0xab6c3c98dafb8e6515f10411f36f6f1b722b403d8c5f5772138f3271989d26ea,mixed_low_volatility,informed,valid,volatility,2140000000,7836680,7836680,0,0,3409020,4427660,not_required,0,0,0,0
0xab6c3c98dafb8e6515f10411f36f6f1b722b403d8c5f5772138f3271989d26ea,mixed_low_volatility,informed,valid,markout,2140000000,17120000,14013790,3106210,7593790,3409020,10604770,settled,0,0,2,800000
0x0728f706ebdac19a24793666d499e9945cc580e7d5cf45c41ccbc181152ebc56,mixed_low_volatility,inventory_improving,valid,fixed,3772000000,11316000,11316000,0,0,0,11316000,not_required,0,0,0,0
0x0728f706ebdac19a24793666d499e9945cc580e7d5cf45c41ccbc181152ebc56,mixed_low_volatility,inventory_improving,valid,volatility,3772000000,13635780,13635780,0,0,0,13635780,not_required,0,0,0,0
0x0728f706ebdac19a24793666d499e9945cc580e7d5cf45c41ccbc181152ebc56,mixed_low_volatility,inventory_improving,valid,markout,3772000000,30176000,11316000,18860000,0,0,11316000,settled,0,0,2,800000
0xc5b8d3c85a84038c1b90d04f3a8261bacc920baf885a988d2f379236ae8cb518,mixed_low_volatility,inventory_improving,valid,fixed,3405000000,10215000,10215000,0,0,0,10215000,not_required,0,0,0,0
0xc5b8d3c85a84038c1b90d04f3a8261bacc920baf885a988d2f379236ae8cb518,mixed_low_volatility,inventory_improving,valid,volatility,3405000000,13402080,13402080,0,0,0,13402080,not_required,0,0,0,0
0xc5b8d3c85a84038c1b90d04f3a8261bacc920baf885a988d2f379236ae8cb518,mixed_low_volatility,inventory_improving,valid,markout,3405000000,27240000,10215000,17025000,0,0,10215000,settled,0,0,2,800000
0x362c7bdb80460749d4bedd7e208625afb75337b7dc05ed3eae8d19b61bb9f4ec,mixed_low_volatility,benign,valid,fixed,3206000000,9618000,9618000,0,0,317394,9300606,not_required,0,0,0,0
0x362c7bdb80460749d4bedd7e208625afb75337b7dc05ed3eae8d19b61bb9f4ec,mixed_low_volatility,benign,valid,volatility,3206000000,11810904,11810904,0,0,317394,11493510,not_required,0,0,0,0
0x362c7bdb80460749d4bedd7e208625afb75337b7dc05ed3eae8d19b61bb9f4ec,mixed_low_volatility,benign,valid,markout,3206000000,25648000,13330548,12317452,3712548,317394,13013154,settled,0,0,2,800000
0x9224eb7ccc219318d6de59763ba219274cef8720a301c9bd6d04188fc6989fbe,mixed_low_volatility,informed,valid,fixed,449000000,1347000,1347000,0,0,786648,560352,not_required,0,0,0,0
0x9224eb7ccc219318d6de59763ba219274cef8720a301c9bd6d04188fc6989fbe,mixed_low_volatility,informed,valid,volatility,449000000,1710690,1710690,0,0,786648,924042,not_required,0,0,0,0
0x9224eb7ccc219318d6de59763ba219274cef8720a301c9bd6d04188fc6989fbe,mixed_low_volatility,informed,valid,markout,449000000,3592000,3054547,537453,1707547,786648,2267899,settled,0,0,2,800000
0x7e9455372d74c715b5d57e3b379331634d525fe8842e9b47c38fb3a4818bef4d,mixed_low_volatility,benign,valid,fixed,1341000000,4023000,4023000,0,0,0,4023000,not_required,0,0,0,0
0x7e9455372d74c715b5d57e3b379331634d525fe8842e9b47c38fb3a4818bef4d,mixed_low_volatility,benign,valid,volatility,1341000000,4747140,4747140,0,0,0,4747140,not_required,0,0,0,0
0x7e9455372d74c715b5d57e3b379331634d525fe8842e9b47c38fb3a4818bef4d,mixed_low_volatility,benign,valid,markout,1341000000,10728000,4806144,5921856,783144,0,4806144,settled,0,0,2,800000
0xb027b6fe16afecae1d1c2693a5f79c7f78ec5dbede9e0dcc054620eadac87b58,mixed_low_volatility,informed,valid,fixed,4620000000,13860000,13860000,0,0,7812420,6047580,not_required,0,0,0,0
0xb027b6fe16afecae1d1c2693a5f79c7f78ec5dbede9e0dcc054620eadac87b58,mixed_low_volatility,informed,valid,volatility,4620000000,15768060,15768060,0,0,7812420,7955640,not_required,0,0,0,0
0xb027b6fe16afecae1d1c2693a5f79c7f78ec5dbede9e0dcc054620eadac87b58,mixed_low_volatility,informed,valid,markout,4620000000,36960000,30979410,5980590,17119410,7812420,23166990,settled,0,0,2,800000
0xbbbcc8287e55e8a1ec14941708d296dfc64be1ec283dfcb81486959fca949d91,mixed_low_volatility,inventory_improving,valid,fixed,2205000000,6615000,6615000,0,0,0,6615000,not_required,0,0,0,0
0xbbbcc8287e55e8a1ec14941708d296dfc64be1ec283dfcb81486959fca949d91,mixed_low_volatility,inventory_improving,valid,volatility,2205000000,7847595,7847595,0,0,0,7847595,not_required,0,0,0,0
0xbbbcc8287e55e8a1ec14941708d296dfc64be1ec283dfcb81486959fca949d91,mixed_low_volatility,inventory_improving,valid,markout,2205000000,17640000,6615000,11025000,0,0,6615000,settled,0,0,2,800000
0x61e622ca789b8785da57c4628285d2d8b3c3d6bbf9342a1129279651f079b0d9,mixed_low_volatility,informed,valid,fixed,2049000000,6147000,6147000,0,0,4093902,2053098,not_required,0,0,0,0
0x61e622ca789b8785da57c4628285d2d8b3c3d6bbf9342a1129279651f079b0d9,mixed_low_volatility,informed,valid,volatility,2049000000,8038227,8038227,0,0,4093902,3944325,not_required,0,0,0,0
0x61e622ca789b8785da57c4628285d2d8b3c3d6bbf9342a1129279651f079b0d9,mixed_low_volatility,informed,valid,markout,2049000000,16392000,14745628,1646372,8598628,4093902,10651726,settled,0,0,2,800000
0xfc1e16e899bd4254ea85c7976cf5bc63995752d69554e368ea681fb54ff4ff27,mixed_low_volatility,benign,valid,fixed,2027000000,6081000,6081000,0,0,433778,5647222,not_required,0,0,0,0
0xfc1e16e899bd4254ea85c7976cf5bc63995752d69554e368ea681fb54ff4ff27,mixed_low_volatility,benign,valid,volatility,2027000000,7609358,7609358,0,0,433778,7175580,not_required,0,0,0,0
0xfc1e16e899bd4254ea85c7976cf5bc63995752d69554e368ea681fb54ff4ff27,mixed_low_volatility,benign,valid,markout,2027000000,16216000,8801234,7414766,2720234,433778,8367456,settled,0,0,2,800000
0xfe4371d488c038f45ebc38e1e41c4f0ecb9ad1734adb59c42357a39a968b8dbe,mixed_low_volatility,inventory_improving,valid,fixed,1147000000,3441000,3441000,0,0,0,3441000,not_required,0,0,0,0
0xfe4371d488c038f45ebc38e1e41c4f0ecb9ad1734adb59c42357a39a968b8dbe,mixed_low_volatility,inventory_improving,valid,volatility,1147000000,3905535,3905535,0,0,0,3905535,not_required,0,0,0,0
0xfe4371d488c038f45ebc38e1e41c4f0ecb9ad1734adb59c42357a39a968b8dbe,mixed_low_volatility,inventory_improving,valid,markout,1147000000,9176000,3441000,5735000,0,0,3441000,settled,0,0,2,800000
0x90d0e358308b3cc7ab38802e4ff36e900a8fc7bd22231af4526c318b38c7d8c3,mixed_low_volatility,benign,valid,fixed,811000000,2433000,2433000,0,0,68124,2364876,not_required,0,0,0,0
0x90d0e358308b3cc7ab38802e4ff36e900a8fc7bd22231af4526c318b38c7d8c3,mixed_low_volatility,benign,valid,volatility,811000000,3194529,3194529,0,0,68124,3126405,not_required,0,0,0,0
0x90d0e358308b3cc7ab38802e4ff36e900a8fc7bd22231af4526c318b38c7d8c3,mixed_low_volatility,benign,valid,markout,811000000,6488000,3352674,3135326,919674,68124,3284550,settled,0,0,2,800000
0xc0f79932f7791117962548b043ba3c32e393f178197fa858e59ef3e38762c5bf,mixed_low_volatility,benign,valid,fixed,858000000,2574000,2574000,0,0,0,2574000,not_required,0,0,0,0
0xc0f79932f7791117962548b043ba3c32e393f178197fa858e59ef3e38762c5bf,mixed_low_volatility,benign,valid,volatility,858000000,3409692,3409692,0,0,0,3409692,not_required,0,0,0,0
0xc0f79932f7791117962548b043ba3c32e393f178197fa858e59ef3e38762c5bf,mixed_low_volatility,benign,valid,markout,858000000,6864000,3404544,3459456,830544,0,3404544,settled,0,0,2,800000
0x2a81b9d995e23162c866b9235ca6203f76d02275f854e2a5672432f6778eb9e5,mixed_low_volatility,benign,valid,fixed,4940000000,14820000,14820000,0,0,0,14820000,not_required,0,0,0,0
0x2a81b9d995e23162c866b9235ca6203f76d02275f854e2a5672432f6778eb9e5,mixed_low_volatility,benign,valid,volatility,4940000000,17156620,17156620,0,0,0,17156620,not_required,0,0,0,0
0x2a81b9d995e23162c866b9235ca6203f76d02275f854e2a5672432f6778eb9e5,mixed_low_volatility,benign,valid,markout,4940000000,39520000,14820000,24700000,0,0,14820000,settled,0,0,2,800000
0xd8abe49d82729d2106fb1f21f107a77bae13cc1824f252120bb172ab903b79b3,mixed_low_volatility,benign,valid,fixed,4939000000,14817000,14817000,0,0,1313774,13503226,not_required,0,0,0,0
0xd8abe49d82729d2106fb1f21f107a77bae13cc1824f252120bb172ab903b79b3,mixed_low_volatility,benign,valid,volatility,4939000000,17207476,17207476,0,0,1313774,15893702,not_required,0,0,0,0
0xd8abe49d82729d2106fb1f21f107a77bae13cc1824f252120bb172ab903b79b3,mixed_low_volatility,benign,valid,markout,4939000000,39512000,21857544,17654456,7040544,1313774,20543770,settled,0,0,2,800000
0x97d23cd1dbdee385c9c1bacf566d4adb7bbd4f931dbd95ca1c3ad4b82bbd8d9f,mixed_low_volatility,benign,valid,fixed,589000000,1767000,1767000,0,0,0,1767000,not_required,0,0,0,0
0x97d23cd1dbdee385c9c1bacf566d4adb7bbd4f931dbd95ca1c3ad4b82bbd8d9f,mixed_low_volatility,benign,valid,volatility,589000000,2281197,2281197,0,0,0,2281197,not_required,0,0,0,0
0x97d23cd1dbdee385c9c1bacf566d4adb7bbd4f931dbd95ca1c3ad4b82bbd8d9f,mixed_low_volatility,benign,valid,markout,589000000,4712000,1767000,2945000,0,0,1767000,settled,0,0,2,800000
0x80750f46512c15ddb2210b6e0613ddd4df9809a34bbba4e55ee6075ebf9389d1,mixed_low_volatility,inventory_improving,valid,fixed,4363000000,13089000,13089000,0,0,0,13089000,not_required,0,0,0,0
0x80750f46512c15ddb2210b6e0613ddd4df9809a34bbba4e55ee6075ebf9389d1,mixed_low_volatility,inventory_improving,valid,volatility,4363000000,16217271,16217271,0,0,0,16217271,not_required,0,0,0,0
0x80750f46512c15ddb2210b6e0613ddd4df9809a34bbba4e55ee6075ebf9389d1,mixed_low_volatility,inventory_improving,valid,markout,4363000000,34904000,13089000,21815000,0,0,13089000,settled,0,0,2,800000
0x2382ca9144aa63c28ec3c29b2c8b980d598310ed51063671420b9b9ffdbaec88,mixed_low_volatility,inventory_improving,valid,fixed,399000000,1197000,1197000,0,0,0,1197000,not_required,0,0,0,0
0x2382ca9144aa63c28ec3c29b2c8b980d598310ed51063671420b9b9ffdbaec88,mixed_low_volatility,inventory_improving,valid,volatility,399000000,1456749,1456749,0,0,0,1456749,not_required,0,0,0,0
0x2382ca9144aa63c28ec3c29b2c8b980d598310ed51063671420b9b9ffdbaec88,mixed_low_volatility,inventory_improving,valid,markout,399000000,3192000,1197000,1995000,0,0,1197000,settled,0,0,2,800000
0x5d30f95f621fffdaa5e48dc95dfc95ded3664e64280e54c6662e318f299593fd,mixed_low_volatility,benign,valid,fixed,1953000000,5859000,5859000,0,0,0,5859000,not_required,0,0,0,0
0x5d30f95f621fffdaa5e48dc95dfc95ded3664e64280e54c6662e318f299593fd,mixed_low_volatility,benign,valid,volatility,1953000000,6628482,6628482,0,0,0,6628482,not_required,0,0,0,0
0x5d30f95f621fffdaa5e48dc95dfc95ded3664e64280e54c6662e318f299593fd,mixed_low_volatility,benign,valid,markout,1953000000,15624000,7554204,8069796,1695204,0,7554204,settled,0,0,2,800000
0x217df6f267355e81ac40f2d2b4ff119fec2ba1b6209ca0dee9cddebe89418d27,mixed_low_volatility,inventory_improving,valid,fixed,2564000000,7692000,7692000,0,0,0,7692000,not_required,0,0,0,0
0x217df6f267355e81ac40f2d2b4ff119fec2ba1b6209ca0dee9cddebe89418d27,mixed_low_volatility,inventory_improving,valid,volatility,2564000000,10217540,10217540,0,0,0,10217540,not_required,0,0,0,0
0x217df6f267355e81ac40f2d2b4ff119fec2ba1b6209ca0dee9cddebe89418d27,mixed_low_volatility,inventory_improving,valid,markout,2564000000,20512000,7692000,12820000,0,0,7692000,settled,0,0,2,800000
0xb67ec13b4f6e58cf4fe6a7837c1e520a635b32677a8ad809713dbc28ec9f35fd,mixed_low_volatility,benign,valid,fixed,4689000000,14067000,14067000,0,0,0,14067000,not_required,0,0,0,0
0xb67ec13b4f6e58cf4fe6a7837c1e520a635b32677a8ad809713dbc28ec9f35fd,mixed_low_volatility,benign,valid,volatility,4689000000,18540306,18540306,0,0,0,18540306,not_required,0,0,0,0
0xb67ec13b4f6e58cf4fe6a7837c1e520a635b32677a8ad809713dbc28ec9f35fd,mixed_low_volatility,benign,valid,markout,4689000000,37512000,18409014,19102986,4342014,0,18409014,settled,0,0,2,800000
0xdcecd89273dc28fcfc7eb5783d539186ae99d7b450dd1221c24b1b7673b155ec,mixed_low_volatility,benign,valid,fixed,646000000,1938000,1938000,0,0,0,1938000,not_required,0,0,0,0
0xdcecd89273dc28fcfc7eb5783d539186ae99d7b450dd1221c24b1b7673b155ec,mixed_low_volatility,benign,valid,volatility,646000000,2430252,2430252,0,0,0,2430252,not_required,0,0,0,0
0xdcecd89273dc28fcfc7eb5783d539186ae99d7b450dd1221c24b1b7673b155ec,mixed_low_volatility,benign,valid,markout,646000000,5168000,2409580,2758420,471580,0,2409580,settled,0,0,2,800000
0xa00b45938be03a2d63477f5b03d6f7b2811c993800cfd41bb9b609189f1678ed,mixed_low_volatility,benign,valid,fixed,1828000000,5484000,5484000,0,0,382052,5101948,not_required,0,0,0,0
0xa00b45938be03a2d63477f5b03d6f7b2811c993800cfd41bb9b609189f1678ed,mixed_low_volatility,benign,valid,volatility,1828000000,6328536,6328536,0,0,382052,5946484,not_required,0,0,0,0
0xa00b45938be03a2d63477f5b03d6f7b2811c993800cfd41bb9b609189f1678ed,mixed_low_volatility,benign,valid,markout,1828000000,14624000,7922552,6701448,2438552,382052,7540500,settled,0,0,2,800000
0x174417da490930ad6fae922c6abf0fc63e35f5a20d14cbe4bdd11d4dcf72a1d5,mixed_low_volatility,informed,valid,fixed,3472000000,10416000,10416000,0,0,10770144,-354144,not_required,0,0,0,0
0x174417da490930ad6fae922c6abf0fc63e35f5a20d14cbe4bdd11d4dcf72a1d5,mixed_low_volatility,informed,valid,volatility,3472000000,12467952,12467952,0,0,10770144,1697808,not_required,0,0,0,0
0x174417da490930ad6fae922c6abf0fc63e35f5a20d14cbe4bdd11d4dcf72a1d5,mixed_low_volatility,informed,valid,markout,3472000000,27776000,27776000,0,17360000,10770144,17005856,settled,0,0,2,800000
0xf1a21e03396cbc76a9e3377e6a79f6de5a08b01259b78e171b78a969ef8ce5a9,mixed_low_volatility,benign,valid,fixed,2954000000,8862000,8862000,0,0,1030946,7831054,not_required,0,0,0,0
0xf1a21e03396cbc76a9e3377e6a79f6de5a08b01259b78e171b78a969ef8ce5a9,mixed_low_volatility,benign,valid,volatility,2954000000,11021374,11021374,0,0,1030946,9990428,not_required,0,0,0,0
0xf1a21e03396cbc76a9e3377e6a79f6de5a08b01259b78e171b78a969ef8ce5a9,mixed_low_volatility,benign,valid,markout,2954000000,23632000,13464332,10167668,4602332,1030946,12433386,settled,0,0,2,800000
0x28e9ced7fcca312d7a41d8ddc503687be82bf51ca2b5d7c9328ef042a4e3e667,mixed_low_volatility,benign,valid,fixed,3172000000,9516000,9516000,0,0,2191852,7324148,not_required,0,0,0,0
0x28e9ced7fcca312d7a41d8ddc503687be82bf51ca2b5d7c9328ef042a4e3e667,mixed_low_volatility,benign,valid,volatility,3172000000,12450100,12450100,0,0,2191852,10258248,not_required,0,0,0,0
0x28e9ced7fcca312d7a41d8ddc503687be82bf51ca2b5d7c9328ef042a4e3e667,mixed_low_volatility,benign,valid,markout,3172000000,25376000,16194646,9181354,6678646,2191852,14002794,settled,0,0,2,800000
0xe79bf192cd9914786ff02560801d2eeefa84fb3103fbd33e1081a152717c8148,mixed_low_volatility,benign,valid,fixed,3900000000,11700000,11700000,0,0,0,11700000,not_required,0,0,0,0
0xe79bf192cd9914786ff02560801d2eeefa84fb3103fbd33e1081a152717c8148,mixed_low_volatility,benign,valid,volatility,3900000000,15986100,15986100,0,0,0,15986100,not_required,0,0,0,0
0xe79bf192cd9914786ff02560801d2eeefa84fb3103fbd33e1081a152717c8148,mixed_low_volatility,benign,valid,markout,3900000000,31200000,13104000,18096000,1404000,0,13104000,settled,0,0,2,800000
0x07d4e3f0ceef19c1de9b145b77b93b756568a6b900e95e79078de88bc5f511c3,mixed_low_volatility,benign,valid,fixed,568000000,1704000,1704000,0,0,303312,1400688,not_required,0,0,0,0
0x07d4e3f0ceef19c1de9b145b77b93b756568a6b900e95e79078de88bc5f511c3,mixed_low_volatility,benign,valid,volatility,568000000,2315736,2315736,0,0,303312,2012424,not_required,0,0,0,0
0x07d4e3f0ceef19c1de9b145b77b93b756568a6b900e95e79078de88bc5f511c3,mixed_low_volatility,benign,valid,markout,568000000,4544000,2757072,1786928,1053072,303312,2453760,settled,0,0,2,800000
0x371ba04e6180661560e4b183d4c4334476673ce075e483cd1e8804c8fe7ba36e,mixed_low_volatility,benign,valid,fixed,2709000000,8127000,8127000,0,0,0,8127000,not_required,0,0,0,0
0x371ba04e6180661560e4b183d4c4334476673ce075e483cd1e8804c8fe7ba36e,mixed_low_volatility,benign,valid,volatility,2709000000,9898686,9898686,0,0,0,9898686,not_required,0,0,0,0
0x371ba04e6180661560e4b183d4c4334476673ce075e483cd1e8804c8fe7ba36e,mixed_low_volatility,benign,valid,markout,2709000000,21672000,8127000,13545000,0,0,8127000,settled,0,0,2,800000
0x70e23efa95c238be8d21206f544c2e8abe6a9d7687d0fd22acdab487e8db8c72,mixed_low_volatility,informed,valid,fixed,649000000,1947000,1947000,0,0,2085237,-138237,not_required,0,0,0,0
0x70e23efa95c238be8d21206f544c2e8abe6a9d7687d0fd22acdab487e8db8c72,mixed_low_volatility,informed,valid,volatility,649000000,2431803,2431803,0,0,2085237,346566,not_required,0,0,0,0
0x70e23efa95c238be8d21206f544c2e8abe6a9d7687d0fd22acdab487e8db8c72,mixed_low_volatility,informed,valid,markout,649000000,5192000,5192000,0,3245000,2085237,3106763,settled,0,0,2,800000
0x807a880b01362ad659736dee061c2de55e141da73a21a8a442ddd7d047c6ca75,mixed_low_volatility,informed,valid,fixed,4456000000,13368000,13368000,0,0,18929088,-5561088,not_required,0,0,0,0
0x807a880b01362ad659736dee061c2de55e141da73a21a8a442ddd7d047c6ca75,mixed_low_volatility,informed,valid,volatility,4456000000,17770528,17770528,0,0,18929088,-1158560,not_required,0,0,0,0
0x807a880b01362ad659736dee061c2de55e141da73a21a8a442ddd7d047c6ca75,mixed_low_volatility,informed,valid,markout,4456000000,35648000,35648000,0,22280000,18929088,16718912,settled,0,0,2,800000
0x7ca56b980bce6202088048af44390e9f860797a150136e8e7d8aa7926b729ebe,mixed_low_volatility,benign,valid,fixed,4928000000,14784000,14784000,0,0,1084160,13699840,not_required,0,0,0,0
0x7ca56b980bce6202088048af44390e9f860797a150136e8e7d8aa7926b729ebe,mixed_low_volatility,benign,valid,volatility,4928000000,17371200,17371200,0,0,1084160,16287040,not_required,0,0,0,0
0x7ca56b980bce6202088048af44390e9f860797a150136e8e7d8aa7926b729ebe,mixed_low_volatility,benign,valid,markout,4928000000,39424000,21446656,17977344,6662656,1084160,20362496,settled,0,0,2,800000
0xd465c93704f2e049f7eca07f741b3cb52fcb54f326494bb67d81750508c1cc54,mixed_low_volatility,benign,valid,fixed,3419000000,10257000,10257000,0,0,0,10257000,not_required,0,0,0,0
0xd465c93704f2e049f7eca07f741b3cb52fcb54f326494bb67d81750508c1cc54,mixed_low_volatility,benign,valid,volatility,3419000000,12144288,12144288,0,0,0,12144288,not_required,0,0,0,0
0xd465c93704f2e049f7eca07f741b3cb52fcb54f326494bb67d81750508c1cc54,mixed_low_volatility,benign,valid,markout,3419000000,27352000,10257000,17095000,0,0,10257000,settled,0,0,2,800000
0x1f212b20a746a51e3f11ba33f163d0a719b3f4d4615a4d544c09d7a3b4a85448,mixed_low_volatility,inventory_improving,valid,fixed,3581000000,10743000,10743000,0,0,0,10743000,not_required,0,0,0,0
0x1f212b20a746a51e3f11ba33f163d0a719b3f4d4615a4d544c09d7a3b4a85448,mixed_low_volatility,inventory_improving,valid,volatility,3581000000,13342806,13342806,0,0,0,13342806,not_required,0,0,0,0
0x1f212b20a746a51e3f11ba33f163d0a719b3f4d4615a4d544c09d7a3b4a85448,mixed_low_volatility,inventory_improving,valid,markout,3581000000,28648000,10743000,17905000,0,0,10743000,settled,0,0,2,800000
0x67c38819cfea1a2d31e40f846e3cab62503ba910aef22d1af398df19e0254c36,mixed_low_volatility,benign,valid,fixed,3891000000,11673000,11673000,0,0,2229543,9443457,not_required,0,0,0,0
0x67c38819cfea1a2d31e40f846e3cab62503ba910aef22d1af398df19e0254c36,mixed_low_volatility,benign,valid,volatility,3891000000,15665166,15665166,0,0,2229543,13435623,not_required,0,0,0,0
0x67c38819cfea1a2d31e40f846e3cab62503ba910aef22d1af398df19e0254c36,mixed_low_volatility,benign,valid,markout,3891000000,31128000,19130101,11997899,7457101,2229543,16900558,settled,0,0,2,800000
0x5f55beab541d86a4897bc9dc671159528b02279a37a0896d53294c3fb977d8ff,mixed_low_volatility,informed,valid,fixed,204000000,612000,612000,0,0,797640,-185640,not_required,0,0,0,0
0x5f55beab541d86a4897bc9dc671159528b02279a37a0896d53294c3fb977d8ff,mixed_low_volatility,informed,valid,volatility,204000000,840684,840684,0,0,797640,43044,not_required,0,0,0,0
0x5f55beab541d86a4897bc9dc671159528b02279a37a0896d53294c3fb977d8ff,mixed_low_volatility,informed,valid,markout,204000000,1632000,1632000,0,1020000,797640,834360,settled,0,0,2,800000
0x1e58841f5e659496f6774711153ad178bdef1de690022e393c6528eb44be347c,mixed_low_volatility,informed,valid,fixed,2758000000,8274000,8274000,0,0,10968566,-2694566,not_required,0,0,0,0
0x1e58841f5e659496f6774711153ad178bdef1de690022e393c6528eb44be347c,mixed_low_volatility,informed,valid,volatility,2758000000,9520616,9520616,0,0,10968566,-1447950,not_required,0,0,0,0
0x1e58841f5e659496f6774711153ad178bdef1de690022e393c6528eb44be347c,mixed_low_volatility,informed,valid,markout,2758000000,22064000,22064000,0,13790000,10968566,11095434,settled,0,0,2,800000
0x2a6dd778a64ba7e4c94775b33ed3eecdbb9494f4021fe2eb132ca83ae9515675,mixed_low_volatility,benign,valid,fixed,4081000000,12243000,12243000,0,0,1261029,10981971,not_required,0,0,0,0
0x2a6dd778a64ba7e4c94775b33ed3eecdbb9494f4021fe2eb132ca83ae9515675,mixed_low_volatility,benign,valid,volatility,4081000000,13818266,13818266,0,0,1261029,12557237,not_required,0,0,0,0
0x2a6dd778a64ba7e4c94775b33ed3eecdbb9494f4021fe2eb132ca83ae9515675,mixed_low_volatility,benign,valid,markout,4081000000,32648000,18340014,14307986,6097014,1261029,17078985,settled,0,0,2,800000
0x5b9486e04eef5ef059877a742ab71545ec67a6ef07ff3573ceef3c5f5fb7ac90,mixed_low_volatility,benign,valid,fixed,552000000,1656000,1656000,0,0,152904,1503096,not_required,0,0,0,0
0x5b9486e04eef5ef059877a742ab71545ec67a6ef07ff3573ceef3c5f5fb7ac90,mixed_low_volatility,benign,valid,volatility,552000000,1868520,1868520,0,0,152904,1715616,not_required,0,0,0,0
0x5b9486e04eef5ef059877a742ab71545ec67a6ef07ff3573ceef3c5f5fb7ac90,mixed_low_volatility,benign,valid,markout,552000000,4416000,2452536,1963464,796536,152904,2299632,settled,0,0,2,800000
0xd9720d0dfaa50f25034a7514781d2fb179884c217cdc452e1114677d74ed075a,mixed_low_volatility,informed,valid,fixed,4272000000,12816000,12816000,0,0,11974416,841584,not_required,0,0,0,0
0xd9720d0dfaa50f25034a7514781d2fb179884c217cdc452e1114677d74ed075a,mixed_low_volatility,informed,valid,volatility,4272000000,17425488,17425488,0,0,11974416,5451072,not_required,0,0,0,0
0xd9720d0dfaa50f25034a7514781d2fb179884c217cdc452e1114677d74ed075a,mixed_low_volatility,informed,valid,markout,4272000000,34176000,34176000,0,21360000,11974416,22201584,settled,0,0,2,800000
0x1e119fa9d9ef1cec1cd42615c3c43a67d20bad797e1e78f7fa06705fb2d1f0b2,mixed_low_volatility,benign,valid,fixed,1244000000,3732000,3732000,0,0,159232,3572768,not_required,0,0,0,0
0x1e119fa9d9ef1cec1cd42615c3c43a67d20bad797e1e78f7fa06705fb2d1f0b2,mixed_low_volatility,benign,valid,volatility,1244000000,4255724,4255724,0,0,159232,4096492,not_required,0,0,0,0
0x1e119fa9d9ef1cec1cd42615c3c43a67d20bad797e1e78f7fa06705fb2d1f0b2,mixed_low_volatility,benign,valid,markout,1244000000,9952000,5230398,4721602,1498398,159232,5071166,settled,0,0,2,800000
0x79620294f43ed7f71f2f22c51fb8345ebdbc952e49fc7b6d16bf7e8f7805f045,mixed_low_volatility,benign,valid,fixed,2652000000,7956000,7956000,0,0,0,7956000,not_required,0,0,0,0
0x79620294f43ed7f71f2f22c51fb8345ebdbc952e49fc7b6d16bf7e8f7805f045,mixed_low_volatility,benign,valid,volatility,2652000000,9982128,9982128,0,0,0,9982128,not_required,0,0,0,0
0x79620294f43ed7f71f2f22c51fb8345ebdbc952e49fc7b6d16bf7e8f7805f045,mixed_low_volatility,benign,valid,markout,2652000000,21216000,10417056,10798944,2461056,0,10417056,settled,0,0,2,800000
0x9e145fdc4af71854b7448aa44124b147fc5bf73ff4e3f9ecd03c4e3da9ad0bd5,mixed_low_volatility,benign,valid,fixed,2301000000,6903000,6903000,0,0,998634,5904366,not_required,0,0,0,0
0x9e145fdc4af71854b7448aa44124b147fc5bf73ff4e3f9ecd03c4e3da9ad0bd5,mixed_low_volatility,benign,valid,volatility,2301000000,7784283,7784283,0,0,998634,6785649,not_required,0,0,0,0
0x9e145fdc4af71854b7448aa44124b147fc5bf73ff4e3f9ecd03c4e3da9ad0bd5,mixed_low_volatility,benign,valid,markout,2301000000,18408000,10800894,7607106,3897894,998634,9802260,settled,0,0,2,800000
0xe2918c6396978f3b2b0cb6affc4964f2c77e19127fed77c85eb15ae5a446a4a2,mixed_low_volatility,benign,valid,fixed,1478000000,4434000,4434000,0,0,0,4434000,not_required,0,0,0,0
0xe2918c6396978f3b2b0cb6affc4964f2c77e19127fed77c85eb15ae5a446a4a2,mixed_low_volatility,benign,valid,volatility,1478000000,5637092,5637092,0,0,0,5637092,not_required,0,0,0,0
0xe2918c6396978f3b2b0cb6affc4964f2c77e19127fed77c85eb15ae5a446a4a2,mixed_low_volatility,benign,valid,markout,1478000000,11824000,4434000,7390000,0,0,4434000,settled,0,0,2,800000
0x498de827ca8b77cbc6d0b4b40e58bd5a63cd14faa77416478ae79e98384220e5,mixed_low_volatility,benign,valid,fixed,4166000000,12498000,12498000,0,0,0,12498000,not_required,0,0,0,0
0x498de827ca8b77cbc6d0b4b40e58bd5a63cd14faa77416478ae79e98384220e5,mixed_low_volatility,benign,valid,volatility,4166000000,16493194,16493194,0,0,0,16493194,not_required,0,0,0,0
0x498de827ca8b77cbc6d0b4b40e58bd5a63cd14faa77416478ae79e98384220e5,mixed_low_volatility,benign,valid,markout,4166000000,33328000,15830800,17497200,3332800,0,15830800,settled,0,0,2,800000
0x7e7ea6946b3296f4889b0349c834fa770d35a801495e9eedc3b17b1faf886713,mixed_low_volatility,informed,valid,fixed,3109000000,9327000,9327000,0,0,9162223,164777,not_required,0,0,0,0
0x7e7ea6946b3296f4889b0349c834fa770d35a801495e9eedc3b17b1faf886713,mixed_low_volatility,informed,valid,volatility,3109000000,11957214,11957214,0,0,9162223,2794991,not_required,0,0,0,0
0x7e7ea6946b3296f4889b0349c834fa770d35a801495e9eedc3b17b1faf886713,mixed_low_volatility,informed,valid,markout,3109000000,24872000,24872000,0,15545000,9162223,15709777,settled,0,0,2,800000
0x1ba7db8752c0ae4a9befd0932b4a809a4accf0459e25b778d5a8b824dd45fc0f,mixed_low_volatility,benign,valid,fixed,901000000,2703000,2703000,0,0,0,2703000,not_required,0,0,0,0
0x1ba7db8752c0ae4a9befd0932b4a809a4accf0459e25b778d5a8b824dd45fc0f,mixed_low_volatility,benign,valid,volatility,901000000,3115658,3115658,0,0,0,3115658,not_required,0,0,0,0
0x1ba7db8752c0ae4a9befd0932b4a809a4accf0459e25b778d5a8b824dd45fc0f,mixed_low_volatility,benign,valid,markout,901000000,7208000,3003934,4204066,300934,0,3003934,settled,0,0,2,800000
0x5ba7802abefcddd53693aec012d29e4499d77dab17620fde042433af16263e18,mixed_low_volatility,benign,valid,fixed,4658000000,13974000,13974000,0,0,0,13974000,not_required,0,0,0,0
0x5ba7802abefcddd53693aec012d29e4499d77dab17620fde042433af16263e18,mixed_low_volatility,benign,valid,volatility,4658000000,18277992,18277992,0,0,0,18277992,not_required,0,0,0,0
0x5ba7802abefcddd53693aec012d29e4499d77dab17620fde042433af16263e18,mixed_low_volatility,benign,valid,markout,4658000000,37264000,14234848,23029152,260848,0,14234848,settled,0,0,2,800000
0x8d55e8cef7439e9dba34773cf796a3f38587653b9f37dc6a9428131a250a1e75,mixed_low_volatility,benign,valid,fixed,1617000000,4851000,4851000,0,0,0,4851000,not_required,0,0,0,0
0x8d55e8cef7439e9dba34773cf796a3f38587653b9f37dc6a9428131a250a1e75,mixed_low_volatility,benign,valid,volatility,1617000000,5779158,5779158,0,0,0,5779158,not_required,0,0,0,0
0x8d55e8cef7439e9dba34773cf796a3f38587653b9f37dc6a9428131a250a1e75,mixed_low_volatility,benign,valid,markout,1617000000,12936000,6435660,6500340,1584660,0,6435660,settled,0,0,2,800000
0x23ab3402fa753344dca6d3b79c89f0aa7f77b1b799d60ff1ab60710ae47a7bbe,mixed_low_volatility,inventory_improving,valid,fixed,2598000000,7794000,7794000,0,0,0,7794000,not_required,0,0,0,0
0x23ab3402fa753344dca6d3b79c89f0aa7f77b1b799d60ff1ab60710ae47a7bbe,mixed_low_volatility,inventory_improving,valid,volatility,2598000000,9368388,9368388,0,0,0,9368388,not_required,0,0,0,0
0x23ab3402fa753344dca6d3b79c89f0aa7f77b1b799d60ff1ab60710ae47a7bbe,mixed_low_volatility,inventory_improving,valid,markout,2598000000,20784000,7794000,12990000,0,0,7794000,settled,0,0,2,800000
0x5dd2ebd2af6968f05c870914fc5ffca722bff1ffb5d4f83d58be57648667b2af,mixed_low_volatility,benign,valid,fixed,375000000,1125000,1125000,0,0,295875,829125,not_required,0,0,0,0
0x5dd2ebd2af6968f05c870914fc5ffca722bff1ffb5d4f83d58be57648667b2af,mixed_low_volatility,benign,valid,volatility,375000000,1386000,1386000,0,0,295875,1090125,not_required,0,0,0,0
0x5dd2ebd2af6968f05c870914fc5ffca722bff1ffb5d4f83d58be57648667b2af,mixed_low_volatility,benign,valid,markout,375000000,3000000,1973250,1026750,848250,295875,1677375,settled,0,0,2,800000
0x947b9df7c7d6042955d70122b8487f772050fed26282b29fa7ca1cd450aaf624,mixed_low_volatility,informed,valid,fixed,2175000000,6525000,6525000,0,0,4959000,1566000,not_required,0,0,0,0
0x947b9df7c7d6042955d70122b8487f772050fed26282b29fa7ca1cd450aaf624,mixed_low_volatility,informed,valid,volatility,2175000000,7962675,7962675,0,0,4959000,3003675,not_required,0,0,0,0
0x947b9df7c7d6042955d70122b8487f772050fed26282b29fa7ca1cd450aaf624,mixed_low_volatility,informed,valid,markout,2175000000,17400000,16634400,765600,10109400,4959000,11675400,settled,0,0,2,800000
0x352f9867afde276639baa62e172a66d2b343ac4323bb30af7581d14e46247a97,mixed_low_volatility,informed,valid,fixed,4665000000,13995000,13995000,0,0,10482255,3512745,not_required,0,0,0,0
0x352f9867afde276639baa62e172a66d2b343ac4323bb30af7581d14e46247a97,mixed_low_volatility,informed,valid,volatility,4665000000,19145160,19145160,0,0,10482255,8662905,not_required,0,0,0,0
0x352f9867afde276639baa62e172a66d2b343ac4323bb30af7581d14e46247a97,mixed_low_volatility,informed,valid,markout,4665000000,37320000,35430675,1889325,21435675,10482255,24948420,settled,0,0,2,800000
0xe0f924989a996019a4678e54f51e60344fe7170ed8d4f867cbdb67dd03db1de7,mixed_low_volatility,inventory_improving,valid,fixed,4184000000,12552000,12552000,0,0,0,12552000,not_required,0,0,0,0
0xe0f924989a996019a4678e54f51e60344fe7170ed8d4f867cbdb67dd03db1de7,mixed_low_volatility,inventory_improving,valid,volatility,4184000000,17150216,17150216,0,0,0,17150216,not_required,0,0,0,0
0xe0f924989a996019a4678e54f51e60344fe7170ed8d4f867cbdb67dd03db1de7,mixed_low_volatility,inventory_improving,valid,markout,4184000000,33472000,12552000,20920000,0,0,12552000,settled,0,0,2,800000
0x267423d045ff28e994ed9f2c327c0a9754cbf74d09e0a615940e73e1534ff416,mixed_low_volatility,benign,valid,fixed,3946000000,11838000,11838000,0,0,599792,11238208,not_required,0,0,0,0
0x267423d045ff28e994ed9f2c327c0a9754cbf74d09e0a615940e73e1534ff416,mixed_low_volatility,benign,valid,volatility,3946000000,15345994,15345994,0,0,599792,14746202,not_required,0,0,0,0
0x267423d045ff28e994ed9f2c327c0a9754cbf74d09e0a615940e73e1534ff416,mixed_low_volatility,benign,valid,markout,3946000000,31568000,16742878,14825122,4904878,599792,16143086,settled,0,0,2,800000
0x4c63b90ad98c6295ff8533b6fe9a252995197965c83e2e1c6779b0efa84b9876,mixed_low_volatility,benign,valid,fixed,776000000,2328000,2328000,0,0,0,2328000,not_required,0,0,0,0
0x4c63b90ad98c6295ff8533b6fe9a252995197965c83e2e1c6779b0efa84b9876,mixed_low_volatility,benign,valid,volatility,776000000,2719880,2719880,0,0,0,2719880,not_required,0,0,0,0
0x4c63b90ad98c6295ff8533b6fe9a252995197965c83e2e1c6779b0efa84b9876,mixed_low_volatility,benign,valid,markout,776000000,6208000,2663232,3544768,335232,0,2663232,settled,0,0,2,800000
0x9d0706e1091534467b4360e09cafa9dab42f2024c3c5ff95fcaf8f67359684a9,mixed_low_volatility,benign,valid,fixed,580000000,1740000,1740000,0,0,387440,1352560,not_required,0,0,0,0
0x9d0706e1091534467b4360e09cafa9dab42f2024c3c5ff95fcaf8f67359684a9,mixed_low_volatility,benign,valid,volatility,580000000,2296800,2296800,0,0,387440,1909360,not_required,0,0,0,0
0x9d0706e1091534467b4360e09cafa9dab42f2024c3c5ff95fcaf8f67359684a9,mixed_low_volatility,benign,valid,markout,580000000,4640000,2939730,1700270,1199730,387440,2552290,settled,0,0,2,800000
0x56e4d2b53482a7a43a301cc7dad5cd0050661c81c91ddb79bd8058ff0d64e0c5,mixed_low_volatility,benign,valid,fixed,1054000000,3162000,3162000,0,0,0,3162000,not_required,0,0,0,0
0x56e4d2b53482a7a43a301cc7dad5cd0050661c81c91ddb79bd8058ff0d64e0c5,mixed_low_volatility,benign,valid,volatility,1054000000,4138004,4138004,0,0,0,4138004,not_required,0,0,0,0
0x56e4d2b53482a7a43a301cc7dad5cd0050661c81c91ddb79bd8058ff0d64e0c5,mixed_low_volatility,benign,valid,markout,1054000000,8432000,3162000,5270000,0,0,3162000,settled,0,0,2,800000
0x95424038cba4eafbdb9bf2a3c255f14a7212a67f4dc5959e058f7ed2fd018a71,mixed_low_volatility,informed,valid,fixed,102000000,306000,306000,0,0,235416,70584,not_required,0,0,0,0
0x95424038cba4eafbdb9bf2a3c255f14a7212a67f4dc5959e058f7ed2fd018a71,mixed_low_volatility,informed,valid,volatility,102000000,410346,410346,0,0,235416,174930,not_required,0,0,0,0
0x95424038cba4eafbdb9bf2a3c255f14a7212a67f4dc5959e058f7ed2fd018a71,mixed_low_volatility,informed,valid,markout,102000000,816000,784635,31365,478635,235416,549219,settled,0,0,2,800000
0x6484247bcf6905de2867519921fc4a9956fe6bc69aa5d624d00638e176f231b2,mixed_low_volatility,benign,valid,fixed,442000000,1326000,1326000,0,0,0,1326000,not_required,0,0,0,0
0x6484247bcf6905de2867519921fc4a9956fe6bc69aa5d624d00638e176f231b2,mixed_low_volatility,benign,valid,volatility,442000000,1568658,1568658,0,0,0,1568658,not_required,0,0,0,0
0x6484247bcf6905de2867519921fc4a9956fe6bc69aa5d624d00638e176f231b2,mixed_low_volatility,benign,valid,markout,442000000,3536000,1381692,2154308,55692,0,1381692,settled,0,0,2,800000
0x5233e9ce70a1a1a275cdf65513b67eb4332f12f3768deaf68e6d916460a54903,mixed_low_volatility,benign,valid,fixed,2198000000,6594000,6594000,0,0,0,6594000,not_required,0,0,0,0
0x5233e9ce70a1a1a275cdf65513b67eb4332f12f3768deaf68e6d916460a54903,mixed_low_volatility,benign,valid,volatility,2198000000,7840266,7840266,0,0,0,7840266,not_required,0,0,0,0
0x5233e9ce70a1a1a275cdf65513b67eb4332f12f3768deaf68e6d916460a54903,mixed_low_volatility,benign,valid,markout,2198000000,17584000,8154580,9429420,1560580,0,8154580,settled,0,0,2,800000
0xfba499c3cf2c54f36f9b2e380c3c2eb1b8b5a7771bbeef387eec6bbafd3e7493,mixed_low_volatility,benign,valid,fixed,1849000000,5547000,5547000,0,0,7396,5539604,not_required,0,0,0,0
0xfba499c3cf2c54f36f9b2e380c3c2eb1b8b5a7771bbeef387eec6bbafd3e7493,mixed_low_volatility,benign,valid,volatility,1849000000,6804320,6804320,0,0,7396,6796924,not_required,0,0,0,0
0xfba499c3cf2c54f36f9b2e380c3c2eb1b8b5a7771bbeef387eec6bbafd3e7493,mixed_low_volatility,benign,valid,markout,1849000000,14792000,7407094,7384906,1860094,7396,7399698,settled,0,0,2,800000
0x4c1c7ea00425b3f0b417429a9ebf1aaf56ff2c05f54b2f677403d8b5d6629127,mixed_low_volatility,informed,valid,fixed,2435000000,7305000,7305000,0,0,5632155,1672845,not_required,0,0,0,0
0x4c1c7ea00425b3f0b417429a9ebf1aaf56ff2c05f54b2f677403d8b5d6629127,mixed_low_volatility,informed,valid,volatility,2435000000,9664515,9664515,0,0,5632155,4032360,not_required,0,0,0,0
0x4c1c7ea00425b3f0b417429a9ebf1aaf56ff2c05f54b2f677403d8b5d6629127,mixed_low_volatility,informed,valid,markout,2435000000,19480000,18750717,729283,11445717,5632155,13118562,settled,0,0,2,800000
0xa9f70bc922bd15438f7b1ae85574c531884921b572132c4fe905c545996e5b48,mixed_low_volatility,benign,valid,fixed,2124000000,6372000,6372000,0,0,1399716,4972284,not_required,0,0,0,0
0xa9f70bc922bd15438f7b1ae85574c531884921b572132c4fe905c545996e5b48,mixed_low_volatility,benign,valid,volatility,2124000000,7442496,7442496,0,0,1399716,6042780,not_required,0,0,0,0
0xa9f70bc922bd15438f7b1ae85574c531884921b572132c4fe905c545996e5b48,mixed_low_volatility,benign,valid,markout,2124000000,16992000,10734696,6257304,4362696,1399716,9334980,settled,0,0,2,800000
0xaca1ccbeb56d3f81606739406edde6e24241920e077a972c1413cc7b0241ccdf,mixed_low_volatility,informed,valid,fixed,580000000,1740000,1740000,0,0,1215680,524320,not_required,0,0,0,0
0xaca1ccbeb56d3f81606739406edde6e24241920e077a972c1413cc7b0241ccdf,mixed_low_volatility,informed,valid,volatility,580000000,2168620,2168620,0,0,1215680,952940,not_required,0,0,0,0
0xaca1ccbeb56d3f81606739406edde6e24241920e077a972c1413cc7b0241ccdf,mixed_low_volatility,informed,valid,markout,580000000,4640000,4265030,374970,2525030,1215680,3049350,settled,0,0,2,800000
0x9a5b4a855accd4ddbc85f7a966becd58d65e5d4fafcca09fb0a86f4d889c6a8c,mixed_low_volatility,benign,valid,fixed,1212000000,3636000,3636000,0,0,0,3636000,not_required,0,0,0,0
0x9a5b4a855accd4ddbc85f7a966becd58d65e5d4fafcca09fb0a86f4d889c6a8c,mixed_low_volatility,benign,valid,volatility,1212000000,4240788,4240788,0,0,0,4240788,not_required,0,0,0,0
0x9a5b4a855accd4ddbc85f7a966becd58d65e5d4fafcca09fb0a86f4d889c6a8c,mixed_low_volatility,benign,valid,markout,1212000000,9696000,4697712,4998288,1061712,0,4697712,settled,0,0,2,800000
0x12e190f0e8003d1b7a0060ad8bbb8e640f3a4ee2d38ef3f652417e7d6181b7e1,mixed_low_volatility,informed,valid,fixed,749000000,2247000,2247000,0,0,2616257,-369257,not_required,0,0,0,0
0x12e190f0e8003d1b7a0060ad8bbb8e640f3a4ee2d38ef3f652417e7d6181b7e1,mixed_low_volatility,informed,valid,volatility,749000000,2743587,2743587,0,0,2616257,127330,not_required,0,0,0,0
0x12e190f0e8003d1b7a0060ad8bbb8e640f3a4ee2d38ef3f652417e7d6181b7e1,mixed_low_volatility,informed,valid,markout,749000000,5992000,5992000,0,3745000,2616257,3375743,settled,0,0,2,800000
0xa895251a1c957c89cc1025474b702e5557baecd75a0aba572ca145127a1d5866,mixed_low_volatility,informed,valid,fixed,749000000,2247000,2247000,0,0,3216955,-969955,not_required,0,0,0,0
0xa895251a1c957c89cc1025474b702e5557baecd75a0aba572ca145127a1d5866,mixed_low_volatility,informed,valid,volatility,749000000,2559333,2559333,0,0,3216955,-657622,not_required,0,0,0,0
0xa895251a1c957c89cc1025474b702e5557baecd75a0aba572ca145127a1d5866,mixed_low_volatility,informed,valid,markout,749000000,5992000,5992000,0,3745000,3216955,2775045,settled,0,0,2,800000
0x06ef619f48757eee73f0f1d183cb38787e1820fd1a0b11c8d05c2ff05fde4107,mixed_low_volatility,benign,valid,fixed,662000000,1986000,1986000,0,0,0,1986000,not_required,0,0,0,0
0x06ef619f48757eee73f0f1d183cb38787e1820fd1a0b11c8d05c2ff05fde4107,mixed_low_volatility,benign,valid,volatility,662000000,2305746,2305746,0,0,0,2305746,not_required,0,0,0,0
0x06ef619f48757eee73f0f1d183cb38787e1820fd1a0b11c8d05c2ff05fde4107,mixed_low_volatility,benign,valid,markout,662000000,5296000,2482500,2813500,496500,0,2482500,settled,0,0,2,800000
0x9a731b1c008fcc1cc4ed024b08bc0515151643a05477d0872bc8709dab660526,mixed_low_volatility,inventory_improving,valid,fixed,2657000000,7971000,7971000,0,0,0,7971000,not_required,0,0,0,0
0x9a731b1c008fcc1cc4ed024b08bc0515151643a05477d0872bc8709dab660526,mixed_low_volatility,inventory_improving,valid,volatility,2657000000,10654570,10654570,0,0,0,10654570,not_required,0,0,0,0
0x9a731b1c008fcc1cc4ed024b08bc0515151643a05477d0872bc8709dab660526,mixed_low_volatility,inventory_improving,valid,markout,2657000000,21256000,7971000,13285000,0,0,7971000,settled,0,0,2,800000
0xfde30193edb525bdcc61523d16c8e283c5eef960f618f2a6d9081d6067cb0f12,mixed_low_volatility,informed,valid,fixed,3414000000,10242000,10242000,0,0,11150124,-908124,not_required,0,0,0,0
0xfde30193edb525bdcc61523d16c8e283c5eef960f618f2a6d9081d6067cb0f12,mixed_low_volatility,informed,valid,volatility,3414000000,12874194,12874194,0,0,11150124,1724070,not_required,0,0,0,0
0xfde30193edb525bdcc61523d16c8e283c5eef960f618f2a6d9081d6067cb0f12,mixed_low_volatility,informed,valid,markout,3414000000,27312000,27312000,0,17070000,11150124,16161876,settled,0,0,2,800000
0x7d15588769e39170509634d4b9ec667b0d2b22b3e88d68af181f88e3ab1a8dd0,mixed_low_volatility,informed,valid,fixed,1958000000,5874000,5874000,0,0,3218952,2655048,not_required,0,0,0,0
0x7d15588769e39170509634d4b9ec667b0d2b22b3e88d68af181f88e3ab1a8dd0,mixed_low_volatility,informed,valid,volatility,1958000000,6713982,6713982,0,0,3218952,3495030,not_required,0,0,0,0
0x7d15588769e39170509634d4b9ec667b0d2b22b3e88d68af181f88e3ab1a8dd0,mixed_low_volatility,informed,valid,markout,1958000000,15664000,12981540,2682460,7107540,3218952,9762588,settled,0,0,2,800000
0x087a7edcbe4b647cc435e7ba602c1aba9a3516e42236fbf90bb7071be1dac559,mixed_low_volatility,benign,valid,fixed,4573000000,13719000,13719000,0,0,0,13719000,not_required,0,0,0,0
0x087a7edcbe4b647cc435e7ba602c1aba9a3516e42236fbf90bb7071be1dac559,mixed_low_volatility,benign,valid,volatility,4573000000,16549687,16549687,0,0,0,16549687,not_required,0,0,0,0
0x087a7edcbe4b647cc435e7ba602c1aba9a3516e42236fbf90bb7071be1dac559,mixed_low_volatility,benign,valid,markout,4573000000,36584000,13719000,22865000,0,0,13719000,settled,0,0,2,800000
0xb84987b9dcb9aa19a9a51af4e1f4feb022477855322ddb1c17114e5c4e4ecb98,mixed_low_volatility,inventory_improving,valid,fixed,1723000000,5169000,5169000,0,0,0,5169000,not_required,0,0,0,0
0xb84987b9dcb9aa19a9a51af4e1f4feb022477855322ddb1c17114e5c4e4ecb98,mixed_low_volatility,inventory_improving,valid,volatility,1723000000,6325133,6325133,0,0,0,6325133,not_required,0,0,0,0
0xb84987b9dcb9aa19a9a51af4e1f4feb022477855322ddb1c17114e5c4e4ecb98,mixed_low_volatility,inventory_improving,valid,markout,1723000000,13784000,5169000,8615000,0,0,5169000,settled,0,0,2,800000
0x95efdce5d1776b4d31d58f8248d529483a40a1d003a6e42a6b2aee6ae18db707,mixed_low_volatility,benign,valid,fixed,605000000,1815000,1815000,0,0,205700,1609300,not_required,0,0,0,0
0x95efdce5d1776b4d31d58f8248d529483a40a1d003a6e42a6b2aee6ae18db707,mixed_low_volatility,benign,valid,volatility,605000000,2486550,2486550,0,0,205700,2280850,not_required,0,0,0,0
0x95efdce5d1776b4d31d58f8248d529483a40a1d003a6e42a6b2aee6ae18db707,mixed_low_volatility,benign,valid,markout,605000000,4840000,2749120,2090880,934120,205700,2543420,settled,0,0,2,800000
0x254f515c68b994a75253e8c9df11ab8acf588c9173a2d697f508142196624499,mixed_low_volatility,inventory_improving,valid,fixed,4002000000,12006000,12006000,0,0,0,12006000,not_required,0,0,0,0
0x254f515c68b994a75253e8c9df11ab8acf588c9173a2d697f508142196624499,mixed_low_volatility,inventory_improving,valid,volatility,4002000000,13878936,13878936,0,0,0,13878936,not_required,0,0,0,0
0x254f515c68b994a75253e8c9df11ab8acf588c9173a2d697f508142196624499,mixed_low_volatility,inventory_improving,valid,markout,4002000000,32016000,12006000,20010000,0,0,12006000,settled,0,0,2,800000
0x9d5447ee80fe6ee157c85dbd15056bb09e12b7989b1d99eeec0267654933948e,mixed_low_volatility,benign,valid,fixed,1882000000,5646000,5646000,0,0,1398326,4247674,not_required,0,0,0,0
0x9d5447ee80fe6ee157c85dbd15056bb09e12b7989b1d99eeec0267654933948e,mixed_low_volatility,benign,valid,volatility,1882000000,6901294,6901294,0,0,1398326,5502968,not_required,0,0,0,0
0x9d5447ee80fe6ee157c85dbd15056bb09e12b7989b1d99eeec0267654933948e,mixed_low_volatility,benign,valid,markout,1882000000,15056000,9764757,5291243,4118757,1398326,8366431,settled,0,0,2,800000
0x7dbaccbea15c3feda2501e2317d78d16af822f86e6e4e83bab7aa2142f0611fe,mixed_low_volatility,benign,valid,fixed,300000000,900000,900000,0,0,0,900000,not_required,0,0,0,0
0x7dbaccbea15c3feda2501e2317d78d16af822f86e6e4e83bab7aa2142f0611fe,mixed_low_volatility,benign,valid,volatility,300000000,1067100,1067100,0,0,0,1067100,not_required,0,0,0,0
0x7dbaccbea15c3feda2501e2317d78d16af822f86e6e4e83bab7aa2142f0611fe,mixed_low_volatility,benign,valid,markout,300000000,2400000,1053600,1346400,153600,0,1053600,settled,0,0,2,800000
0x38b204144655c91f4363185bb2e50704b14ebc30f9a6c1cc4425a52f3ab4fb46,mixed_low_volatility,benign,valid,fixed,2114000000,6342000,6342000,0,0,0,6342000,not_required,0,0,0,0
0x38b204144655c91f4363185bb2e50704b14ebc30f9a6c1cc4425a52f3ab4fb46,mixed_low_volatility,benign,valid,volatility,2114000000,7864080,7864080,0,0,0,7864080,not_required,0,0,0,0
0x38b204144655c91f4363185bb2e50704b14ebc30f9a6c1cc4425a52f3ab4fb46,mixed_low_volatility,benign,valid,markout,2114000000,16912000,6342000,10570000,0,0,6342000,settled,0,0,2,800000
0x9adc488dee845db121f55b1c585ee3cf99f0d9642c2ccf5f61c4c24767decc47,mixed_low_volatility,benign,valid,fixed,665000000,1995000,1995000,0,0,0,1995000,not_required,0,0,0,0
0x9adc488dee845db121f55b1c585ee3cf99f0d9642c2ccf5f61c4c24767decc47,mixed_low_volatility,benign,valid,volatility,665000000,2664655,2664655,0,0,0,2664655,not_required,0,0,0,0
0x9adc488dee845db121f55b1c585ee3cf99f0d9642c2ccf5f61c4c24767decc47,mixed_low_volatility,benign,valid,markout,665000000,5320000,2165240,3154760,170240,0,2165240,settled,0,0,2,800000
0x2f48a6697c502389f47ebe343c57b4d715a4b1607904c2066ad04fa62808f8d2,mixed_low_volatility,benign,valid,fixed,1983000000,5949000,5949000,0,0,0,5949000,not_required,0,0,0,0
0x2f48a6697c502389f47ebe343c57b4d715a4b1607904c2066ad04fa62808f8d2,mixed_low_volatility,benign,valid,volatility,1983000000,7251831,7251831,0,0,0,7251831,not_required,0,0,0,0
0x2f48a6697c502389f47ebe343c57b4d715a4b1607904c2066ad04fa62808f8d2,mixed_low_volatility,benign,valid,markout,1983000000,15864000,5949000,9915000,0,0,5949000,settled,0,0,2,800000
0xfe158470925c5939f80b3fda14311a156a0b6d4daf3649413d0c70475a747bc4,mixed_low_volatility,benign,valid,fixed,573000000,1719000,1719000,0,0,0,1719000,not_required,0,0,0,0
0xfe158470925c5939f80b3fda14311a156a0b6d4daf3649413d0c70475a747bc4,mixed_low_volatility,benign,valid,volatility,573000000,1949346,1949346,0,0,0,1949346,not_required,0,0,0,0
0xfe158470925c5939f80b3fda14311a156a0b6d4daf3649413d0c70475a747bc4,mixed_low_volatility,benign,valid,markout,573000000,4584000,2112078,2471922,393078,0,2112078,settled,0,0,2,800000
0xd39d9f4afdebbac80b30e79e463101d7bc1c6e99155949a4057d855492ceb13b,mixed_low_volatility,benign,valid,fixed,4585000000,13755000,13755000,0,0,3603810,10151190,not_required,0,0,0,0
0xd39d9f4afdebbac80b30e79e463101d7bc1c6e99155949a4057d855492ceb13b,mixed_low_volatility,benign,valid,volatility,4585000000,16189635,16189635,0,0,3603810,12585825,not_required,0,0,0,0
0xd39d9f4afdebbac80b30e79e463101d7bc1c6e99155949a4057d855492ceb13b,mixed_low_volatility,benign,valid,markout,4585000000,36680000,24105637,12574363,10350637,3603810,20501827,settled,0,0,2,800000
0xa5eaed5d3b1e9ec06c83481296cb787f3d3d107892524456a93451caf36552f3,mixed_low_volatility,benign,valid,fixed,3958000000,11874000,11874000,0,0,930130,10943870,not_required,0,0,0,0
0xa5eaed5d3b1e9ec06c83481296cb787f3d3d107892524456a93451caf36552f3,mixed_low_volatility,benign,valid,volatility,3958000000,15665764,15665764,0,0,930130,14735634,not_required,0,0,0,0
0xa5eaed5d3b1e9ec06c83481296cb787f3d3d107892524456a93451caf36552f3,mixed_low_volatility,benign,valid,markout,3958000000,31664000,17320208,14343792,5446208,930130,16390078,settled,0,0,2,800000
0x92cb63a987e7548a8f5044b8148fd5d696549a36d1d4c088a29f07d86305d715,mixed_low_volatility,informed,valid,fixed,3632000000,10896000,10896000,0,0,10311248,584752,not_required,0,0,0,0
0x92cb63a987e7548a8f5044b8148fd5d696549a36d1d4c088a29f07d86305d715,mixed_low_volatility,informed,valid,volatility,3632000000,13122416,13122416,0,0,10311248,2811168,not_required,0,0,0,0
0x92cb63a987e7548a8f5044b8148fd5d696549a36d1d4c088a29f07d86305d715,mixed_low_volatility,informed,valid,markout,3632000000,29056000,29056000,0,18160000,10311248,18744752,settled,0,0,2,800000
0x721c608230ab9e97fdd69217d0469b40ef6d8d961c395e5015dc26d1d922d93d,mixed_low_volatility,informed,valid,fixed,2053000000,6159000,6159000,0,0,7103380,-944380,not_required,0,0,0,0
0x721c608230ab9e97fdd69217d0469b40ef6d8d961c395e5015dc26d1d922d93d,mixed_low_volatility,informed,valid,volatility,2053000000,7109539,7109539,0,0,7103380,6159,not_required,0,0,0,0
0x721c608230ab9e97fdd69217d0469b40ef6d8d961c395e5015dc26d1d922d93d,mixed_low_volatility,informed,valid,markout,2053000000,16424000,16424000,0,10265000,7103380,9320620,settled,0,0,2,800000
0xdf0967438c6be280c2c183a7849665ba53ea9197bb9b0fc8ba3e20003e96074e,mixed_low_volatility,benign,valid,fixed,4793000000,14379000,14379000,0,0,0,14379000,not_required,0,0,0,0
0xdf0967438c6be280c2c183a7849665ba53ea9197bb9b0fc8ba3e20003e96074e,mixed_low_volatility,benign,valid,volatility,4793000000,18750216,18750216,0,0,0,18750216,not_required,0,0,0,0
0xdf0967438c6be280c2c183a7849665ba53ea9197bb9b0fc8ba3e20003e96074e,mixed_low_volatility,benign,valid,markout,4793000000,38344000,14379000,23965000,0,0,14379000,settled,0,0,2,800000
0xb766e9b58ef8c802a0e8150b95b0a7a9fe08ce52162084560715903f388c6db0,mixed_low_volatility,benign,valid,fixed,991000000,2973000,2973000,0,0,372616,2600384,not_required,0,0,0,0
0xb766e9b58ef8c802a0e8150b95b0a7a9fe08ce52162084560715903f388c6db0,mixed_low_volatility,benign,valid,volatility,991000000,3553726,3553726,0,0,372616,3181110,not_required,0,0,0,0
0xb766e9b58ef8c802a0e8150b95b0a7a9fe08ce52162084560715903f388c6db0,mixed_low_volatility,benign,valid,markout,991000000,7928000,4560086,3367914,1587086,372616,4187470,settled,0,0,2,800000
0xd802419bcd354229db896e84e8d1c66aa732f3bd1252ca14a5ef0ebb9306f62d,mixed_low_volatility,informed,valid,fixed,1774000000,5322000,5322000,0,0,7030362,-1708362,not_required,0,0,0,0
0xd802419bcd354229db896e84e8d1c66aa732f3bd1252ca14a5ef0ebb9306f62d,mixed_low_volatility,informed,valid,volatility,1774000000,5997894,5997894,0,0,7030362,-1032468,not_required,0,0,0,0
0xd802419bcd354229db896e84e8d1c66aa732f3bd1252ca14a5ef0ebb9306f62d,mixed_low_volatility,informed,valid,markout,1774000000,14192000,14192000,0,8870000,7030362,7161638,settled,0,0,2,800000
0x017a68ad5821bab6f434d593e00cfa315087892ba26a6c6a24306a40f9a549e5,mixed_low_volatility,benign,valid,fixed,1309000000,3927000,3927000,0,0,666281,3260719,not_required,0,0,0,0
0x017a68ad5821bab6f434d593e00cfa315087892ba26a6c6a24306a40f9a549e5,mixed_low_volatility,benign,valid,volatility,1309000000,5289669,5289669,0,0,666281,4623388,not_required,0,0,0,0
0x017a68ad5821bab6f434d593e00cfa315087892ba26a6c6a24306a40f9a549e5,mixed_low_volatility,benign,valid,markout,1309000000,10472000,6301526,4170474,2374526,666281,5635245,settled,0,0,2,800000
0x2f9300941813db4590d867c37b29f208c25a5ba804c1612f310acf2475e14d5f,mixed_low_volatility,benign,valid,fixed,661000000,1983000,1983000,0,0,0,1983000,not_required,0,0,0,0
0x2f9300941813db4590d867c37b29f208c25a5ba804c1612f310acf2475e14d5f,mixed_low_volatility,benign,valid,volatility,661000000,2302263,2302263,0,0,0,2302263,not_required,0,0,0,0
0x2f9300941813db4590d867c37b29f208c25a5ba804c1612f310acf2475e14d5f,mixed_low_volatility,benign,valid,markout,661000000,5288000,2074218,3213782,91218,0,2074218,settled,0,0,2,800000
0x9637fbabfb3282e0c4170ea71be19c1af2b03bd801df928fa875b4120146f45e,mixed_low_volatility,informed,valid,fixed,1888000000,5664000,5664000,0,0,7565216,-1901216,not_required,0,0,0,0
0x9637fbabfb3282e0c4170ea71be19c1af2b03bd801df928fa875b4120146f45e,mixed_low_volatility,informed,valid,volatility,1888000000,6762816,6762816,0,0,7565216,-802400,not_required,0,0,0,0
0x9637fbabfb3282e0c4170ea71be19c1af2b03bd801df928fa875b4120146f45e,mixed_low_volatility,informed,valid,markout,1888000000,15104000,15104000,0,9440000,7565216,7538784,settled,0,0,2,800000
0xaeda42644ac02c86aadfa39546d9459a7ce1042a0fc9e9af5b737bccc380a767,mixed_low_volatility,benign,valid,fixed,675000000,2025000,2025000,0,0,367875,1657125,not_required,0,0,0,0
0xaeda42644ac02c86aadfa39546d9459a7ce1042a0fc9e9af5b737bccc380a767,mixed_low_volatility,benign,valid,volatility,675000000,2662875,2662875,0,0,367875,2295000,not_required,0,0,0,0
0xaeda42644ac02c86aadfa39546d9459a7ce1042a0fc9e9af5b737bccc380a767,mixed_low_volatility,benign,valid,markout,675000000,5400000,3288600,2111400,1263600,367875,2920725,settled,0,0,2,800000
0xb082ff70372d9a58b7cfb24af65c40afdf3c15198efff4b978e8b32a1e35d1cf,mixed_low_volatility,benign,valid,fixed,1599000000,4797000,4797000,0,0,992979,3804021,not_required,0,0,0,0
0xb082ff70372d9a58b7cfb24af65c40afdf3c15198efff4b978e8b32a1e35d1cf,mixed_low_volatility,benign,valid,volatility,1599000000,6495138,6495138,0,0,992979,5502159,not_required,0,0,0,0
0xb082ff70372d9a58b7cfb24af65c40afdf3c15198efff4b978e8b32a1e35d1cf,mixed_low_volatility,benign,valid,markout,1599000000,12792000,7984606,4807394,3187606,992979,6991627,settled,0,0,2,800000
0xc2d19bc82933ad882f11ea50d53553d4c85687853c78bc6250e4b4a9763e499b,mixed_low_volatility,informed,valid,fixed,894000000,2682000,2682000,0,0,3896052,-1214052,not_required,0,0,0,0
0xc2d19bc82933ad882f11ea50d53553d4c85687853c78bc6250e4b4a9763e499b,mixed_low_volatility,informed,valid,volatility,894000000,3537558,3537558,0,0,3896052,-358494,not_required,0,0,0,0
0xc2d19bc82933ad882f11ea50d53553d4c85687853c78bc6250e4b4a9763e499b,mixed_low_volatility,informed,valid,markout,894000000,7152000,7152000,0,4470000,3896052,3255948,settled,0,0,2,800000
0xb856a0a4daf363930204267e35f7b1a2e4922f6209d1bfea187da0cb895e1841,mixed_low_volatility,benign,valid,fixed,1002000000,3006000,3006000,0,0,0,3006000,not_required,0,0,0,0
0xb856a0a4daf363930204267e35f7b1a2e4922f6209d1bfea187da0cb895e1841,mixed_low_volatility,benign,valid,volatility,1002000000,3628242,3628242,0,0,0,3628242,not_required,0,0,0,0
0xb856a0a4daf363930204267e35f7b1a2e4922f6209d1bfea187da0cb895e1841,mixed_low_volatility,benign,valid,markout,1002000000,8016000,3274536,4741464,268536,0,3274536,settled,0,0,2,800000
0xf72b35d9a2d5328a7dc1512468adf208cb4ef4a57cd5db782368bb58d4e66a8b,mixed_low_volatility,benign,valid,fixed,4909000000,14727000,14727000,0,0,0,14727000,not_required,0,0,0,0
0xf72b35d9a2d5328a7dc1512468adf208cb4ef4a57cd5db782368bb58d4e66a8b,mixed_low_volatility,benign,valid,volatility,4909000000,17750944,17750944,0,0,0,17750944,not_required,0,0,0,0
0xf72b35d9a2d5328a7dc1512468adf208cb4ef4a57cd5db782368bb58d4e66a8b,mixed_low_volatility,benign,valid,markout,4909000000,39272000,16513876,22758124,1786876,0,16513876,settled,0,0,2,800000
0x5ae5870207deb26d22f5f72f350abbda779d00466399a3485f9ecf3fb9b70ce3,mixed_low_volatility,benign,valid,fixed,3259000000,9777000,9777000,0,0,668095,9108905,not_required,0,0,0,0
0x5ae5870207deb26d22f5f72f350abbda779d00466399a3485f9ecf3fb9b70ce3,mixed_low_volatility,benign,valid,volatility,3259000000,11194665,11194665,0,0,668095,10526570,not_required,0,0,0,0
0x5ae5870207deb26d22f5f72f350abbda779d00466399a3485f9ecf3fb9b70ce3,mixed_low_volatility,benign,valid,markout,3259000000,26072000,14104952,11967048,4327952,668095,13436857,settled,0,0,2,800000
0xca78fb64d0248aa4fbe071c72fbe95029328873e2cbe088f2c5e9336209af107,mixed_low_volatility,benign,valid,fixed,1176000000,3528000,3528000,0,0,11760,3516240,not_required,0,0,0,0
0xca78fb64d0248aa4fbe071c72fbe95029328873e2cbe088f2c5e9336209af107,mixed_low_volatility,benign,valid,volatility,1176000000,4787496,4787496,0,0,11760,4775736,not_required,0,0,0,0
0xca78fb64d0248aa4fbe071c72fbe95029328873e2cbe088f2c5e9336209af107,mixed_low_volatility,benign,valid,markout,1176000000,9408000,4722816,4685184,1194816,11760,4711056,settled,0,0,2,800000
0x4a0f364d4745136aa45b3bc312675be71910c8f9fd57004be8ad655fd0ec11a0,mixed_low_volatility,benign,valid,fixed,2997000000,8991000,8991000,0,0,0,8991000,not_required,0,0,0,0
0x4a0f364d4745136aa45b3bc312675be71910c8f9fd57004be8ad655fd0ec11a0,mixed_low_volatility,benign,valid,volatility,2997000000,11697291,11697291,0,0,0,11697291,not_required,0,0,0,0
0x4a0f364d4745136aa45b3bc312675be71910c8f9fd57004be8ad655fd0ec11a0,mixed_low_volatility,benign,valid,markout,2997000000,23976000,8991000,14985000,0,0,8991000,settled,0,0,2,800000
0xc94bde42e51b44113b3896866a2a92540f4685e48a1b6e05e5071389b1acc6f7,mixed_low_volatility,informed,valid,fixed,3129000000,9387000,9387000,0,0,6345612,3041388,not_required,0,0,0,0
0xc94bde42e51b44113b3896866a2a92540f4685e48a1b6e05e5071389b1acc6f7,mixed_low_volatility,informed,valid,volatility,3129000000,12666192,12666192,0,0,6345612,6320580,not_required,0,0,0,0
0xc94bde42e51b44113b3896866a2a92540f4685e48a1b6e05e5071389b1acc6f7,mixed_low_volatility,informed,valid,markout,3129000000,25032000,22668040,2363960,13281040,6345612,16322428,settled,0,0,2,800000
0x867039a5cb1f9fb8841439183d38df1b02d78e4091eca08c85f9f5a84fc0c821,mixed_low_volatility,benign,valid,fixed,1202000000,3606000,3606000,0,0,722402,2883598,not_required,0,0,0,0
0x867039a5cb1f9fb8841439183d38df1b02d78e4091eca08c85f9f5a84fc0c821,mixed_low_volatility,benign,valid,volatility,1202000000,4823626,4823626,0,0,722402,4101224,not_required,0,0,0,0
0x867039a5cb1f9fb8841439183d38df1b02d78e4091eca08c85f9f5a84fc0c821,mixed_low_volatility,benign,valid,markout,1202000000,9616000,5963723,3652277,2357723,722402,5241321,settled,0,0,2,800000
0x16792ccdbdf873e11da8e321ac52b3a97964a59b07e35e59f2f3204fdba18400,mixed_low_volatility,informed,valid,fixed,3210000000,9630000,9630000,0,0,8760090,869910,not_required,0,0,0,0
0x16792ccdbdf873e11da8e321ac52b3a97964a59b07e35e59f2f3204fdba18400,mixed_low_volatility,informed,valid,volatility,3210000000,12364920,12364920,0,0,8760090,3604830,not_required,0,0,0,0
0x16792ccdbdf873e11da8e321ac52b3a97964a59b07e35e59f2f3204fdba18400,mixed_low_volatility,informed,valid,markout,3210000000,25680000,25680000,0,16050000,8760090,16919910,settled,0,0,2,800000
0xc506e43ecb9a4b34acf3791be8c92873d7ca04bccb430454c7f314846f014e74,mixed_low_volatility,benign,valid,fixed,2772000000,8316000,8316000,0,0,0,8316000,not_required,0,0,0,0
0xc506e43ecb9a4b34acf3791be8c92873d7ca04bccb430454c7f314846f014e74,mixed_low_volatility,benign,valid,volatility,2772000000,10627848,10627848,0,0,0,10627848,not_required,0,0,0,0
0xc506e43ecb9a4b34acf3791be8c92873d7ca04bccb430454c7f314846f014e74,mixed_low_volatility,benign,valid,markout,2772000000,22176000,8316000,13860000,0,0,8316000,settled,0,0,2,800000
0x33162a2b19f10a66cc5450ec4f2744fe73f9a6ee4652779f9848c3f83d8896db,mixed_low_volatility,informed,valid,fixed,4217000000,12651000,12651000,0,0,9791874,2859126,not_required,0,0,0,0
0x33162a2b19f10a66cc5450ec4f2744fe73f9a6ee4652779f9848c3f83d8896db,mixed_low_volatility,informed,valid,volatility,4217000000,16728839,16728839,0,0,9791874,6936965,not_required,0,0,0,0
0x33162a2b19f10a66cc5450ec4f2744fe73f9a6ee4652779f9848c3f83d8896db,mixed_low_volatility,informed,valid,markout,4217000000,33736000,32534155,1201845,19883155,9791874,22742281,settled,0,0,2,800000
0xe2ee1bb7c191014c4dcb335ef18c076a743fb4ba0e6fff3547c7a467e15940f8,mixed_high_volatility,benign,valid,fixed,2431000000,7293000,7293000,0,0,0,7293000,not_required,0,0,0,0
0xe2ee1bb7c191014c4dcb335ef18c076a743fb4ba0e6fff3547c7a467e15940f8,mixed_high_volatility,benign,valid,volatility,2431000000,19448000,19448000,0,0,0,19448000,not_required,0,0,0,0
0xe2ee1bb7c191014c4dcb335ef18c076a743fb4ba0e6fff3547c7a467e15940f8,mixed_high_volatility,benign,valid,markout,2431000000,19448000,7293000,12155000,0,0,7293000,settled,0,0,2,800000
0x2cb86043892bb9aa7ff4f78ec943c183ac10c18e2256457bad5d39f150baa8d3,mixed_high_volatility,benign,valid,fixed,2758000000,8274000,8274000,0,0,0,8274000,not_required,0,0,0,0
0x2cb86043892bb9aa7ff4f78ec943c183ac10c18e2256457bad5d39f150baa8d3,mixed_high_volatility,benign,valid,volatility,2758000000,22064000,22064000,0,0,0,22064000,not_required,0,0,0,0
0x2cb86043892bb9aa7ff4f78ec943c183ac10c18e2256457bad5d39f150baa8d3,mixed_high_volatility,benign,valid,markout,2758000000,22064000,10872036,11191964,2598036,0,10872036,settled,0,0,2,800000
0x1ca63330a28b87702ff72c39b0d2e62f7c6f949e9d06f571b4588520a58604d8,mixed_high_volatility,benign,valid,fixed,2886000000,8658000,8658000,0,0,0,8658000,not_required,0,0,0,0
0x1ca63330a28b87702ff72c39b0d2e62f7c6f949e9d06f571b4588520a58604d8,mixed_high_volatility,benign,valid,volatility,2886000000,23088000,23088000,0,0,0,23088000,not_required,0,0,0,0
0x1ca63330a28b87702ff72c39b0d2e62f7c6f949e9d06f571b4588520a58604d8,mixed_high_volatility,benign,valid,markout,2886000000,23088000,8658000,14430000,0,0,8658000,settled,0,0,2,800000
0x93e749a5576bfb5a9497ba9008a60f4cb88b98b7d5763125e7d26afd24288cff,mixed_high_volatility,informed,valid,fixed,325000000,975000,975000,0,0,1775150,-800150,not_required,0,0,0,0
0x93e749a5576bfb5a9497ba9008a60f4cb88b98b7d5763125e7d26afd24288cff,mixed_high_volatility,informed,valid,volatility,325000000,2600000,2600000,0,0,1775150,824850,not_required,0,0,0,0
0x93e749a5576bfb5a9497ba9008a60f4cb88b98b7d5763125e7d26afd24288cff,mixed_high_volatility,informed,valid,markout,325000000,2600000,2600000,0,1625000,1775150,824850,settled,0,0,2,800000
0x0d4e1c0f4176b6704eecb1b2134a2ef0913bb0b3360eaaf7edc6696e54835973,mixed_high_volatility,inventory_improving,valid,fixed,3474000000,10422000,10422000,0,0,0,10422000,not_required,0,0,0,0
0x0d4e1c0f4176b6704eecb1b2134a2ef0913bb0b3360eaaf7edc6696e54835973,mixed_high_volatility,inventory_improving,valid,volatility,3474000000,24251994,24251994,0,0,0,24251994,not_required,0,0,0,0
0x0d4e1c0f4176b6704eecb1b2134a2ef0913bb0b3360eaaf7edc6696e54835973,mixed_high_volatility,inventory_improving,valid,markout,3474000000,27792000,10422000,17370000,0,0,10422000,settled,0,0,2,800000
0x3dc37f7d54a127813322c127925c25b204702620dd9de525066564bd7fc3a70e,mixed_high_volatility,benign,valid,fixed,4414000000,13242000,13242000,0,0,975494,12266506,not_required,0,0,0,0
0x3dc37f7d54a127813322c127925c25b204702620dd9de525066564bd7fc3a70e,mixed_high_volatility,benign,valid,volatility,4414000000,34950052,34950052,0,0,975494,33974558,not_required,0,0,0,0
0x3dc37f7d54a127813322c127925c25b204702620dd9de525066564bd7fc3a70e,mixed_high_volatility,benign,valid,markout,4414000000,35312000,19216349,16095651,5974349,975494,18240855,settled,0,0,2,800000
0x2737cb66ab27cfbea522805ad0c1c4d3ce9855dd228fee3eb67944b49b2cc611,mixed_high_volatility,benign,valid,fixed,2281000000,6843000,6843000,0,0,269158,6573842,not_required,0,0,0,0
0x2737cb66ab27cfbea522805ad0c1c4d3ce9855dd228fee3eb67944b49b2cc611,mixed_high_volatility,benign,valid,volatility,2281000000,18248000,18248000,0,0,269158,17978842,not_required,0,0,0,0
0x2737cb66ab27cfbea522805ad0c1c4d3ce9855dd228fee3eb67944b49b2cc611,mixed_high_volatility,benign,valid,markout,2281000000,18248000,9553968,8694032,2710968,269158,9284810,settled,0,0,2,800000
0x58066ac1ab9e6faed3bd79fa6cd11044b91315cdb2f0bb7691467f58bb2855d3,mixed_high_volatility,benign,valid,fixed,2360000000,7080000,7080000,0,0,0,7080000,not_required,0,0,0,0
0x58066ac1ab9e6faed3bd79fa6cd11044b91315cdb2f0bb7691467f58bb2855d3,mixed_high_volatility,benign,valid,volatility,2360000000,15821440,15821440,0,0,0,15821440,not_required,0,0,0,0
0x58066ac1ab9e6faed3bd79fa6cd11044b91315cdb2f0bb7691467f58bb2855d3,mixed_high_volatility,benign,valid,markout,2360000000,18880000,7396240,11483760,316240,0,7396240,settled,0,0,2,800000
0xbe33390c180339d24b123cf65964642536c7a1c97298510d2417761c94ca5c38,mixed_high_volatility,benign,valid,fixed,4496000000,13488000,13488000,0,0,0,13488000,not_required,0,0,0,0
0xbe33390c180339d24b123cf65964642536c7a1c97298510d2417761c94ca5c38,mixed_high_volatility,benign,valid,volatility,4496000000,27470560,27470560,0,0,0,27470560,not_required,0,0,0,0
0xbe33390c180339d24b123cf65964642536c7a1c97298510d2417761c94ca5c38,mixed_high_volatility,benign,valid,markout,4496000000,35968000,16464352,19503648,2976352,0,16464352,settled,0,0,2,800000
0x44f74eb68e2efb6d7600120ad9278d6c0333495f61c72c33dd28f4ff344b517a,mixed_high_volatility,informed,valid,fixed,3886000000,11658000,11658000,0,0,12625614,-967614,not_required,0,0,0,0
0x44f74eb68e2efb6d7600120ad9278d6c0333495f61c72c33dd28f4ff344b517a,mixed_high_volatility,informed,valid,volatility,3886000000,25002524,25002524,0,0,12625614,12376910,not_required,0,0,0,0
0x44f74eb68e2efb6d7600120ad9278d6c0333495f61c72c33dd28f4ff344b517a,mixed_high_volatility,informed,valid,markout,3886000000,31088000,31088000,0,19430000,12625614,18462386,settled,0,0,2,800000
0x3a0c758bd5697240df9866231f27c58b0af755bb478c6e27c0677304b4c5235b,mixed_high_volatility,benign,valid,fixed,1385000000,4155000,4155000,0,0,0,4155000,not_required,0,0,0,0
0x3a0c758bd5697240df9866231f27c58b0af755bb478c6e27c0677304b4c5235b,mixed_high_volatility,benign,valid,volatility,1385000000,9117455,9117455,0,0,0,9117455,not_required,0,0,0,0
0x3a0c758bd5697240df9866231f27c58b0af755bb478c6e27c0677304b4c5235b,mixed_high_volatility,benign,valid,markout,1385000000,11080000,4155000,6925000,0,0,4155000,settled,0,0,2,800000
0x325e613ee9297f4cf2b482a8b2d53e90d581146086b5c763a18d3b651d27d163,mixed_high_volatility,inventory_improving,valid,fixed,3464000000,10392000,10392000,0,0,0,10392000,not_required,0,0,0,0
0x325e613ee9297f4cf2b482a8b2d53e90d581146086b5c763a18d3b651d27d163,mixed_high_volatility,inventory_improving,valid,volatility,3464000000,23326576,23326576,0,0,0,23326576,not_required,0,0,0,0
0x325e613ee9297f4cf2b482a8b2d53e90d581146086b5c763a18d3b651d27d163,mixed_high_volatility,inventory_improving,valid,markout,3464000000,27712000,10392000,17320000,0,0,10392000,settled,0,0,2,800000
0xaaf47ca3c6d86fe012c9688e05f56477bb39db9a25884764309fec46021a20c1,mixed_high_volatility,inventory_improving,valid,fixed,3963000000,11889000,11889000,0,0,0,11889000,not_required,0,0,0,0
0xaaf47ca3c6d86fe012c9688e05f56477bb39db9a25884764309fec46021a20c1,mixed_high_volatility,inventory_improving,valid,volatility,3963000000,31704000,31704000,0,0,0,31704000,not_required,0,0,0,0
0xaaf47ca3c6d86fe012c9688e05f56477bb39db9a25884764309fec46021a20c1,mixed_high_volatility,inventory_improving,valid,markout,3963000000,31704000,11889000,19815000,0,0,11889000,settled,0,0,2,800000
0xca25a3116fd428991a33f626c413cfd0f754c65929ae994db22dfa46bb01fdfe,mixed_high_volatility,inventory_improving,valid,fixed,3728000000,11184000,11184000,0,0,0,11184000,not_required,0,0,0,0
0xca25a3116fd428991a33f626c413cfd0f754c65929ae994db22dfa46bb01fdfe,mixed_high_volatility,inventory_improving,valid,volatility,3728000000,29589136,29589136,0,0,0,29589136,not_required,0,0,0,0
0xca25a3116fd428991a33f626c413cfd0f754c65929ae994db22dfa46bb01fdfe,mixed_high_volatility,inventory_improving,valid,markout,3728000000,29824000,11184000,18640000,0,0,11184000,settled,0,0,2,800000
0x4709b6c242c56b34e088b2a9c5f93eef7e2bb4149f720eb299e7bf2423459882,mixed_high_volatility,inventory_improving,valid,fixed,160000000,480000,480000,0,0,0,480000,not_required,0,0,0,0
0x4709b6c242c56b34e088b2a9c5f93eef7e2bb4149f720eb299e7bf2423459882,mixed_high_volatility,inventory_improving,valid,volatility,160000000,1280000,1280000,0,0,0,1280000,not_required,0,0,0,0
0x4709b6c242c56b34e088b2a9c5f93eef7e2bb4149f720eb299e7bf2423459882,mixed_high_volatility,inventory_improving,valid,markout,160000000,1280000,480000,800000,0,0,480000,settled,0,0,2,800000
0xf5b6ba466076dac14439613c53ceef7637bd0e839f556f4bbff8d34435e82a08,mixed_high_volatility,inventory_improving,valid,fixed,3830000000,11490000,11490000,0,0,0,11490000,not_required,0,0,0,0
0xf5b6ba466076dac14439613c53ceef7637bd0e839f556f4bbff8d34435e82a08,mixed_high_volatility,inventory_improving,valid,volatility,3830000000,30640000,30640000,0,0,0,30640000,not_required,0,0,0,0
0xf5b6ba466076dac14439613c53ceef7637bd0e839f556f4bbff8d34435e82a08,mixed_high_volatility,inventory_improving,valid,markout,3830000000,30640000,11490000,19150000,0,0,11490000,settled,0,0,2,800000
0x24fec3dc45c3c3f60b85e2fbdeb2483cb6bedae09c5175cc01478be65b09713c,mixed_high_volatility,informed,valid,fixed,2966000000,8898000,8898000,0,0,14536366,-5638366,not_required,0,0,0,0
0x24fec3dc45c3c3f60b85e2fbdeb2483cb6bedae09c5175cc01478be65b09713c,mixed_high_volatility,informed,valid,volatility,2966000000,18567160,18567160,0,0,14536366,4030794,not_required,0,0,0,0
0x24fec3dc45c3c3f60b85e2fbdeb2483cb6bedae09c5175cc01478be65b09713c,mixed_high_volatility,informed,valid,markout,2966000000,23728000,23728000,0,14830000,14536366,9191634,settled,0,0,2,800000
0xb204c46311da0d795553188a08eaf854197b048a1c1efd8311569eb83fe99631,mixed_high_volatility,benign,valid,fixed,1439000000,4317000,4317000,0,0,696476,3620524,not_required,0,0,0,0
0xb204c46311da0d795553188a08eaf854197b048a1c1efd8311569eb83fe99631,mixed_high_volatility,benign,valid,volatility,1439000000,9622593,9622593,0,0,696476,8926117,not_required,0,0,0,0
0xb204c46311da0d795553188a08eaf854197b048a1c1efd8311569eb83fe99631,mixed_high_volatility,benign,valid,markout,1439000000,11512000,6869786,4642214,2552786,696476,6173310,settled,0,0,2,800000
0xbf5878c0bdd67d9788b2f156508efd51bf67d3d15cabb519f637d64c5fa280cf,mixed_high_volatility,benign,valid,fixed,1028000000,3084000,3084000,0,0,1469012,1614988,not_required,0,0,0,0
0xbf5878c0bdd67d9788b2f156508efd51bf67d3d15cabb519f637d64c5fa280cf,mixed_high_volatility,benign,valid,volatility,1028000000,8224000,8224000,0,0,1469012,6754988,not_required,0,0,0,0
0xbf5878c0bdd67d9788b2f156508efd51bf67d3d15cabb519f637d64c5fa280cf,mixed_high_volatility,benign,valid,markout,1028000000,8224000,6462008,1761992,3378008,1469012,4992996,settled,0,0,2,800000
0x70e412bc0cbddae8f49238d74c0020aadd7155653622e216a617e4bd6a748dc6,mixed_high_volatility,benign,valid,fixed,3250000000,9750000,9750000,0,0,6015750,3734250,not_required,0,0,0,0
0x70e412bc0cbddae8f49238d74c0020aadd7155653622e216a617e4bd6a748dc6,mixed_high_volatility,benign,valid,volatility,3250000000,26000000,26000000,0,0,6015750,19984250,not_required,0,0,0,0
0x70e412bc0cbddae8f49238d74c0020aadd7155653622e216a617e4bd6a748dc6,mixed_high_volatility,benign,valid,markout,3250000000,26000000,22624875,3375125,12874875,6015750,16609125,settled,0,0,2,800000
0x41f03e01cc78e731009c7f7f6b1c77c295aa87a3fe1cfdb9bcb68bc288cdd767,mixed_high_volatility,informed,valid,fixed,4598000000,13794000,13794000,0,0,34719498,-20925498,not_required,0,0,0,0
0x41f03e01cc78e731009c7f7f6b1c77c295aa87a3fe1cfdb9bcb68bc288cdd767,mixed_high_volatility,informed,valid,volatility,4598000000,36784000,36784000,0,0,34719498,2064502,not_required,0,0,0,0
0x41f03e01cc78e731009c7f7f6b1c77c295aa87a3fe1cfdb9bcb68bc288cdd767,mixed_high_volatility,informed,valid,markout,4598000000,36784000,36784000,0,22990000,34719498,2064502,settled,0,0,2,800000
0xe38c5f953271973c7ee9941af408b1134d027b5af117464c96abe3e00add496e,mixed_high_volatility,benign,valid,fixed,4282000000,12846000,12846000,0,0,0,12846000,not_required,0,0,0,0
0xe38c5f953271973c7ee9941af408b1134d027b5af117464c96abe3e00add496e,mixed_high_volatility,benign,valid,volatility,4282000000,34256000,34256000,0,0,0,34256000,not_required,0,0,0,0
0xe38c5f953271973c7ee9941af408b1134d027b5af117464c96abe3e00add496e,mixed_high_volatility,benign,valid,markout,4282000000,34256000,12846000,21410000,0,0,12846000,settled,0,0,2,800000
0x5f2219c976247bc4e0561867b8e72500c72db23479a070648de2dbc7a26a286f,mixed_high_volatility,benign,valid,fixed,4951000000,14853000,14853000,0,0,8565230,6287770,not_required,0,0,0,0
0x5f2219c976247bc4e0561867b8e72500c72db23479a070648de2dbc7a26a286f,mixed_high_volatility,benign,valid,volatility,4951000000,32127039,32127039,0,0,8565230,23561809,not_required,0,0,0,0
0x5f2219c976247bc4e0561867b8e72500c72db23479a070648de2dbc7a26a286f,mixed_high_volatility,benign,valid,markout,4951000000,39608000,33508368,6099632,18655368,8565230,24943138,settled,0,0,2,800000
0x4aa8870c61a41e96a7c339276460882872abcc45ffb8c5b4a551c9d29d4af3f2,mixed_high_volatility,benign,valid,fixed,4874000000,14622000,14622000,0,0,5151818,9470182,not_required,0,0,0,0
0x4aa8870c61a41e96a7c339276460882872abcc45ffb8c5b4a551c9d29d4af3f2,mixed_high_volatility,benign,valid,volatility,4874000000,38992000,38992000,0,0,5151818,33840182,not_required,0,0,0,0
0x4aa8870c61a41e96a7c339276460882872abcc45ffb8c5b4a551c9d29d4af3f2,mixed_high_volatility,benign,valid,markout,4874000000,38992000,27737934,11254066,13115934,5151818,22586116,settled,0,0,2,800000
0xb7dbb495fd52537f52e1284fbfd519efbe0cd00e7fa1e392d4f79ed1d8dbe656,mixed_high_volatility,informed,valid,fixed,917000000,2751000,2751000,0,0,5490996,-2739996,not_required,0,0,0,0
0xb7dbb495fd52537f52e1284fbfd519efbe0cd00e7fa1e392d4f79ed1d8dbe656,mixed_high_volatility,informed,valid,volatility,917000000,7278229,7278229,0,0,5490996,1787233,not_required,0,0,0,0
0xb7dbb495fd52537f52e1284fbfd519efbe0cd00e7fa1e392d4f79ed1d8dbe656,mixed_high_volatility,informed,valid,markout,917000000,7336000,7336000,0,4585000,5490996,1845004,settled,0,0,2,800000
0x388c086c7f52101029ad6529cc605e7fe2a6d237960d6ea770b8aee888221b56,mixed_high_volatility,benign,valid,fixed,1053000000,3159000,3159000,0,0,451737,2707263,not_required,0,0,0,0
0x388c086c7f52101029ad6529cc605e7fe2a6d237960d6ea770b8aee888221b56,mixed_high_volatility,benign,valid,volatility,1053000000,8424000,8424000,0,0,451737,7972263,not_required,0,0,0,0
0x388c086c7f52101029ad6529cc605e7fe2a6d237960d6ea770b8aee888221b56,mixed_high_volatility,benign,valid,markout,1053000000,8424000,4934358,3489642,1775358,451737,4482621,settled,0,0,2,800000
0x2fe0e0ae4306f11d40b4107bf44ed218c366f5e8934929632c5654379b1d6721,mixed_high_volatility,benign,valid,fixed,631000000,1893000,1893000,0,0,814621,1078379,not_required,0,0,0,0
0x2fe0e0ae4306f11d40b4107bf44ed218c366f5e8934929632c5654379b1d6721,mixed_high_volatility,benign,valid,volatility,631000000,3815026,3815026,0,0,814621,3000405,not_required,0,0,0,0
0x2fe0e0ae4306f11d40b4107bf44ed218c366f5e8934929632c5654379b1d6721,mixed_high_volatility,benign,valid,markout,631000000,5048000,3827330,1220670,1934330,814621,3012709,settled,0,0,2,800000
0x8dcbe6a723eb0d085b2afbfc6c484c209ef3bd93ec36af93c95c40e3667123c2,mixed_high_volatility,benign,valid,fixed,1261000000,3783000,3783000,0,0,252200,3530800,not_required,0,0,0,0
0x8dcbe6a723eb0d085b2afbfc6c484c209ef3bd93ec36af93c95c40e3667123c2,mixed_high_volatility,benign,valid,volatility,1261000000,10088000,10088000,0,0,252200,9835800,not_required,0,0,0,0
0x8dcbe6a723eb0d085b2afbfc6c484c209ef3bd93ec36af93c95c40e3667123c2,mixed_high_volatility,benign,valid,markout,1261000000,10088000,5447520,4640480,1664520,252200,5195320,settled,0,0,2,800000
0x2ab672e982c4669fe4da0c580bf2266010893c9cacbbb64e5f4eb8722def7114,mixed_high_volatility,informed,valid,fixed,2553000000,7659000,7659000,0,0,12231423,-4572423,not_required,0,0,0,0
0x2ab672e982c4669fe4da0c580bf2266010893c9cacbbb64e5f4eb8722def7114,mixed_high_volatility,informed,valid,volatility,2553000000,18754338,18754338,0,0,12231423,6522915,not_required,0,0,0,0
0x2ab672e982c4669fe4da0c580bf2266010893c9cacbbb64e5f4eb8722def7114,mixed_high_volatility,informed,valid,markout,2553000000,20424000,20424000,0,12765000,12231423,8192577,settled,0,0,2,800000
0x909996cd400eaad59473e2e8a95a91b9d8f433bc9c8018bfdbe47586f191e3a6,mixed_high_volatility,benign,valid,fixed,4960000000,14880000,14880000,0,0,0,14880000,not_required,0,0,0,0
0x909996cd400eaad59473e2e8a95a91b9d8f433bc9c8018bfdbe47586f191e3a6,mixed_high_volatility,benign,valid,volatility,4960000000,39680000,39680000,0,0,0,39680000,not_required,0,0,0,0
0x909996cd400eaad59473e2e8a95a91b9d8f433bc9c8018bfdbe47586f191e3a6,mixed_high_volatility,benign,valid,markout,4960000000,39680000,14880000,24800000,0,0,14880000,settled,0,0,2,800000
0xcb659e01826d7386ac4a5127ce8ec037eabe5f3cd88c0d8c24324734acd09b1d,mixed_high_volatility,benign,valid,fixed,2845000000,8535000,8535000,0,0,0,8535000,not_required,0,0,0,0
0xcb659e01826d7386ac4a5127ce8ec037eabe5f3cd88c0d8c24324734acd09b1d,mixed_high_volatility,benign,valid,volatility,2845000000,17249235,17249235,0,0,0,17249235,not_required,0,0,0,0
0xcb659e01826d7386ac4a5127ce8ec037eabe5f3cd88c0d8c24324734acd09b1d,mixed_high_volatility,benign,valid,markout,2845000000,22760000,8535000,14225000,0,0,8535000,settled,0,0,2,800000
0x1d51820ec22c105e0f171767640b0bf8652ca42c480a4c58ec31e21c9eba7de1,mixed_high_volatility,inventory_improving,valid,fixed,382000000,1146000,1146000,0,0,0,1146000,not_required,0,0,0,0
0x1d51820ec22c105e0f171767640b0bf8652ca42c480a4c58ec31e21c9eba7de1,mixed_high_volatility,inventory_improving,valid,volatility,382000000,3056000,3056000,0,0,0,3056000,not_required,0,0,0,0
0x1d51820ec22c105e0f171767640b0bf8652ca42c480a4c58ec31e21c9eba7de1,mixed_high_volatility,inventory_improving,valid,markout,382000000,3056000,1146000,1910000,0,0,1146000,settled,0,0,2,800000
0x4b1761e1fd2e3ea5a1c0cce1e5f4f19bfae83f2c6e5787c8974263a32cd4625f,mixed_high_volatility,inventory_improving,valid,fixed,1990000000,5970000,5970000,0,0,0,5970000,not_required,0,0,0,0
0x4b1761e1fd2e3ea5a1c0cce1e5f4f19bfae83f2c6e5787c8974263a32cd4625f,mixed_high_volatility,inventory_improving,valid,volatility,1990000000,15920000,15920000,0,0,0,15920000,not_required,0,0,0,0
0x4b1761e1fd2e3ea5a1c0cce1e5f4f19bfae83f2c6e5787c8974263a32cd4625f,mixed_high_volatility,inventory_improving,valid,markout,1990000000,15920000,5970000,9950000,0,0,5970000,settled,0,0,2,800000
0xce480ed9c453acdce10bea334d6bd454f21a3b0ba0fbe0ee786df56c9b1a23fe,mixed_high_volatility,benign,valid,fixed,3470000000,10410000,10410000,0,0,5427080,4982920,not_required,0,0,0,0
0xce480ed9c453acdce10bea334d6bd454f21a3b0ba0fbe0ee786df56c9b1a23fe,mixed_high_volatility,benign,valid,volatility,3470000000,21475830,21475830,0,0,5427080,16048750,not_required,0,0,0,0
0xce480ed9c453acdce10bea334d6bd454f21a3b0ba0fbe0ee786df56c9b1a23fe,mixed_high_volatility,benign,valid,markout,3470000000,27760000,22561940,5198060,12151940,5427080,17134860,settled,0,0,2,800000
0x69b13160e561f3c3cc7b29b2415d5c8242113d108d7434d7624cd02bbff17f85,mixed_high_volatility,benign,valid,fixed,795000000,2385000,2385000,0,0,1242585,1142415,not_required,0,0,0,0
0x69b13160e561f3c3cc7b29b2415d5c8242113d108d7434d7624cd02bbff17f85,mixed_high_volatility,benign,valid,volatility,795000000,6223260,6223260,0,0,1242585,4980675,not_required,0,0,0,0
0x69b13160e561f3c3cc7b29b2415d5c8242113d108d7434d7624cd02bbff17f85,mixed_high_volatility,benign,valid,markout,795000000,6360000,5167897,1192103,2782897,1242585,3925312,settled,0,0,2,800000
0xc4c395388bd7cea9c86a7019af63209075c6d7f3c06c09769b3a73d743202695,mixed_high_volatility,benign,valid,fixed,2704000000,8112000,8112000,0,0,0,8112000,not_required,0,0,0,0
0xc4c395388bd7cea9c86a7019af63209075c6d7f3c06c09769b3a73d743202695,mixed_high_volatility,benign,valid,volatility,2704000000,21632000,21632000,0,0,0,21632000,not_required,0,0,0,0
0xc4c395388bd7cea9c86a7019af63209075c6d7f3c06c09769b3a73d743202695,mixed_high_volatility,benign,valid,markout,2704000000,21632000,8112000,13520000,0,0,8112000,settled,0,0,2,800000
0x4b69599f53e8b63899fd81aa39f01c1878ed597c9c70b8cca29fd6d9be7765e3,mixed_high_volatility,benign,valid,fixed,1369000000,4107000,4107000,0,0,844673,3262327,not_required,0,0,0,0
0x4b69599f53e8b63899fd81aa39f01c1878ed597c9c70b8cca29fd6d9be7765e3,mixed_high_volatility,benign,valid,volatility,1369000000,9732221,9732221,0,0,844673,8887548,not_required,0,0,0,0
0x4b69599f53e8b63899fd81aa39f01c1878ed597c9c70b8cca29fd6d9be7765e3,mixed_high_volatility,benign,valid,markout,1369000000,10952000,6827203,4124797,2720203,844673,5982530,settled,0,0,2,800000
0xc6912d82e39f00e9eea96571cff68def5c38d4d24cc0134f4de96f980a43dc3d,mixed_high_volatility,informed,valid,fixed,2370000000,7110000,7110000,0,0,8456160,-1346160,not_required,0,0,0,0
0xc6912d82e39f00e9eea96571cff68def5c38d4d24cc0134f4de96f980a43dc3d,mixed_high_volatility,informed,valid,volatility,2370000000,16689540,16689540,0,0,8456160,8233380,not_required,0,0,0,0
0xc6912d82e39f00e9eea96571cff68def5c38d4d24cc0134f4de96f980a43dc3d,mixed_high_volatility,informed,valid,markout,2370000000,18960000,18960000,0,11850000,8456160,10503840,settled,0,0,2,800000
0x6f365af2bd0f5a0fdcd28e37fefdb28a65340838cc56efd083d317f0cbfd9b21,mixed_high_volatility,informed,valid,fixed,1657000000,4971000,4971000,0,0,11370334,-6399334,not_required,0,0,0,0
0x6f365af2bd0f5a0fdcd28e37fefdb28a65340838cc56efd083d317f0cbfd9b21,mixed_high_volatility,informed,valid,volatility,1657000000,13256000,13256000,0,0,11370334,1885666,not_required,0,0,0,0
0x6f365af2bd0f5a0fdcd28e37fefdb28a65340838cc56efd083d317f0cbfd9b21,mixed_high_volatility,informed,valid,markout,1657000000,13256000,13256000,0,8285000,11370334,1885666,settled,0,0,2,800000
0xd7968dbd2ac577e3d67ce805419c56631194d0337c72355f33a1ecd5e69662bf,mixed_high_volatility,informed,valid,fixed,3830000000,11490000,11490000,0,0,20061540,-8571540,not_required,0,0,0,0
0xd7968dbd2ac577e3d67ce805419c56631194d0337c72355f33a1ecd5e69662bf,mixed_high_volatility,informed,valid,volatility,3830000000,24316670,24316670,0,0,20061540,4255130,not_required,0,0,0,0
0xd7968dbd2ac577e3d67ce805419c56631194d0337c72355f33a1ecd5e69662bf,mixed_high_volatility,informed,valid,markout,3830000000,30640000,30640000,0,19150000,20061540,10578460,settled,0,0,2,800000
0x938c9b3fa2aea46a1e44ca4ce121f8b003638bb5ce73d326ecb1006a68475d91,mixed_high_volatility,informed,valid,fixed,1678000000,5034000,5034000,0,0,13058196,-8024196,not_required,0,0,0,0
0x938c9b3fa2aea46a1e44ca4ce121f8b003638bb5ce73d326ecb1006a68475d91,mixed_high_volatility,informed,valid,volatility,1678000000,13424000,13424000,0,0,13058196,365804,not_required,0,0,0,0
0x938c9b3fa2aea46a1e44ca4ce121f8b003638bb5ce73d326ecb1006a68475d91,mixed_high_volatility,informed,valid,markout,1678000000,13424000,13424000,0,8390000,13058196,365804,settled,0,0,2,800000
0xad46be3b8e8114252c93d729370560a07506091fe8d8cae6ea19d09608234d94,mixed_high_volatility,inventory_improving,valid,fixed,3432000000,10296000,10296000,0,0,0,10296000,not_required,0,0,0,0
0xad46be3b8e8114252c93d729370560a07506091fe8d8cae6ea19d09608234d94,mixed_high_volatility,inventory_improving,valid,volatility,3432000000,23474880,23474880,0,0,0,23474880,not_required,0,0,0,0
0xad46be3b8e8114252c93d729370560a07506091fe8d8cae6ea19d09608234d94,mixed_high_volatility,inventory_improving,valid,markout,3432000000,27456000,10296000,17160000,0,0,10296000,settled,0,0,2,800000
0x0f75852862b5ede2dcd0fb2c024be85e1f6c0166ac80e440d1590b7599f46a7a,mixed_high_volatility,benign,valid,fixed,3268000000,9804000,9804000,0,0,2303940,7500060,not_required,0,0,0,0
0x0f75852862b5ede2dcd0fb2c024be85e1f6c0166ac80e440d1590b7599f46a7a,mixed_high_volatility,benign,valid,volatility,3268000000,26144000,26144000,0,0,2303940,23840060,not_required,0,0,0,0
0x0f75852862b5ede2dcd0fb2c024be85e1f6c0166ac80e440d1590b7599f46a7a,mixed_high_volatility,benign,valid,markout,3268000000,26144000,16758304,9385696,6954304,2303940,14454364,settled,0,0,2,800000
0xd609112ff54f12260ad27dd9b9555d51bd985f6fb19b31e63718cb782dc7d557,mixed_high_volatility,inventory_improving,valid,fixed,3009000000,9027000,9027000,0,0,0,9027000,not_required,0,0,0,0
0xd609112ff54f12260ad27dd9b9555d51bd985f6fb19b31e63718cb782dc7d557,mixed_high_volatility,inventory_improving,valid,volatility,3009000000,24072000,24072000,0,0,0,24072000,not_required,0,0,0,0
0xd609112ff54f12260ad27dd9b9555d51bd985f6fb19b31e63718cb782dc7d557,mixed_high_volatility,inventory_improving,valid,markout,3009000000,24072000,9027000,15045000,0,0,9027000,settled,0,0,2,800000
0xc14b34a9d65c28c13689eb950ddb55d2c5882f94e9682b1cf90747e684e64bc6,mixed_high_volatility,benign,valid,fixed,3594000000,10782000,10782000,0,0,539100,10242900,not_required,0,0,0,0
0xc14b34a9d65c28c13689eb950ddb55d2c5882f94e9682b1cf90747e684e64bc6,mixed_high_volatility,benign,valid,volatility,3594000000,22103100,22103100,0,0,539100,21564000,not_required,0,0,0,0
0xc14b34a9d65c28c13689eb950ddb55d2c5882f94e9682b1cf90747e684e64bc6,mixed_high_volatility,benign,valid,markout,3594000000,28752000,15238560,13513440,4456560,539100,14699460,settled,0,0,2,800000
0x0e3348b7556166521d95a6518e9e6c8621403b41bd720bc5fcd705673123a3a4,mixed_high_volatility,inventory_improving,valid,fixed,1268000000,3804000,3804000,0,0,0,3804000,not_required,0,0,0,0
0x0e3348b7556166521d95a6518e9e6c8621403b41bd720bc5fcd705673123a3a4,mixed_high_volatility,inventory_improving,valid,volatility,1268000000,7724656,7724656,0,0,0,7724656,not_required,0,0,0,0
0x0e3348b7556166521d95a6518e9e6c8621403b41bd720bc5fcd705673123a3a4,mixed_high_volatility,inventory_improving,valid,markout,1268000000,10144000,3804000,6340000,0,0,3804000,settled,0,0,2,800000
0xaa372c6f3859129a26281cdff5afddbeb42da5f5f0e02904d4c10de2a932c7d1,mixed_high_volatility,informed,valid,fixed,3872000000,11616000,11616000,0,0,26554176,-14938176,not_required,0,0,0,0
0xaa372c6f3859129a26281cdff5afddbeb42da5f5f0e02904d4c10de2a932c7d1,mixed_high_volatility,informed,valid,volatility,3872000000,25741056,25741056,0,0,26554176,-813120,not_required,0,0,0,0
0xaa372c6f3859129a26281cdff5afddbeb42da5f5f0e02904d4c10de2a932c7d1,mixed_high_volatility,informed,valid,markout,3872000000,30976000,30976000,0,19360000,26554176,4421824,settled,0,0,2,800000
0x76a93cfd0f21b9fa7456dd69b39fd39f97df59af0db0558959006f8f37c7b7b9,mixed_high_volatility,benign,valid,fixed,4866000000,14598000,14598000,0,0,8680944,5917056,not_required,0,0,0,0
0x76a93cfd0f21b9fa7456dd69b39fd39f97df59af0db0558959006f8f37c7b7b9,mixed_high_volatility,benign,valid,volatility,4866000000,34918416,34918416,0,0,8680944,26237472,not_required,0,0,0,0
0x76a93cfd0f21b9fa7456dd69b39fd39f97df59af0db0558959006f8f37c7b7b9,mixed_high_volatility,benign,valid,markout,4866000000,38928000,33351564,5576436,18753564,8680944,24670620,settled,0,0,2,800000
0x787584eea56297311663bbba1c12fcde8202a9bfd0f5e183b69bf4601a60355c,mixed_high_volatility,benign,valid,fixed,357000000,1071000,1071000,0,0,0,1071000,not_required,0,0,0,0
0x787584eea56297311663bbba1c12fcde8202a9bfd0f5e183b69bf4601a60355c,mixed_high_volatility,benign,valid,volatility,357000000,2856000,2856000,0,0,0,2856000,not_required,0,0,0,0
0x787584eea56297311663bbba1c12fcde8202a9bfd0f5e183b69bf4601a60355c,mixed_high_volatility,benign,valid,markout,357000000,2856000,1071000,1785000,0,0,1071000,settled,0,0,2,800000
0xa9aa02af4b72136cb8b462dd1f53e5db227a1de1fead7b12821491e9d6046422,mixed_high_volatility,benign,valid,fixed,3216000000,9648000,9648000,0,0,0,9648000,not_required,0,0,0,0
0xa9aa02af4b72136cb8b462dd1f53e5db227a1de1fead7b12821491e9d6046422,mixed_high_volatility,benign,valid,volatility,3216000000,25728000,25728000,0,0,0,25728000,not_required,0,0,0,0
0xa9aa02af4b72136cb8b462dd1f53e5db227a1de1fead7b12821491e9d6046422,mixed_high_volatility,benign,valid,markout,3216000000,25728000,9648000,16080000,0,0,9648000,settled,0,0,2,800000
0x08c93f5524bf82e177e0717a8ea5e3ca4c2a9fc6453b8262282297d354dd760b,mixed_high_volatility,benign,valid,fixed,3819000000,11457000,11457000,0,0,0,11457000,not_required,0,0,0,0
0x08c93f5524bf82e177e0717a8ea5e3ca4c2a9fc6453b8262282297d354dd760b,mixed_high_volatility,benign,valid,volatility,3819000000,23612877,23612877,0,0,0,23612877,not_required,0,0,0,0
0x08c93f5524bf82e177e0717a8ea5e3ca4c2a9fc6453b8262282297d354dd760b,mixed_high_volatility,benign,valid,markout,3819000000,30552000,11457000,19095000,0,0,11457000,settled,0,0,2,800000
0xd92bc7bef6cbdd0fe854f5d392894b867d33564e60d8dac1dabf27d304af357c,mixed_high_volatility,informed,valid,fixed,1777000000,5331000,5331000,0,0,10589143,-5258143,not_required,0,0,0,0
0xd92bc7bef6cbdd0fe854f5d392894b867d33564e60d8dac1dabf27d304af357c,mixed_high_volatility,informed,valid,volatility,1777000000,14216000,14216000,0,0,10589143,3626857,not_required,0,0,0,0
0xd92bc7bef6cbdd0fe854f5d392894b867d33564e60d8dac1dabf27d304af357c,mixed_high_volatility,informed,valid,markout,1777000000,14216000,14216000,0,8885000,10589143,3626857,settled,0,0,2,800000
0x6c62e827165a7d1e643ef8f553c56671062beaa821b861725c3e5bb6f1f0b0cf,mixed_high_volatility,benign,valid,fixed,1981000000,5943000,5943000,0,0,0,5943000,not_required,0,0,0,0
0x6c62e827165a7d1e643ef8f553c56671062beaa821b861725c3e5bb6f1f0b0cf,mixed_high_volatility,benign,valid,volatility,1981000000,14554407,14554407,0,0,0,14554407,not_required,0,0,0,0
0x6c62e827165a7d1e643ef8f553c56671062beaa821b861725c3e5bb6f1f0b0cf,mixed_high_volatility,benign,valid,markout,1981000000,15848000,7198954,8649046,1255954,0,7198954,settled,0,0,2,800000
0xe3699f976e4b5b60c1cee8bc73aa37f977aec1d17e16225ac32a317368478762,mixed_high_volatility,benign,valid,fixed,1701000000,5103000,5103000,0,0,0,5103000,not_required,0,0,0,0
0xe3699f976e4b5b60c1cee8bc73aa37f977aec1d17e16225ac32a317368478762,mixed_high_volatility,benign,valid,volatility,1701000000,12742191,12742191,0,0,0,12742191,not_required,0,0,0,0
0xe3699f976e4b5b60c1cee8bc73aa37f977aec1d17e16225ac32a317368478762,mixed_high_volatility,benign,valid,markout,1701000000,13608000,5103000,8505000,0,0,5103000,settled,0,0,2,800000
0xfd9d7bc5fe14f50725b5bc77eab3a0bd3f264bb874faaf2280396584bf247d43,mixed_high_volatility,benign,valid,fixed,989000000,2967000,2967000,0,0,0,2967000,not_required,0,0,0,0
0xfd9d7bc5fe14f50725b5bc77eab3a0bd3f264bb874faaf2280396584bf247d43,mixed_high_volatility,benign,valid,volatility,989000000,7187063,7187063,0,0,0,7187063,not_required,0,0,0,0
0xfd9d7bc5fe14f50725b5bc77eab3a0bd3f264bb874faaf2280396584bf247d43,mixed_high_volatility,benign,valid,markout,989000000,7912000,2967000,4945000,0,0,2967000,settled,0,0,2,800000
0xafa97337acf1ee157907a1600feb96385216946e97dd4d09628f901afd5e88fb,mixed_high_volatility,benign,valid,fixed,3765000000,11295000,11295000,0,0,0,11295000,not_required,0,0,0,0
0xafa97337acf1ee157907a1600feb96385216946e97dd4d09628f901afd5e88fb,mixed_high_volatility,benign,valid,volatility,3765000000,30120000,30120000,0,0,0,30120000,not_required,0,0,0,0
0xafa97337acf1ee157907a1600feb96385216946e97dd4d09628f901afd5e88fb,mixed_high_volatility,benign,valid,markout,3765000000,30120000,12688050,17431950,1393050,0,12688050,settled,0,0,2,800000
0x99187b74698e968ee159c62bc428523c5a7bb3abf76211b45c6b67ad6a430152,mixed_high_volatility,benign,valid,fixed,3237000000,9711000,9711000,0,0,4117464,5593536,not_required,0,0,0,0
0x99187b74698e968ee159c62bc428523c5a7bb3abf76211b45c6b67ad6a430152,mixed_high_volatility,benign,valid,volatility,3237000000,25556115,25556115,0,0,4117464,21438651,not_required,0,0,0,0
0x99187b74698e968ee159c62bc428523c5a7bb3abf76211b45c6b67ad6a430152,mixed_high_volatility,benign,valid,markout,3237000000,25896000,19535295,6360705,9824295,4117464,15417831,settled,0,0,2,800000
0xdeed2ec0033617618f569ab4419ba919333a1ff6524d7ac945152f454c7f5538,mixed_high_volatility,benign,valid,fixed,3466000000,10398000,10398000,0,0,3663562,6734438,not_required,0,0,0,0
0xdeed2ec0033617618f569ab4419ba919333a1ff6524d7ac945152f454c7f5538,mixed_high_volatility,benign,valid,volatility,3466000000,27728000,27728000,0,0,3663562,24064438,not_required,0,0,0,0
0xdeed2ec0033617618f569ab4419ba919333a1ff6524d7ac945152f454c7f5538,mixed_high_volatility,benign,valid,markout,3466000000,27728000,19725006,8002994,9327006,3663562,16061444,settled,0,0,2,800000
0xcbf3809abffe2a77609debab36830000a3c2f78f1f4f016433c34dfd3f9a4288,mixed_high_volatility,benign,valid,fixed,1925000000,5775000,5775000,0,0,0,5775000,not_required,0,0,0,0
0xcbf3809abffe2a77609debab36830000a3c2f78f1f4f016433c34dfd3f9a4288,mixed_high_volatility,benign,valid,volatility,1925000000,13473075,13473075,0,0,0,13473075,not_required,0,0,0,0
0xcbf3809abffe2a77609debab36830000a3c2f78f1f4f016433c34dfd3f9a4288,mixed_high_volatility,benign,valid,markout,1925000000,15400000,7684600,7715400,1909600,0,7684600,settled,0,0,2,800000
0x5ba1afd46d305bc0343402680a3230c5926c0ee1caa31f71312667cb5c2e3133,mixed_high_volatility,benign,valid,fixed,2385000000,7155000,7155000,0,0,0,7155000,not_required,0,0,0,0
0x5ba1afd46d305bc0343402680a3230c5926c0ee1caa31f71312667cb5c2e3133,mixed_high_volatility,benign,valid,volatility,2385000000,19080000,19080000,0,0,0,19080000,not_required,0,0,0,0
0x5ba1afd46d305bc0343402680a3230c5926c0ee1caa31f71312667cb5c2e3133,mixed_high_volatility,benign,valid,markout,2385000000,19080000,7155000,11925000,0,0,7155000,settled,0,0,2,800000
0xb1fc0f62c963a2fa52d1c67c8953196c7953955522dd4de2dca5d8a312383ed4,mixed_high_volatility,benign,valid,fixed,3997000000,11991000,11991000,0,0,0,11991000,not_required,0,0,0,0
0xb1fc0f62c963a2fa52d1c67c8953196c7953955522dd4de2dca5d8a312383ed4,mixed_high_volatility,benign,valid,volatility,3997000000,24621520,24621520,0,0,0,24621520,not_required,0,0,0,0
0xb1fc0f62c963a2fa52d1c67c8953196c7953955522dd4de2dca5d8a312383ed4,mixed_high_volatility,benign,valid,markout,3997000000,31976000,11991000,19985000,0,0,11991000,settled,0,0,2,800000
0xe9d399aa3e31594261b3b90f2e2480347e1192ec5bc0766e371f3907c966c3c0,mixed_high_volatility,benign,valid,fixed,643000000,1929000,1929000,0,0,0,1929000,not_required,0,0,0,0
0xe9d399aa3e31594261b3b90f2e2480347e1192ec5bc0766e371f3907c966c3c0,mixed_high_volatility,benign,valid,volatility,643000000,4165354,4165354,0,0,0,4165354,not_required,0,0,0,0
0xe9d399aa3e31594261b3b90f2e2480347e1192ec5bc0766e371f3907c966c3c0,mixed_high_volatility,benign,valid,markout,643000000,5144000,2061458,3082542,132458,0,2061458,settled,0,0,2,800000
0xdbcf5c196efb654c47c9346222def73cc828c8667c8359254d23cc33a6478fc4,mixed_high_volatility,inventory_improving,valid,fixed,2240000000,6720000,6720000,0,0,0,6720000,not_required,0,0,0,0
0xdbcf5c196efb654c47c9346222def73cc828c8667c8359254d23cc33a6478fc4,mixed_high_volatility,inventory_improving,valid,volatility,2240000000,14477120,14477120,0,0,0,14477120,not_required,0,0,0,0
0xdbcf5c196efb654c47c9346222def73cc828c8667c8359254d23cc33a6478fc4,mixed_high_volatility,inventory_improving,valid,markout,2240000000,17920000,6720000,11200000,0,0,6720000,settled,0,0,2,800000
0x0e3e7526d2809e53d026a7a82c3a0c07cba1295be9ab32c9a6442806fbc76c40,mixed_high_volatility,inventory_improving,valid,fixed,4711000000,14133000,14133000,0,0,0,14133000,not_required,0,0,0,0
0x0e3e7526d2809e53d026a7a82c3a0c07cba1295be9ab32c9a6442806fbc76c40,mixed_high_volatility,inventory_improving,valid,volatility,4711000000,37688000,37688000,0,0,0,37688000,not_required,0,0,0,0
0x0e3e7526d2809e53d026a7a82c3a0c07cba1295be9ab32c9a6442806fbc76c40,mixed_high_volatility,inventory_improving,valid,markout,4711000000,37688000,14133000,23555000,0,0,14133000,settled,0,0,2,800000
0xce8e903bb6d26248945a9339e042490df23b7ac320d865f821fe8e54a7bbacd2,mixed_high_volatility,inventory_improving,valid,fixed,4766000000,14298000,14298000,0,0,0,14298000,not_required,0,0,0,0
0xce8e903bb6d26248945a9339e042490df23b7ac320d865f821fe8e54a7bbacd2,mixed_high_volatility,inventory_improving,valid,volatility,4766000000,38128000,38128000,0,0,0,38128000,not_required,0,0,0,0
0xce8e903bb6d26248945a9339e042490df23b7ac320d865f821fe8e54a7bbacd2,mixed_high_volatility,inventory_improving,valid,markout,4766000000,38128000,14298000,23830000,0,0,14298000,settled,0,0,2,800000
0x53d8b1c61e97bea53aebfd73ced4fa829addba02f48dfd1ea299561189d243ab,mixed_high_volatility,benign,valid,fixed,1029000000,3087000,3087000,0,0,0,3087000,not_required,0,0,0,0
0x53d8b1c61e97bea53aebfd73ced4fa829addba02f48dfd1ea299561189d243ab,mixed_high_volatility,benign,valid,volatility,1029000000,8232000,8232000,0,0,0,8232000,not_required,0,0,0,0
0x53d8b1c61e97bea53aebfd73ced4fa829addba02f48dfd1ea299561189d243ab,mixed_high_volatility,benign,valid,markout,1029000000,8232000,3087000,5145000,0,0,3087000,settled,0,0,2,800000
0xef55a316001e8e7ea43fe45d58b5b38eb5d342763aa9b5be165dff669341c561,mixed_high_volatility,inventory_improving,valid,fixed,3984000000,11952000,11952000,0,0,0,11952000,not_required,0,0,0,0
0xef55a316001e8e7ea43fe45d58b5b38eb5d342763aa9b5be165dff669341c561,mixed_high_volatility,inventory_improving,valid,volatility,3984000000,31585152,31585152,0,0,0,31585152,not_required,0,0,0,0
0xef55a316001e8e7ea43fe45d58b5b38eb5d342763aa9b5be165dff669341c561,mixed_high_volatility,inventory_improving,valid,markout,3984000000,31872000,11952000,19920000,0,0,11952000,settled,0,0,2,800000
0x543160b7f929e4e40d244346859725934a0175afbf783c4365ef34b265e945d9,mixed_high_volatility,inventory_improving,valid,fixed,3474000000,10422000,10422000,0,0,0,10422000,not_required,0,0,0,0
0x543160b7f929e4e40d244346859725934a0175afbf783c4365ef34b265e945d9,mixed_high_volatility,inventory_improving,valid,volatility,3474000000,27792000,27792000,0,0,0,27792000,not_required,0,0,0,0
0x543160b7f929e4e40d244346859725934a0175afbf783c4365ef34b265e945d9,mixed_high_volatility,inventory_improving,valid,markout,3474000000,27792000,10422000,17370000,0,0,10422000,settled,0,0,2,800000
0x4c038baa55f145d35568fbaffbbc9fcbfbe25b608539ce56bf6ba8f9918b3965,mixed_high_volatility,benign,valid,fixed,1598000000,4794000,4794000,0,0,532134,4261866,not_required,0,0,0,0
0x4c038baa55f145d35568fbaffbbc9fcbfbe25b608539ce56bf6ba8f9918b3965,mixed_high_volatility,benign,valid,volatility,1598000000,12334962,12334962,0,0,532134,11802828,not_required,0,0,0,0
0x4c038baa55f145d35568fbaffbbc9fcbfbe25b608539ce56bf6ba8f9918b3965,mixed_high_volatility,benign,valid,markout,1598000000,12784000,7242935,5541065,2448935,532134,6710801,settled,0,0,2,800000
0x563699e72c68fb549c6c0264c8269391074f6de8e75981ba40c24c6e19627456,mixed_high_volatility,benign,valid,fixed,4312000000,12936000,12936000,0,0,6390384,6545616,not_required,0,0,0,0
0x563699e72c68fb549c6c0264c8269391074f6de8e75981ba40c24c6e19627456,mixed_high_volatility,benign,valid,volatility,4312000000,28446264,28446264,0,0,6390384,22055880,not_required,0,0,0,0
0x563699e72c68fb549c6c0264c8269391074f6de8e75981ba40c24c6e19627456,mixed_high_volatility,benign,valid,markout,4312000000,34496000,27471752,7024248,14535752,6390384,21081368,settled,0,0,2,800000
0xfce93e5a7399e0c17892a222139c48206b79e839c3307603da6a94bec717e7e7,mixed_high_volatility,inventory_improving,valid,fixed,4321000000,12963000,12963000,0,0,0,12963000,not_required,0,0,0,0
0xfce93e5a7399e0c17892a222139c48206b79e839c3307603da6a94bec717e7e7,mixed_high_volatility,inventory_improving,valid,volatility,4321000000,34568000,34568000,0,0,0,34568000,not_required,0,0,0,0
0xfce93e5a7399e0c17892a222139c48206b79e839c3307603da6a94bec717e7e7,mixed_high_volatility,inventory_improving,valid,markout,4321000000,34568000,12963000,21605000,0,0,12963000,settled,0,0,2,800000
0x7552432d7f156c216c3e48c4e18ede83bb0fe4b76c643b26a4b1d21113ed18e5,mixed_high_volatility,informed,valid,fixed,3158000000,9474000,9474000,0,0,20988068,-11514068,not_required,0,0,0,0
0x7552432d7f156c216c3e48c4e18ede83bb0fe4b76c643b26a4b1d21113ed18e5,mixed_high_volatility,informed,valid,volatility,3158000000,25264000,25264000,0,0,20988068,4275932,not_required,0,0,0,0
0x7552432d7f156c216c3e48c4e18ede83bb0fe4b76c643b26a4b1d21113ed18e5,mixed_high_volatility,informed,valid,markout,3158000000,25264000,25264000,0,15790000,20988068,4275932,settled,0,0,2,800000
0x827e752b1aab1f703c3834800189853324416230ddc5dda3310dd681d39dbcd3,mixed_high_volatility,benign,valid,fixed,4855000000,14565000,14565000,0,0,1063245,13501755,not_required,0,0,0,0
0x827e752b1aab1f703c3834800189853324416230ddc5dda3310dd681d39dbcd3,mixed_high_volatility,benign,valid,volatility,4855000000,38840000,38840000,0,0,1063245,37776755,not_required,0,0,0,0
0x827e752b1aab1f703c3834800189853324416230ddc5dda3310dd681d39dbcd3,mixed_high_volatility,benign,valid,markout,4855000000,38840000,21119250,17720750,6554250,1063245,20056005,settled,0,0,2,800000
0x5460ddf8d61a60d19af68b6be4960266a015be90d1146123c0c69913976cbdcb,mixed_high_volatility,benign,valid,fixed,2174000000,6522000,6522000,0,0,402190,6119810,not_required,0,0,0,0
0x5460ddf8d61a60d19af68b6be4960266a015be90d1146123c0c69913976cbdcb,mixed_high_volatility,benign,valid,volatility,2174000000,17392000,17392000,0,0,402190,16989810,not_required,0,0,0,0
0x5460ddf8d61a60d19af68b6be4960266a015be90d1146123c0c69913976cbdcb,mixed_high_volatility,benign,valid,markout,2174000000,17392000,9339504,8052496,2817504,402190,8937314,settled,0,0,2,800000
0xd749b373f978b26af25b6172013fdb1ce5a79b7f41ae0f82a03c7cb3c966d59d,mixed_high_volatility,benign,valid,fixed,4917000000,14751000,14751000,0,0,5679135,9071865,not_required,0,0,0,0
0xd749b373f978b26af25b6172013fdb1ce5a79b7f41ae0f82a03c7cb3c966d59d,mixed_high_volatility,benign,valid,volatility,4917000000,39336000,39336000,0,0,5679135,33656865,not_required,0,0,0,0
0xd749b373f978b26af25b6172013fdb1ce5a79b7f41ae0f82a03c7cb3c966d59d,mixed_high_volatility,benign,valid,markout,4917000000,39336000,28754616,10581384,14003616,5679135,23075481,settled,0,0,2,800000
0x9b4e85546e41c17e56c5abe553571f86ff28784e63e376e7139fafe094ff8e7c,mixed_high_volatility,inventory_improving,valid,fixed,1698000000,5094000,5094000,0,0,0,5094000,not_required,0,0,0,0
0x9b4e85546e41c17e56c5abe553571f86ff28784e63e376e7139fafe094ff8e7c,mixed_high_volatility,inventory_improving,valid,volatility,1698000000,13584000,13584000,0,0,0,13584000,not_required,0,0,0,0
0x9b4e85546e41c17e56c5abe553571f86ff28784e63e376e7139fafe094ff8e7c,mixed_high_volatility,inventory_improving,valid,markout,1698000000,13584000,5094000,8490000,0,0,5094000,settled,0,0,2,800000
0xee61f9eaabbd257c612774b4fdcf933efd9d040f96209af064a4ad74af8a0b7f,mixed_high_volatility,informed,valid,fixed,4710000000,14130000,14130000,0,0,27652410,-13522410,not_required,0,0,0,0
0xee61f9eaabbd257c612774b4fdcf933efd9d040f96209af064a4ad74af8a0b7f,mixed_high_volatility,informed,valid,volatility,4710000000,36318810,36318810,0,0,27652410,8666400,not_required,0,0,0,0
0xee61f9eaabbd257c612774b4fdcf933efd9d040f96209af064a4ad74af8a0b7f,mixed_high_volatility,informed,valid,markout,4710000000,37680000,37680000,0,23550000,27652410,10027590,settled,0,0,2,800000
0xd323d10bc0566802bdbe4ecc9a41344aa473c2a93b6e69ee65b25e2c257a6206,mixed_high_volatility,inventory_improving,valid,fixed,4081000000,12243000,12243000,0,0,0,12243000,not_required,0,0,0,0
0xd323d10bc0566802bdbe4ecc9a41344aa473c2a93b6e69ee65b25e2c257a6206,mixed_high_volatility,inventory_improving,valid,volatility,4081000000,32648000,32648000,0,0,0,32648000,not_required,0,0,0,0
0xd323d10bc0566802bdbe4ecc9a41344aa473c2a93b6e69ee65b25e2c257a6206,mixed_high_volatility,inventory_improving,valid,markout,4081000000,32648000,12243000,20405000,0,0,12243000,settled,0,0,2,800000
0x0cddda26d78b6b874d2b30fb036136201ed30fa8af1e0b7a888c9599d927a91b,mixed_high_volatility,benign,valid,fixed,2665000000,7995000,7995000,0,0,3661710,4333290,not_required,0,0,0,0
0x0cddda26d78b6b874d2b30fb036136201ed30fa8af1e0b7a888c9599d927a91b,mixed_high_volatility,benign,valid,volatility,2665000000,16205865,16205865,0,0,3661710,12544155,not_required,0,0,0,0
0x0cddda26d78b6b874d2b30fb036136201ed30fa8af1e0b7a888c9599d927a91b,mixed_high_volatility,benign,valid,markout,2665000000,21320000,16517670,4802330,8522670,3661710,12855960,settled,0,0,2,800000
0x58f4c42b61501d6fe5a34ebfc104e75adf91e7ee0fe880b6082fc4670f6858de,mixed_high_volatility,benign,valid,fixed,2003000000,6009000,6009000,0,0,2159234,3849766,not_required,0,0,0,0
0x58f4c42b61501d6fe5a34ebfc104e75adf91e7ee0fe880b6082fc4670f6858de,mixed_high_volatility,benign,valid,volatility,2003000000,15591352,15591352,0,0,2159234,13432118,not_required,0,0,0,0
0x58f4c42b61501d6fe5a34ebfc104e75adf91e7ee0fe880b6082fc4670f6858de,mixed_high_volatility,benign,valid,markout,2003000000,16024000,11466173,4557827,5457173,2159234,9306939,settled,0,0,2,800000
0xd7866dd0fa0146bc3ab5a9cfe26ce26e2ef135faad2cbf145a674f7417117a74,mixed_high_volatility,benign,valid,fixed,3017000000,9051000,9051000,0,0,0,9051000,not_required,0,0,0,0
0xd7866dd0fa0146bc3ab5a9cfe26ce26e2ef135faad2cbf145a674f7417117a74,mixed_high_volatility,benign,valid,volatility,3017000000,24136000,24136000,0,0,0,24136000,not_required,0,0,0,0
0xd7866dd0fa0146bc3ab5a9cfe26ce26e2ef135faad2cbf145a674f7417117a74,mixed_high_volatility,benign,valid,markout,3017000000,24136000,9051000,15085000,0,0,9051000,settled,0,0,2,800000
0x5c85ec0bda0525e8d695e59419e00d5aa8213a79cc0417bb176f0d397c31b086,mixed_high_volatility,benign,valid,fixed,4669000000,14007000,14007000,0,0,4314156,9692844,not_required,0,0,0,0
0x5c85ec0bda0525e8d695e59419e00d5aa8213a79cc0417bb176f0d397c31b086,mixed_high_volatility,benign,valid,volatility,4669000000,37352000,37352000,0,0,4314156,33037844,not_required,0,0,0,0
0x5c85ec0bda0525e8d695e59419e00d5aa8213a79cc0417bb176f0d397c31b086,mixed_high_volatility,benign,valid,markout,4669000000,37352000,25576782,11775218,11569782,4314156,21262626,settled,0,0,2,800000
0x22c5b5ecc0144f1f979e25a26225ddaff6fad0cd222ec9d5df31248297c8b16f,mixed_high_volatility,informed,valid,fixed,3591000000,10773000,10773000,0,0,17703630,-6930630,not_required,0,0,0,0
0x22c5b5ecc0144f1f979e25a26225ddaff6fad0cd222ec9d5df31248297c8b16f,mixed_high_volatility,informed,valid,volatility,3591000000,24408027,24408027,0,0,17703630,6704397,not_required,0,0,0,0
0x22c5b5ecc0144f1f979e25a26225ddaff6fad0cd222ec9d5df31248297c8b16f,mixed_high_volatility,informed,valid,markout,3591000000,28728000,28728000,0,17955000,17703630,11024370,settled,0,0,2,800000
0x4fdad063cb3cfedfd0b93dd270b9f30ee0d514b496b566aa1c6e6214cdb15f43,mixed_high_volatility,benign,valid,fixed,3462000000,10386000,10386000,0,0,0,10386000,not_required,0,0,0,0
0x4fdad063cb3cfedfd0b93dd270b9f30ee0d514b496b566aa1c6e6214cdb15f43,mixed_high_volatility,benign,valid,volatility,3462000000,27522900,27522900,0,0,0,27522900,not_required,0,0,0,0
0x4fdad063cb3cfedfd0b93dd270b9f30ee0d514b496b566aa1c6e6214cdb15f43,mixed_high_volatility,benign,valid,markout,3462000000,27696000,11936976,15759024,1550976,0,11936976,settled,0,0,2,800000
0x9446e5882ec8d68107762aa3233d58b4cb779bd820f028f8e1feb3838e6944a7,mixed_high_volatility,benign,valid,fixed,1917000000,5751000,5751000,0,0,0,5751000,not_required,0,0,0,0
0x9446e5882ec8d68107762aa3233d58b4cb779bd820f028f8e1feb3838e6944a7,mixed_high_volatility,benign,valid,volatility,1917000000,15336000,15336000,0,0,0,15336000,not_required,0,0,0,0
0x9446e5882ec8d68107762aa3233d58b4cb779bd820f028f8e1feb3838e6944a7,mixed_high_volatility,benign,valid,markout,1917000000,15336000,5751000,9585000,0,0,5751000,settled,0,0,2,800000
0x174c306cc0c27403c78ddc695a5b2bb896f59bffcdc8152003d905203847e79c,mixed_high_volatility,benign,valid,fixed,860000000,2580000,2580000,0,0,436880,2143120,not_required,0,0,0,0
0x174c306cc0c27403c78ddc695a5b2bb896f59bffcdc8152003d905203847e79c,mixed_high_volatility,benign,valid,volatility,860000000,5888420,5888420,0,0,436880,5451540,not_required,0,0,0,0
0x174c306cc0c27403c78ddc695a5b2bb896f59bffcdc8152003d905203847e79c,mixed_high_volatility,benign,valid,markout,860000000,6880000,4138750,2741250,1558750,436880,3701870,settled,0,0,2,800000
0x645a64d39570246d8dac9c6737b5c649f180a71cd8d025ddb1c9a1c6b6b36fbf,mixed_high_volatility,benign,valid,fixed,1593000000,4779000,4779000,0,0,0,4779000,not_required,0,0,0,0
0x645a64d39570246d8dac9c6737b5c649f180a71cd8d025ddb1c9a1c6b6b36fbf,mixed_high_volatility,benign,valid,volatility,1593000000,12744000,12744000,0,0,0,12744000,not_required,0,0,0,0
0x645a64d39570246d8dac9c6737b5c649f180a71cd8d025ddb1c9a1c6b6b36fbf,mixed_high_volatility,benign,valid,markout,1593000000,12744000,4779000,7965000,0,0,4779000,settled,0,0,2,800000
0x01540a17397eb1faf53da132b0303ff333bb4d5546ae2f593082ecadb52078f3,mixed_high_volatility,inventory_improving,valid,fixed,2372000000,7116000,7116000,0,0,0,7116000,not_required,0,0,0,0
0x01540a17397eb1faf53da132b0303ff333bb4d5546ae2f593082ecadb52078f3,mixed_high_volatility,inventory_improving,valid,volatility,2372000000,18976000,18976000,0,0,0,18976000,not_required,0,0,0,0
0x01540a17397eb1faf53da132b0303ff333bb4d5546ae2f593082ecadb52078f3,mixed_high_volatility,inventory_improving,valid,markout,2372000000,18976000,7116000,11860000,0,0,7116000,settled,0,0,2,800000
0x1ee4c7309639388efbcfaecd9622c102c870584061d93c654f88bac001ccfab7,mixed_high_volatility,benign,valid,fixed,3026000000,9078000,9078000,0,0,0,9078000,not_required,0,0,0,0
0x1ee4c7309639388efbcfaecd9622c102c870584061d93c654f88bac001ccfab7,mixed_high_volatility,benign,valid,volatility,3026000000,19605454,19605454,0,0,0,19605454,not_required,0,0,0,0
0x1ee4c7309639388efbcfaecd9622c102c870584061d93c654f88bac001ccfab7,mixed_high_volatility,benign,valid,markout,3026000000,24208000,10239984,13968016,1161984,0,10239984,settled,0,0,2,800000
0x8c8c3b62d4970f79b2580385efc28b9081c8c416d2f4f6d2d0e0260069eddddf,mixed_high_volatility,informed,valid,fixed,2882000000,8646000,8646000,0,0,17790586,-9144586,not_required,0,0,0,0
0x8c8c3b62d4970f79b2580385efc28b9081c8c416d2f4f6d2d0e0260069eddddf,mixed_high_volatility,informed,valid,volatility,2882000000,23056000,23056000,0,0,17790586,5265414,not_required,0,0,0,0
0x8c8c3b62d4970f79b2580385efc28b9081c8c416d2f4f6d2d0e0260069eddddf,mixed_high_volatility,informed,valid,markout,2882000000,23056000,23056000,0,14410000,17790586,5265414,settled,0,0,2,800000
0xa0038c5c245fa00a9fd8c8cfbb466d1e2debf266cef544f8acf46b38912806c9,mixed_high_volatility,benign,valid,fixed,3451000000,10353000,10353000,0,0,6484429,3868571,not_required,0,0,0,0
0xa0038c5c245fa00a9fd8c8cfbb466d1e2debf266cef544f8acf46b38912806c9,mixed_high_volatility,benign,valid,volatility,3451000000,21989772,21989772,0,0,6484429,15505343,not_required,0,0,0,0
0xa0038c5c245fa00a9fd8c8cfbb466d1e2debf266cef544f8acf46b38912806c9,mixed_high_volatility,benign,valid,markout,3451000000,27608000,24177706,3430294,13824706,6484429,17693277,settled,0,0,2,800000
0x9c643fa3980bf86e64cb4f52764d310bd9465e8a4833733f70f3efee523f05ce,mixed_high_volatility,benign,valid,fixed,4113000000,12339000,12339000,0,0,0,12339000,not_required,0,0,0,0
0x9c643fa3980bf86e64cb4f52764d310bd9465e8a4833733f70f3efee523f05ce,mixed_high_volatility,benign,valid,volatility,4113000000,29173509,29173509,0,0,0,29173509,not_required,0,0,0,0
0x9c643fa3980bf86e64cb4f52764d310bd9465e8a4833733f70f3efee523f05ce,mixed_high_volatility,benign,valid,markout,4113000000,32904000,12445938,20458062,106938,0,12445938,settled,0,0,2,800000
0x1a605a0fd6699b67003ed9a140dea7df4780282bd498f1fd9b584f7bbf013941,mixed_high_volatility,inventory_improving,valid,fixed,4671000000,14013000,14013000,0,0,0,14013000,not_required,0,0,0,0
0x1a605a0fd6699b67003ed9a140dea7df4780282bd498f1fd9b584f7bbf013941,mixed_high_volatility,inventory_improving,valid,volatility,4671000000,31038795,31038795,0,0,0,31038795,not_required,0,0,0,0
0x1a605a0fd6699b67003ed9a140dea7df4780282bd498f1fd9b584f7bbf013941,mixed_high_volatility,inventory_improving,valid,markout,4671000000,37368000,14013000,23355000,0,0,14013000,settled,0,0,2,800000
0x2049e08f132843aa0f352f0c026d942bb38957df7ea28c18986569ec16a37d29,mixed_high_volatility,benign,valid,fixed,3687000000,11061000,11061000,0,0,0,11061000,not_required,0,0,0,0
0x2049e08f132843aa0f352f0c026d942bb38957df7ea28c18986569ec16a37d29,mixed_high_volatility,benign,valid,volatility,3687000000,29496000,29496000,0,0,0,29496000,not_required,0,0,0,0
0x2049e08f132843aa0f352f0c026d942bb38957df7ea28c18986569ec16a37d29,mixed_high_volatility,benign,valid,markout,3687000000,29496000,11061000,18435000,0,0,11061000,settled,0,0,2,800000
0x8f6a027bddef82a6ff538404bc89dac07e70dedda9666f47c806ed03b5206121,mixed_high_volatility,benign,valid,fixed,4942000000,14826000,14826000,0,0,504084,14321916,not_required,0,0,0,0
0x8f6a027bddef82a6ff538404bc89dac07e70dedda9666f47c806ed03b5206121,mixed_high_volatility,benign,valid,volatility,4942000000,35458850,35458850,0,0,504084,34954766,not_required,0,0,0,0
0x8f6a027bddef82a6ff538404bc89dac07e70dedda9666f47c806ed03b5206121,mixed_high_volatility,benign,valid,markout,4942000000,39536000,20573546,18962454,5747546,504084,20069462,settled,0,0,2,800000
0xa53a4c2442dce5ab03456dd2f7efbbd5377feb97c297b33d3ef45c5758d2b4f2,mixed_high_volatility,benign,valid,fixed,1381000000,4143000,4143000,0,0,0,4143000,not_required,0,0,0,0
0xa53a4c2442dce5ab03456dd2f7efbbd5377feb97c297b33d3ef45c5758d2b4f2,mixed_high_volatility,benign,valid,volatility,1381000000,10056442,10056442,0,0,0,10056442,not_required,0,0,0,0
0xa53a4c2442dce5ab03456dd2f7efbbd5377feb97c297b33d3ef45c5758d2b4f2,mixed_high_volatility,benign,valid,markout,1381000000,11048000,4143000,6905000,0,0,4143000,settled,0,0,2,800000
0x5383c18db9533fcd192ed973213f274a210164b644e4ce84b2e05165a3872b6f,mixed_high_volatility,benign,valid,fixed,3025000000,9075000,9075000,0,0,0,9075000,not_required,0,0,0,0
0x5383c18db9533fcd192ed973213f274a210164b644e4ce84b2e05165a3872b6f,mixed_high_volatility,benign,valid,volatility,3025000000,24200000,24200000,0,0,0,24200000,not_required,0,0,0,0
0x5383c18db9533fcd192ed973213f274a210164b644e4ce84b2e05165a3872b6f,mixed_high_volatility,benign,valid,markout,3025000000,24200000,9075000,15125000,0,0,9075000,settled,0,0,2,800000
0xea781d2fb0bffa0467176a9d11e3b991e0275902e15bcdef4c38283115462936,mixed_high_volatility,inventory_improving,valid,fixed,4671000000,14013000,14013000,0,0,0,14013000,not_required,0,0,0,0
0xea781d2fb0bffa0467176a9d11e3b991e0275902e15bcdef4c38283115462936,mixed_high_volatility,inventory_improving,valid,volatility,4671000000,34331850,34331850,0,0,0,34331850,not_required,0,0,0,0
0xea781d2fb0bffa0467176a9d11e3b991e0275902e15bcdef4c38283115462936,mixed_high_volatility,inventory_improving,valid,markout,4671000000,37368000,14013000,23355000,0,0,14013000,settled,0,0,2,800000
0x6adf599f30d62ba09f664a15e9c2e5f199e22d25c7dceab6b21c21d5ce635abe,mixed_high_volatility,benign,valid,fixed,3306000000,9918000,9918000,0,0,1788546,8129454,not_required,0,0,0,0
0x6adf599f30d62ba09f664a15e9c2e5f199e22d25c7dceab6b21c21d5ce635abe,mixed_high_volatility,benign,valid,volatility,3306000000,20731926,20731926,0,0,1788546,18943380,not_required,0,0,0,0
0x6adf599f30d62ba09f664a15e9c2e5f199e22d25c7dceab6b21c21d5ce635abe,mixed_high_volatility,benign,valid,markout,3306000000,26448000,16085343,10362657,6167343,1788546,14296797,settled,0,0,2,800000
0xf05900258c9142597a7382367cac699dbd44c99cd9ff7c2bb95c82fac8a126a6,mixed_high_volatility,inventory_improving,valid,fixed,3061000000,9183000,9183000,0,0,0,9183000,not_required,0,0,0,0
0xf05900258c9142597a7382367cac699dbd44c99cd9ff7c2bb95c82fac8a126a6,mixed_high_volatility,inventory_improving,valid,volatility,3061000000,21062741,21062741,0,0,0,21062741,not_required,0,0,0,0
0xf05900258c9142597a7382367cac699dbd44c99cd9ff7c2bb95c82fac8a126a6,mixed_high_volatility,inventory_improving,valid,markout,3061000000,24488000,9183000,15305000,0,0,9183000,settled,0,0,2,800000
0x817783ad2b76003db586d7032ece8ee6f872c1cc5ec2d45c5e5cb9d63be428cb,mixed_high_volatility,benign,valid,fixed,2301000000,6903000,6903000,0,0,0,6903000,not_required,0,0,0,0
0x817783ad2b76003db586d7032ece8ee6f872c1cc5ec2d45c5e5cb9d63be428cb,mixed_high_volatility,benign,valid,volatility,2301000000,18408000,18408000,0,0,0,18408000,not_required,0,0,0,0
0x817783ad2b76003db586d7032ece8ee6f872c1cc5ec2d45c5e5cb9d63be428cb,mixed_high_volatility,benign,valid,markout,2301000000,18408000,6903000,11505000,0,0,6903000,settled,0,0,2,800000
0xdb887bda20438a78f9da7929ab39a2db2c29d14040b15464feea3d6bafca629f,mixed_high_volatility,benign,valid,fixed,3428000000,10284000,10284000,0,0,942700,9341300,not_required,0,0,0,0
0xdb887bda20438a78f9da7929ab39a2db2c29d14040b15464feea3d6bafca629f,mixed_high_volatility,benign,valid,volatility,3428000000,24863284,24863284,0,0,942700,23920584,not_required,0,0,0,0
0xdb887bda20438a78f9da7929ab39a2db2c29d14040b15464feea3d6bafca629f,mixed_high_volatility,benign,valid,markout,3428000000,27424000,15220320,12203680,4936320,942700,14277620,settled,0,0,2,800000
0x143a32de8fa01ac5a2e19749429c5f0d15d9725037f663763012d491f44b23be,mixed_high_volatility,benign,valid,fixed,1443000000,4329000,4329000,0,0,0,4329000,not_required,0,0,0,0
0x143a32de8fa01ac5a2e19749429c5f0d15d9725037f663763012d491f44b23be,mixed_high_volatility,benign,valid,volatility,1443000000,11544000,11544000,0,0,0,11544000,not_required,0,0,0,0
0x143a32de8fa01ac5a2e19749429c5f0d15d9725037f663763012d491f44b23be,mixed_high_volatility,benign,valid,markout,1443000000,11544000,4329000,7215000,0,0,4329000,settled,0,0,2,800000
0x67c2b0919024ce036f3ff6316a356a7ebda3a7a0ab838d8bc5cd4a7e3d1560c8,mixed_high_volatility,informed,valid,fixed,3655000000,10965000,10965000,0,0,17964325,-6999325,not_required,0,0,0,0
0x67c2b0919024ce036f3ff6316a356a7ebda3a7a0ab838d8bc5cd4a7e3d1560c8,mixed_high_volatility,informed,valid,volatility,3655000000,28512655,28512655,0,0,17964325,10548330,not_required,0,0,0,0
0x67c2b0919024ce036f3ff6316a356a7ebda3a7a0ab838d8bc5cd4a7e3d1560c8,mixed_high_volatility,informed,valid,markout,3655000000,29240000,29240000,0,18275000,17964325,11275675,settled,0,0,2,800000
0xeb9d397f865096e5a444054d1045efada25d24a8918775e5b633cbcf08d27813,mixed_high_volatility,informed,valid,fixed,930000000,2790000,2790000,0,0,3063420,-273420,not_required,0,0,0,0
0xeb9d397f865096e5a444054d1045efada25d24a8918775e5b633cbcf08d27813,mixed_high_volatility,informed,valid,volatility,930000000,7440000,7440000,0,0,3063420,4376580,not_required,0,0,0,0
0xeb9d397f865096e5a444054d1045efada25d24a8918775e5b633cbcf08d27813,mixed_high_volatility,informed,valid,markout,930000000,7440000,7440000,0,4650000,3063420,4376580,settled,0,0,2,800000
0x7f088b842ef62bb00a9bb5bb75004e0587be8983fbb05516bccb80c9d03cd5d2,mixed_high_volatility,benign,valid,fixed,1654000000,4962000,4962000,0,0,2763834,2198166,not_required,0,0,0,0
0x7f088b842ef62bb00a9bb5bb75004e0587be8983fbb05516bccb80c9d03cd5d2,mixed_high_volatility,benign,valid,volatility,1654000000,12390114,12390114,0,0,2763834,9626280,not_required,0,0,0,0
0x7f088b842ef62bb00a9bb5bb75004e0587be8983fbb05516bccb80c9d03cd5d2,mixed_high_volatility,benign,valid,markout,1654000000,13232000,11037969,2194031,6075969,2763834,8274135,settled,0,0,2,800000
0x3aaf4c988ba24be9b2db6d9a46b2c86bd9e914611660523e2555bd0c83944a20,mixed_high_volatility,benign,valid,fixed,2661000000,7983000,7983000,0,0,4587564,3395436,not_required,0,0,0,0
0x3aaf4c988ba24be9b2db6d9a46b2c86bd9e914611660523e2555bd0c83944a20,mixed_high_volatility,benign,valid,volatility,2661000000,21288000,21288000,0,0,4587564,16700436,not_required,0,0,0,0
0x3aaf4c988ba24be9b2db6d9a46b2c86bd9e914611660523e2555bd0c83944a20,mixed_high_volatility,benign,valid,markout,2661000000,21288000,17983038,3304962,10000038,4587564,13395474,settled,0,0,2,800000
0xb5b348a9dc05da787368403dcdc87f7ca5e29b71c31185a3b4deb5512aa495e4,mixed_high_volatility,informed,valid,fixed,924000000,2772000,2772000,0,0,4614456,-1842456,not_required,0,0,0,0
0xb5b348a9dc05da787368403dcdc87f7ca5e29b71c31185a3b4deb5512aa495e4,mixed_high_volatility,informed,valid,volatility,924000000,6417180,6417180,0,0,4614456,1802724,not_required,0,0,0,0
0xb5b348a9dc05da787368403dcdc87f7ca5e29b71c31185a3b4deb5512aa495e4,mixed_high_volatility,informed,valid,markout,924000000,7392000,7392000,0,4620000,4614456,2777544,settled,0,0,2,800000
0x7e6d2db4fbdd6610ddbeacdbfe213c73ed8e942ece05d9ea44024fcf96d1b36b,mixed_high_volatility,benign,valid,fixed,2539000000,7617000,7617000,0,0,0,7617000,not_required,0,0,0,0
0x7e6d2db4fbdd6610ddbeacdbfe213c73ed8e942ece05d9ea44024fcf96d1b36b,mixed_high_volatility,benign,valid,volatility,2539000000,20312000,20312000,0,0,0,20312000,not_required,0,0,0,0
0x7e6d2db4fbdd6610ddbeacdbfe213c73ed8e942ece05d9ea44024fcf96d1b36b,mixed_high_volatility,benign,valid,markout,2539000000,20312000,7617000,12695000,0,0,7617000,settled,0,0,2,800000
0xf6118e32208392a4bd246ab7ced80890908858c1e591a2ef7067421d797c8e97,mixed_high_volatility,benign,valid,fixed,2756000000,8268000,8268000,0,0,4106440,4161560,not_required,0,0,0,0
0xf6118e32208392a4bd246ab7ced80890908858c1e591a2ef7067421d797c8e97,mixed_high_volatility,benign,valid,volatility,2756000000,19777056,19777056,0,0,4106440,15670616,not_required,0,0,0,0
0xf6118e32208392a4bd246ab7ced80890908858c1e591a2ef7067421d797c8e97,mixed_high_volatility,benign,valid,markout,2756000000,22048000,17594304,4453696,9326304,4106440,13487864,settled,0,0,2,800000
0x246e56765ac045652d1418d95b4bedb97ba9fa42eb3642f498578deef72d49cd,mixed_high_volatility,informed,valid,fixed,2782000000,8346000,8346000,0,0,16658616,-8312616,not_required,0,0,0,0
0x246e56765ac045652d1418d95b4bedb97ba9fa42eb3642f498578deef72d49cd,mixed_high_volatility,informed,valid,volatility,2782000000,17167722,17167722,0,0,16658616,509106,not_required,0,0,0,0
0x246e56765ac045652d1418d95b4bedb97ba9fa42eb3642f498578deef72d49cd,mixed_high_volatility,informed,valid,markout,2782000000,22256000,22256000,0,13910000,16658616,5597384,settled,0,0,2,800000
0x2ece3626590c0a9eb7823c01498c6cba35b5d451636878f12dd3b58de403e3cb,mixed_high_volatility,benign,valid,fixed,2050000000,6150000,6150000,0,0,0,6150000,not_required,0,0,0,0
0x2ece3626590c0a9eb7823c01498c6cba35b5d451636878f12dd3b58de403e3cb,mixed_high_volatility,benign,valid,volatility,2050000000,16400000,16400000,0,0,0,16400000,not_required,0,0,0,0
0x2ece3626590c0a9eb7823c01498c6cba35b5d451636878f12dd3b58de403e3cb,mixed_high_volatility,benign,valid,markout,2050000000,16400000,6150000,10250000,0,0,6150000,settled,0,0,2,800000
0xec4244d2dbb396e261138d3a6c2d6786fae3eb5558b466bfe55611e62815dab7,mixed_high_volatility,informed,valid,fixed,3988000000,11964000,11964000,0,0,24530188,-12566188,not_required,0,0,0,0
0xec4244d2dbb396e261138d3a6c2d6786fae3eb5558b466bfe55611e62815dab7,mixed_high_volatility,informed,valid,volatility,3988000000,26249016,26249016,0,0,24530188,1718828,not_required,0,0,0,0
0xec4244d2dbb396e261138d3a6c2d6786fae3eb5558b466bfe55611e62815dab7,mixed_high_volatility,informed,valid,markout,3988000000,31904000,31904000,0,19940000,24530188,7373812,settled,0,0,2,800000
0x7d0caba0b9b59c7027b5bbeff44d25d89023816bde57e976294f7ab17fcb4842,mixed_high_volatility,benign,valid,fixed,2871000000,8613000,8613000,0,0,4685472,3927528,not_required,0,0,0,0
0x7d0caba0b9b59c7027b5bbeff44d25d89023816bde57e976294f7ab17fcb4842,mixed_high_volatility,benign,valid,volatility,2871000000,18027009,18027009,0,0,4685472,13341537,not_required,0,0,0,0
0x7d0caba0b9b59c7027b5bbeff44d25d89023816bde57e976294f7ab17fcb4842,mixed_high_volatility,benign,valid,markout,2871000000,22968000,18980181,3987819,10367181,4685472,14294709,settled,0,0,2,800000
0x12eccd413cfe8bd878aa56bae907e8360012e3e541d03aa61df6488671c0f448,mixed_high_volatility,benign,valid,fixed,2651000000,7953000,7953000,0,0,3878413,4074587,not_required,0,0,0,0
0x12eccd413cfe8bd878aa56bae907e8360012e3e541d03aa61df6488671c0f448,mixed_high_volatility,benign,valid,volatility,2651000000,21208000,21208000,0,0,3878413,17329587,not_required,0,0,0,0
0x12eccd413cfe8bd878aa56bae907e8360012e3e541d03aa61df6488671c0f448,mixed_high_volatility,benign,valid,markout,2651000000,21208000,16808665,4399335,8855665,3878413,12930252,settled,0,0,2,800000
0x6335e915a00e9a40b6ae9c07616444a2f7fe7db766539c81f2b3fee54fd2e9f8,mixed_high_volatility,benign,valid,fixed,2734000000,8202000,8202000,0,0,1208428,6993572,not_required,0,0,0,0
0x6335e915a00e9a40b6ae9c07616444a2f7fe7db766539c81f2b3fee54fd2e9f8,mixed_high_volatility,benign,valid,volatility,2734000000,19509824,19509824,0,0,1208428,18301396,not_required,0,0,0,0
0x6335e915a00e9a40b6ae9c07616444a2f7fe7db766539c81f2b3fee54fd2e9f8,mixed_high_volatility,benign,valid,markout,2734000000,21872000,12868938,9003062,4666938,1208428,11660510,settled,0,0,2,800000
0x7a8bcbbb2193d7102460679cc77002ca7141ef5a360a95647ab5f0b844393c75,mixed_high_volatility,informed,valid,fixed,4164000000,12492000,12492000,0,0,21119808,-8627808,not_required,0,0,0,0
0x7a8bcbbb2193d7102460679cc77002ca7141ef5a360a95647ab5f0b844393c75,mixed_high_volatility,informed,valid,volatility,4164000000,33312000,33312000,0,0,21119808,12192192,not_required,0,0,0,0
0x7a8bcbbb2193d7102460679cc77002ca7141ef5a360a95647ab5f0b844393c75,mixed_high_volatility,informed,valid,markout,4164000000,33312000,33312000,0,20820000,21119808,12192192,settled,0,0,2,800000
0xb6df6c1bedc0d804767c99981f568bf91ac49373b73fac801047f8d96f88f132,mixed_high_volatility,informed,valid,fixed,3508000000,10524000,10524000,0,0,19304524,-8780524,not_required,0,0,0,0
0xb6df6c1bedc0d804767c99981f568bf91ac49373b73fac801047f8d96f88f132,mixed_high_volatility,informed,valid,volatility,3508000000,22580996,22580996,0,0,19304524,3276472,not_required,0,0,0,0
0xb6df6c1bedc0d804767c99981f568bf91ac49373b73fac801047f8d96f88f132,mixed_high_volatility,informed,valid,markout,3508000000,28064000,28064000,0,17540000,19304524,8759476,settled,0,0,2,800000
0xea9d7015a759440a81a9292a5261571861f05c5476dacca4a7aed3145ca24101,mixed_high_volatility,benign,valid,fixed,149000000,447000,447000,0,0,0,447000,not_required,0,0,0,0
0xea9d7015a759440a81a9292a5261571861f05c5476dacca4a7aed3145ca24101,mixed_high_volatility,benign,valid,volatility,149000000,1028249,1028249,0,0,0,1028249,not_required,0,0,0,0
0xea9d7015a759440a81a9292a5261571861f05c5476dacca4a7aed3145ca24101,mixed_high_volatility,benign,valid,markout,149000000,1192000,447000,745000,0,0,447000,settled,0,0,2,800000
0xe1a361d7b6dbddfe60cbff99f05adada8c907ff71126db0f608ce55fdc5a6948,mixed_high_volatility,benign,valid,fixed,2591000000,7773000,7773000,0,0,2096119,5676881,not_required,0,0,0,0
0xe1a361d7b6dbddfe60cbff99f05adada8c907ff71126db0f608ce55fdc5a6948,mixed_high_volatility,benign,valid,volatility,2591000000,18629290,18629290,0,0,2096119,16533171,not_required,0,0,0,0
0xe1a361d7b6dbddfe60cbff99f05adada8c907ff71126db0f608ce55fdc5a6948,mixed_high_volatility,benign,valid,markout,2591000000,20728000,13716754,7011246,5943754,2096119,11620635,settled,0,0,2,800000
0x88f881e6e8cde8c8484f3f157bf226c9b5d7b353a868d044000e75d2e048e6f8,mixed_high_volatility,benign,valid,fixed,1570000000,4710000,4710000,0,0,2863680,1846320,not_required,0,0,0,0
0x88f881e6e8cde8c8484f3f157bf226c9b5d7b353a868d044000e75d2e048e6f8,mixed_high_volatility,benign,valid,volatility,1570000000,12560000,12560000,0,0,2863680,9696320,not_required,0,0,0,0
0x88f881e6e8cde8c8484f3f157bf226c9b5d7b353a868d044000e75d2e048e6f8,mixed_high_volatility,benign,valid,markout,1570000000,12560000,10861260,1698740,6151260,2863680,7997580,settled,0,0,2,800000
0xea9a0db561d6bab53640d21ae37eb08a5db81c9a3f969c56e802637ff58a10a1,mixed_high_volatility,benign,valid,fixed,4197000000,12591000,12591000,0,0,6383637,6207363,not_required,0,0,0,0
0xea9a0db561d6bab53640d21ae37eb08a5db81c9a3f969c56e802637ff58a10a1,mixed_high_volatility,benign,valid,volatility,4197000000,33576000,33576000,0,0,6383637,27192363,not_required,0,0,0,0
0xea9a0db561d6bab53640d21ae37eb08a5db81c9a3f969c56e802637ff58a10a1,mixed_high_volatility,benign,valid,markout,4197000000,33576000,27001399,6574601,14410399,6383637,20617762,settled,0,0,2,800000
0x309d7d02e6f4237f17e8d12f819004e746569d52ea31d5aea72fbc89a60e6f4b,mixed_high_volatility,benign,valid,fixed,3887000000,11661000,11661000,0,0,0,11661000,not_required,0,0,0,0
0x309d7d02e6f4237f17e8d12f819004e746569d52ea31d5aea72fbc89a60e6f4b,mixed_high_volatility,benign,valid,volatility,3887000000,31096000,31096000,0,0,0,31096000,not_required,0,0,0,0
0x309d7d02e6f4237f17e8d12f819004e746569d52ea31d5aea72fbc89a60e6f4b,mixed_high_volatility,benign,valid,markout,3887000000,31096000,11995282,19100718,334282,0,11995282,settled,0,0,2,800000
0xa3c9ea5b2cb0911f946bd2e767badc48bfbf2cd7ba7232143150cabf22ab621a,mixed_high_volatility,inventory_improving,valid,fixed,3067000000,9201000,9201000,0,0,0,9201000,not_required,0,0,0,0
0xa3c9ea5b2cb0911f946bd2e767badc48bfbf2cd7ba7232143150cabf22ab621a,mixed_high_volatility,inventory_improving,valid,volatility,3067000000,24536000,24536000,0,0,0,24536000,not_required,0,0,0,0
0xa3c9ea5b2cb0911f946bd2e767badc48bfbf2cd7ba7232143150cabf22ab621a,mixed_high_volatility,inventory_improving,valid,markout,3067000000,24536000,9201000,15335000,0,0,9201000,settled,0,0,2,800000
0x20e49fa6fd43fde79d27b509b312f6d9a7d8d6b9bcbf3e49068999be05223f2e,mixed_high_volatility,benign,valid,fixed,1399000000,4197000,4197000,0,0,0,4197000,not_required,0,0,0,0
0x20e49fa6fd43fde79d27b509b312f6d9a7d8d6b9bcbf3e49068999be05223f2e,mixed_high_volatility,benign,valid,volatility,1399000000,11192000,11192000,0,0,0,11192000,not_required,0,0,0,0
0x20e49fa6fd43fde79d27b509b312f6d9a7d8d6b9bcbf3e49068999be05223f2e,mixed_high_volatility,benign,valid,markout,1399000000,11192000,4197000,6995000,0,0,4197000,settled,0,0,2,800000
0x7f3cc8d150e9fa80818e9fb739546899b614992b6008194458b7afde89f20cc6,mixed_high_volatility,benign,valid,fixed,110000000,330000,330000,0,0,15840,314160,not_required,0,0,0,0
0x7f3cc8d150e9fa80818e9fb739546899b614992b6008194458b7afde89f20cc6,mixed_high_volatility,benign,valid,volatility,110000000,880000,880000,0,0,15840,864160,not_required,0,0,0,0
0x7f3cc8d150e9fa80818e9fb739546899b614992b6008194458b7afde89f20cc6,mixed_high_volatility,benign,valid,markout,110000000,880000,465300,414700,135300,15840,449460,settled,0,0,2,800000
0xe9c895a5fb17973ac6c53431c6c1e38a84aedc9f15adec57f179ac028671074b,mixed_high_volatility,benign,valid,fixed,4908000000,14724000,14724000,0,0,0,14724000,not_required,0,0,0,0
0xe9c895a5fb17973ac6c53431c6c1e38a84aedc9f15adec57f179ac028671074b,mixed_high_volatility,benign,valid,volatility,4908000000,39264000,39264000,0,0,0,39264000,not_required,0,0,0,0
0xe9c895a5fb17973ac6c53431c6c1e38a84aedc9f15adec57f179ac028671074b,mixed_high_volatility,benign,valid,markout,4908000000,39264000,14724000,24540000,0,0,14724000,settled,0,0,2,800000
0xedd493eaeba175a7c5b362734f0cb29f6ce2468b0a94c9ad35298d0b0b767af4,mixed_high_volatility,benign,valid,fixed,2380000000,7140000,7140000,0,0,0,7140000,not_required,0,0,0,0
0xedd493eaeba175a7c5b362734f0cb29f6ce2468b0a94c9ad35298d0b0b767af4,mixed_high_volatility,benign,valid,volatility,2380000000,15239140,15239140,0,0,0,15239140,not_required,0,0,0,0
0xedd493eaeba175a7c5b362734f0cb29f6ce2468b0a94c9ad35298d0b0b767af4,mixed_high_volatility,benign,valid,markout,2380000000,19040000,7140000,11900000,0,0,7140000,settled,0,0,2,800000
0x0294f97f3d292c6647b76bc91ba6e60949a929a51f452442fa24032452069895,stale_manipulated_reference,benign,valid,fixed,3948000000,11844000,11844000,0,0,90804,11753196,not_required,0,0,0,0
0x0294f97f3d292c6647b76bc91ba6e60949a929a51f452442fa24032452069895,stale_manipulated_reference,benign,valid,volatility,3948000000,20833596,20833596,0,0,90804,20742792,not_required,0,0,0,0
0x0294f97f3d292c6647b76bc91ba6e60949a929a51f452442fa24032452069895,stale_manipulated_reference,benign,valid,markout,3948000000,31584000,15936102,15647898,4092102,90804,15845298,settled,0,0,2,800000
0x412bb5723c6d1cef75e2c1bab7684728536109ec6270e354aecc6c1509bea13b,stale_manipulated_reference,inventory_improving,valid,fixed,168000000,504000,504000,0,0,0,504000,not_required,0,0,0,0
0x412bb5723c6d1cef75e2c1bab7684728536109ec6270e354aecc6c1509bea13b,stale_manipulated_reference,inventory_improving,valid,volatility,168000000,695520,695520,0,0,0,695520,not_required,0,0,0,0
0x412bb5723c6d1cef75e2c1bab7684728536109ec6270e354aecc6c1509bea13b,stale_manipulated_reference,inventory_improving,valid,markout,168000000,1344000,504000,840000,0,0,504000,settled,0,0,2,800000
0x1f273f92cac73b07a9c5467201aaf3cc2b4d29deeba02fb43e3923694976c97d,stale_manipulated_reference,benign,valid,fixed,2793000000,8379000,8379000,0,0,0,8379000,not_required,0,0,0,0
0x1f273f92cac73b07a9c5467201aaf3cc2b4d29deeba02fb43e3923694976c97d,stale_manipulated_reference,benign,valid,volatility,2793000000,12096483,12096483,0,0,0,12096483,not_required,0,0,0,0
0x1f273f92cac73b07a9c5467201aaf3cc2b4d29deeba02fb43e3923694976c97d,stale_manipulated_reference,benign,valid,markout,2793000000,22344000,8379000,13965000,0,0,8379000,settled,0,0,2,800000
0xcb94c34f351ec645ca73dbabcc58766cefbf4b5185d529501372cd30d15d8586,stale_manipulated_reference,benign,valid,fixed,2211000000,6633000,6633000,0,0,0,6633000,not_required,0,0,0,0
0xcb94c34f351ec645ca73dbabcc58766cefbf4b5185d529501372cd30d15d8586,stale_manipulated_reference,benign,valid,volatility,2211000000,9547098,9547098,0,0,0,9547098,not_required,0,0,0,0
0xcb94c34f351ec645ca73dbabcc58766cefbf4b5185d529501372cd30d15d8586,stale_manipulated_reference,benign,valid,markout,2211000000,17688000,6633000,11055000,0,0,6633000,settled,0,0,2,800000
0x306b52f88ff965eaf606730cab28b6962648c2243d357d3782331b499f688e8e,stale_manipulated_reference,benign,stale,fixed,3282000000,9846000,9846000,0,0,0,9846000,not_required,0,0,0,0
0x306b52f88ff965eaf606730cab28b6962648c2243d357d3782331b499f688e8e,stale_manipulated_reference,benign,stale,volatility,3282000000,17703108,17703108,0,0,0,17703108,not_required,0,0,0,0
0x306b52f88ff965eaf606730cab28b6962648c2243d357d3782331b499f688e8e,stale_manipulated_reference,benign,stale,markout,3282000000,26256000,9846000,16410000,0,0,9846000,expired_full_rebate,1,1,2,800000
0x62d72d9929510006045c3355999135a32cc7779ed8e12d72b2445878316aacb1,stale_manipulated_reference,inventory_improving,valid,fixed,3510000000,10530000,10530000,0,0,0,10530000,not_required,0,0,0,0
0x62d72d9929510006045c3355999135a32cc7779ed8e12d72b2445878316aacb1,stale_manipulated_reference,inventory_improving,valid,volatility,3510000000,15159690,15159690,0,0,0,15159690,not_required,0,0,0,0
0x62d72d9929510006045c3355999135a32cc7779ed8e12d72b2445878316aacb1,stale_manipulated_reference,inventory_improving,valid,markout,3510000000,28080000,10530000,17550000,0,0,10530000,settled,0,0,2,800000
0x71c989631c46ec050f8c578fd48942b9ab400a023b1a460b20ad496c241166ed,stale_manipulated_reference,benign,manipulated,fixed,2033000000,6099000,6099000,0,0,1870360,4228640,not_required,0,0,0,0
0x71c989631c46ec050f8c578fd48942b9ab400a023b1a460b20ad496c241166ed,stale_manipulated_reference,benign,manipulated,volatility,2033000000,11453922,11453922,0,0,1870360,9583562,not_required,0,0,0,0
0x71c989631c46ec050f8c578fd48942b9ab400a023b1a460b20ad496c241166ed,stale_manipulated_reference,benign,manipulated,markout,2033000000,16264000,6099000,10165000,0,1870360,4228640,expired_full_rebate,1,1,2,800000
0x4d9f19c1c7512c44d97448075e3e90a529ed5ef6ccd13e80c396142a85502b43,stale_manipulated_reference,benign,valid,fixed,4402000000,13206000,13206000,0,0,0,13206000,not_required,0,0,0,0
0x4d9f19c1c7512c44d97448075e3e90a529ed5ef6ccd13e80c396142a85502b43,stale_manipulated_reference,benign,valid,volatility,4402000000,22067226,22067226,0,0,0,22067226,not_required,0,0,0,0
0x4d9f19c1c7512c44d97448075e3e90a529ed5ef6ccd13e80c396142a85502b43,stale_manipulated_reference,benign,valid,markout,4402000000,35216000,13206000,22010000,0,0,13206000,settled,0,0,2,800000
0x7a0eba212536f31cb4451b2521e04bb442d9fe893dc88933eeb41d51596c5200,stale_manipulated_reference,benign,manipulated,fixed,2212000000,6636000,6636000,0,0,50876,6585124,not_required,0,0,0,0
0x7a0eba212536f31cb4451b2521e04bb442d9fe893dc88933eeb41d51596c5200,stale_manipulated_reference,benign,manipulated,volatility,2212000000,10312344,10312344,0,0,50876,10261468,not_required,0,0,0,0
0x7a0eba212536f31cb4451b2521e04bb442d9fe893dc88933eeb41d51596c5200,stale_manipulated_reference,benign,manipulated,markout,2212000000,17696000,6636000,11060000,0,50876,6585124,expired_full_rebate,1,1,2,800000
0xb12e47ad7afbca5f73868a127078e61a471c4c452843b5479ce9c66b65cd7c03,stale_manipulated_reference,informed,stale,fixed,4071000000,12213000,12213000,0,0,14484618,-2271618,not_required,0,0,0,0
0xb12e47ad7afbca5f73868a127078e61a471c4c452843b5479ce9c66b65cd7c03,stale_manipulated_reference,informed,stale,volatility,4071000000,25899702,25899702,0,0,14484618,11415084,not_required,0,0,0,0
0xb12e47ad7afbca5f73868a127078e61a471c4c452843b5479ce9c66b65cd7c03,stale_manipulated_reference,informed,stale,markout,4071000000,32568000,12213000,20355000,0,14484618,-2271618,expired_full_rebate,1,1,2,800000
0x2931e8cd1c6084517610de505ce52b681e08099d4971df5acbfd12f60c2dfd50,stale_manipulated_reference,benign,manipulated,fixed,2981000000,8943000,8943000,0,0,0,8943000,not_required,0,0,0,0
0x2931e8cd1c6084517610de505ce52b681e08099d4971df5acbfd12f60c2dfd50,stale_manipulated_reference,benign,manipulated,volatility,2981000000,15653231,15653231,0,0,0,15653231,not_required,0,0,0,0
0x2931e8cd1c6084517610de505ce52b681e08099d4971df5acbfd12f60c2dfd50,stale_manipulated_reference,benign,manipulated,markout,2981000000,23848000,8943000,14905000,0,0,8943000,expired_full_rebate,1,1,2,800000
0xd523a84e4334950c5dc712d25938b31b0249146de94fd151448e208c24491393,stale_manipulated_reference,inventory_improving,stale,fixed,2172000000,6516000,6516000,0,0,0,6516000,not_required,0,0,0,0
0xd523a84e4334950c5dc712d25938b31b0249146de94fd151448e208c24491393,stale_manipulated_reference,inventory_improving,stale,volatility,2172000000,10164960,10164960,0,0,0,10164960,not_required,0,0,0,0
0xd523a84e4334950c5dc712d25938b31b0249146de94fd151448e208c24491393,stale_manipulated_reference,inventory_improving,stale,markout,2172000000,17376000,6516000,10860000,0,0,6516000,expired_full_rebate,1,1,2,800000
0x33e9786e3a31adc84e0fe55301d6423339079e44a9a8eb99bc668df54bd0ae58,stale_manipulated_reference,benign,valid,fixed,1243000000,3729000,3729000,0,0,1236785,2492215,not_required,0,0,0,0
0x33e9786e3a31adc84e0fe55301d6423339079e44a9a8eb99bc668df54bd0ae58,stale_manipulated_reference,benign,valid,volatility,1243000000,5720286,5720286,0,0,1236785,4483501,not_required,0,0,0,0
0x33e9786e3a31adc84e0fe55301d6423339079e44a9a8eb99bc668df54bd0ae58,stale_manipulated_reference,benign,valid,markout,1243000000,9944000,6950856,2993144,3221856,1236785,5714071,settled,0,0,2,800000
0xf99318af95d2932afe370a4d95745b244078009f39659397671999cbf58c8c8e,stale_manipulated_reference,informed,stale,fixed,4295000000,12885000,12885000,0,0,19885850,-7000850,not_required,0,0,0,0
0xf99318af95d2932afe370a4d95745b244078009f39659397671999cbf58c8c8e,stale_manipulated_reference,informed,stale,volatility,4295000000,18412665,18412665,0,0,19885850,-1473185,not_required,0,0,0,0
0xf99318af95d2932afe370a4d95745b244078009f39659397671999cbf58c8c8e,stale_manipulated_reference,informed,stale,markout,4295000000,34360000,12885000,21475000,0,19885850,-7000850,expired_full_rebate,1,1,2,800000
0xf532ba77ac31fb41b1055fbc525bd9da0dfea16e039b58e52150d50c6d25cfe6,stale_manipulated_reference,inventory_improving,valid,fixed,1162000000,3486000,3486000,0,0,0,3486000,not_required,0,0,0,0
0xf532ba77ac31fb41b1055fbc525bd9da0dfea16e039b58e52150d50c6d25cfe6,stale_manipulated_reference,inventory_improving,valid,volatility,1162000000,7829556,7829556,0,0,0,7829556,not_required,0,0,0,0
0xf532ba77ac31fb41b1055fbc525bd9da0dfea16e039b58e52150d50c6d25cfe6,stale_manipulated_reference,inventory_improving,valid,markout,1162000000,9296000,3486000,5810000,0,0,3486000,settled,0,0,2,800000
0x5c53f6d947d89031498b4969b0061f55f8a499e04974939dbdc6285afdcd5818,stale_manipulated_reference,benign,valid,fixed,1405000000,4215000,4215000,0,0,463650,3751350,not_required,0,0,0,0
0x5c53f6d947d89031498b4969b0061f55f8a499e04974939dbdc6285afdcd5818,stale_manipulated_reference,benign,valid,volatility,1405000000,6675155,6675155,0,0,463650,6211505,not_required,0,0,0,0
0x5c53f6d947d89031498b4969b0061f55f8a499e04974939dbdc6285afdcd5818,stale_manipulated_reference,benign,valid,markout,1405000000,11240000,6361840,4878160,2146840,463650,5898190,settled,0,0,2,800000
0x1dbc2f82894084076ea0d3c21ef85dd18b5cf5fe10012a0a1c5349689c3f9266,stale_manipulated_reference,benign,stale,fixed,1137000000,3411000,3411000,0,0,368388,3042612,not_required,0,0,0,0
0x1dbc2f82894084076ea0d3c21ef85dd18b5cf5fe10012a0a1c5349689c3f9266,stale_manipulated_reference,benign,stale,volatility,1137000000,7234731,7234731,0,0,368388,6866343,not_required,0,0,0,0
0x1dbc2f82894084076ea0d3c21ef85dd18b5cf5fe10012a0a1c5349689c3f9266,stale_manipulated_reference,benign,stale,markout,1137000000,9096000,3411000,5685000,0,368388,3042612,expired_full_rebate,1,1,2,800000
0x35ed79b0a9d5c024993bd76548e97f9a6f115bd4f55f46f2f70f15b31f730eb2,stale_manipulated_reference,benign,stale,fixed,214000000,642000,642000,0,0,0,642000,not_required,0,0,0,0
0x35ed79b0a9d5c024993bd76548e97f9a6f115bd4f55f46f2f70f15b31f730eb2,stale_manipulated_reference,benign,stale,volatility,214000000,1171222,1171222,0,0,0,1171222,not_required,0,0,0,0
0x35ed79b0a9d5c024993bd76548e97f9a6f115bd4f55f46f2f70f15b31f730eb2,stale_manipulated_reference,benign,stale,markout,214000000,1712000,642000,1070000,0,0,642000,expired_full_rebate,1,1,2,800000
0xc7ba11ee37ce0a3f292aa67e2d223e90a871bf1f4c118acda75d46babae7b679,stale_manipulated_reference,inventory_improving,manipulated,fixed,1946000000,5838000,5838000,0,0,0,5838000,not_required,0,0,0,0
0xc7ba11ee37ce0a3f292aa67e2d223e90a871bf1f4c118acda75d46babae7b679,stale_manipulated_reference,inventory_improving,manipulated,volatility,1946000000,9659944,9659944,0,0,0,9659944,not_required,0,0,0,0
0xc7ba11ee37ce0a3f292aa67e2d223e90a871bf1f4c118acda75d46babae7b679,stale_manipulated_reference,inventory_improving,manipulated,markout,1946000000,15568000,5838000,9730000,0,0,5838000,expired_full_rebate,1,1,2,800000
0x2c6ec172464c8e8135f9fbf4e5f5619f4b0513058334b2f4f5426370136f42d6,stale_manipulated_reference,informed,valid,fixed,1129000000,3387000,3387000,0,0,5082758,-1695758,not_required,0,0,0,0
0x2c6ec172464c8e8135f9fbf4e5f5619f4b0513058334b2f4f5426370136f42d6,stale_manipulated_reference,informed,valid,volatility,1129000000,7501076,7501076,0,0,5082758,2418318,not_required,0,0,0,0
0x2c6ec172464c8e8135f9fbf4e5f5619f4b0513058334b2f4f5426370136f42d6,stale_manipulated_reference,informed,valid,markout,1129000000,9032000,9032000,0,5645000,5082758,3949242,settled,0,0,2,800000
0x7ec4f130d8df34ce5dc9e185bfc57bb731ec869cd0a91d25d68398ae44565127,stale_manipulated_reference,benign,valid,fixed,135000000,405000,405000,0,0,132300,272700,not_required,0,0,0,0
0x7ec4f130d8df34ce5dc9e185bfc57bb731ec869cd0a91d25d68398ae44565127,stale_manipulated_reference,benign,valid,volatility,135000000,820530,820530,0,0,132300,688230,not_required,0,0,0,0
0x7ec4f130d8df34ce5dc9e185bfc57bb731ec869cd0a91d25d68398ae44565127,stale_manipulated_reference,benign,valid,markout,135000000,1080000,751680,328320,346680,132300,619380,settled,0,0,2,800000
0x5f973169b91d60b06b65fb49dba188434e9ced9e09a75a5f8a1ee3176d9ae6bc,stale_manipulated_reference,benign,valid,fixed,540000000,1620000,1620000,0,0,0,1620000,not_required,0,0,0,0
0x5f973169b91d60b06b65fb49dba188434e9ced9e09a75a5f8a1ee3176d9ae6bc,stale_manipulated_reference,benign,valid,volatility,540000000,3052620,3052620,0,0,0,3052620,not_required,0,0,0,0
0x5f973169b91d60b06b65fb49dba188434e9ced9e09a75a5f8a1ee3176d9ae6bc,stale_manipulated_reference,benign,valid,markout,540000000,4320000,2117880,2202120,497880,0,2117880,settled,0,0,2,800000
0xcd994ebfb0f03ccbfdf928c7c2a39a3d64bd7b4695f176a096ae6ebe9dc31579,stale_manipulated_reference,inventory_improving,valid,fixed,934000000,2802000,2802000,0,0,0,2802000,not_required,0,0,0,0
0xcd994ebfb0f03ccbfdf928c7c2a39a3d64bd7b4695f176a096ae6ebe9dc31579,stale_manipulated_reference,inventory_improving,valid,volatility,934000000,5688060,5688060,0,0,0,5688060,not_required,0,0,0,0
0xcd994ebfb0f03ccbfdf928c7c2a39a3d64bd7b4695f176a096ae6ebe9dc31579,stale_manipulated_reference,inventory_improving,valid,markout,934000000,7472000,2802000,4670000,0,0,2802000,settled,0,0,2,800000
0x8c3b0e44efd6d7e6348ebd88be4b0e2814c7c76fbadfbdd7425f40fbcf75e823,stale_manipulated_reference,informed,manipulated,fixed,2802000000,8406000,8406000,0,0,13732602,-5326602,not_required,0,0,0,0
0x8c3b0e44efd6d7e6348ebd88be4b0e2814c7c76fbadfbdd7425f40fbcf75e823,stale_manipulated_reference,informed,manipulated,volatility,2802000000,15517476,15517476,0,0,13732602,1784874,not_required,0,0,0,0
0x8c3b0e44efd6d7e6348ebd88be4b0e2814c7c76fbadfbdd7425f40fbcf75e823,stale_manipulated_reference,informed,manipulated,markout,2802000000,22416000,8406000,14010000,0,13732602,-5326602,expired_full_rebate,1,1,2,800000
0xd8e7e53f86d35d367d8d40f21bfd0f7d52081bebcdc375b53ba1fea8c6f5cd6a,stale_manipulated_reference,benign,manipulated,fixed,2511000000,7533000,7533000,0,0,0,7533000,not_required,0,0,0,0
0xd8e7e53f86d35d367d8d40f21bfd0f7d52081bebcdc375b53ba1fea8c6f5cd6a,stale_manipulated_reference,benign,manipulated,volatility,2511000000,14302656,14302656,0,0,0,14302656,not_required,0,0,0,0
0xd8e7e53f86d35d367d8d40f21bfd0f7d52081bebcdc375b53ba1fea8c6f5cd6a,stale_manipulated_reference,benign,manipulated,markout,2511000000,20088000,7533000,12555000,0,0,7533000,expired_full_rebate,1,1,2,800000
0xd908a2968a04876b702fd87ec56e7b94eb48ae4c97b8efe43beccd924845e54b,stale_manipulated_reference,benign,stale,fixed,2226000000,6678000,6678000,0,0,1248786,5429214,not_required,0,0,0,0
0xd908a2968a04876b702fd87ec56e7b94eb48ae4c97b8efe43beccd924845e54b,stale_manipulated_reference,benign,stale,volatility,2226000000,13916952,13916952,0,0,1248786,12668166,not_required,0,0,0,0
0xd908a2968a04876b702fd87ec56e7b94eb48ae4c97b8efe43beccd924845e54b,stale_manipulated_reference,benign,stale,markout,2226000000,17808000,6678000,11130000,0,1248786,5429214,expired_full_rebate,1,1,2,800000
0x4900dcfd31e118a3deaaa1716ba9a1a852f72bd31901a2a14da2680f87128130,stale_manipulated_reference,benign,valid,fixed,1934000000,5802000,5802000,0,0,914782,4887218,not_required,0,0,0,0
0x4900dcfd31e118a3deaaa1716ba9a1a852f72bd31901a2a14da2680f87128130,stale_manipulated_reference,benign,valid,volatility,1934000000,11470554,11470554,0,0,914782,10555772,not_required,0,0,0,0
0x4900dcfd31e118a3deaaa1716ba9a1a852f72bd31901a2a14da2680f87128130,stale_manipulated_reference,benign,valid,markout,1934000000,15472000,9199071,6272929,3397071,914782,8284289,settled,0,0,2,800000
0xe6e63615199c4c4d944cc59531eda562179d1c3e7cb91e3275772f088e22c9ea,stale_manipulated_reference,inventory_improving,manipulated,fixed,2732000000,8196000,8196000,0,0,0,8196000,not_required,0,0,0,0
0xe6e63615199c4c4d944cc59531eda562179d1c3e7cb91e3275772f088e22c9ea,stale_manipulated_reference,inventory_improving,manipulated,volatility,2732000000,13791136,13791136,0,0,0,13791136,not_required,0,0,0,0
0xe6e63615199c4c4d944cc59531eda562179d1c3e7cb91e3275772f088e22c9ea,stale_manipulated_reference,inventory_improving,manipulated,markout,2732000000,21856000,8196000,13660000,0,0,8196000,expired_full_rebate,1,1,2,800000
0xeb1e29d108bc8b445fb449fbd52d6f013401e782658f0664b36bc97e42452761,stale_manipulated_reference,benign,valid,fixed,277000000,831000,831000,0,0,0,831000,not_required,0,0,0,0
0xeb1e29d108bc8b445fb449fbd52d6f013401e782658f0664b36bc97e42452761,stale_manipulated_reference,benign,valid,volatility,277000000,1578346,1578346,0,0,0,1578346,not_required,0,0,0,0
0xeb1e29d108bc8b445fb449fbd52d6f013401e782658f0664b36bc97e42452761,stale_manipulated_reference,benign,valid,markout,277000000,2216000,831000,1385000,0,0,831000,settled,0,0,2,800000
0x88d96a3a263563305d4b7a00fc2c08f10f715157e858022870d9d0ea634542d2,stale_manipulated_reference,benign,valid,fixed,1959000000,5877000,5877000,0,0,0,5877000,not_required,0,0,0,0
0x88d96a3a263563305d4b7a00fc2c08f10f715157e858022870d9d0ea634542d2,stale_manipulated_reference,benign,valid,volatility,1959000000,11961654,11961654,0,0,0,11961654,not_required,0,0,0,0
0x88d96a3a263563305d4b7a00fc2c08f10f715157e858022870d9d0ea634542d2,stale_manipulated_reference,benign,valid,markout,1959000000,15672000,5877000,9795000,0,0,5877000,settled,0,0,2,800000
0xde38e8236256f3e9a5700d193e66a1d9e5145778af766a4d93321490291a196e,stale_manipulated_reference,benign,stale,fixed,2790000000,8370000,8370000,0,0,2061810,6308190,not_required,0,0,0,0
0xde38e8236256f3e9a5700d193e66a1d9e5145778af766a4d93321490291a196e,stale_manipulated_reference,benign,stale,volatility,2790000000,17649540,17649540,0,0,2061810,15587730,not_required,0,0,0,0
0xde38e8236256f3e9a5700d193e66a1d9e5145778af766a4d93321490291a196e,stale_manipulated_reference,benign,stale,markout,2790000000,22320000,8370000,13950000,0,2061810,6308190,expired_full_rebate,1,1,2,800000
0x49f159e7bcb0439eb7d15f2ccf22f86efcfe60902314464b9591cca113f931a3,stale_manipulated_reference,inventory_improving,valid,fixed,949000000,2847000,2847000,0,0,0,2847000,not_required,0,0,0,0
0x49f159e7bcb0439eb7d15f2ccf22f86efcfe60902314464b9591cca113f931a3,stale_manipulated_reference,inventory_improving,valid,volatility,949000000,4111068,4111068,0,0,0,4111068,not_required,0,0,0,0
0x49f159e7bcb0439eb7d15f2ccf22f86efcfe60902314464b9591cca113f931a3,stale_manipulated_reference,inventory_improving,valid,markout,949000000,7592000,2847000,4745000,0,0,2847000,settled,0,0,2,800000
0x8de2da0b69415f2340f69b2b2728f926bae8c44cd5a4f0d73fddc8ee53d3b07e,stale_manipulated_reference,benign,valid,fixed,2727000000,8181000,8181000,0,0,594486,7586514,not_required,0,0,0,0
0x8de2da0b69415f2340f69b2b2728f926bae8c44cd5a4f0d73fddc8ee53d3b07e,stale_manipulated_reference,benign,valid,volatility,2727000000,11551572,11551572,0,0,594486,10957086,not_required,0,0,0,0
0x8de2da0b69415f2340f69b2b2728f926bae8c44cd5a4f0d73fddc8ee53d3b07e,stale_manipulated_reference,benign,valid,markout,2727000000,21816000,11858359,9957641,3677359,594486,11263873,settled,0,0,2,800000
0xe3446d87285b6144ff3a437c63f0207e7db6ad4c1eb241249f8489d547302cbf,stale_manipulated_reference,benign,valid,fixed,4658000000,13974000,13974000,0,0,0,13974000,not_required,0,0,0,0
0xe3446d87285b6144ff3a437c63f0207e7db6ad4c1eb241249f8489d547302cbf,stale_manipulated_reference,benign,valid,volatility,4658000000,24342708,24342708,0,0,0,24342708,not_required,0,0,0,0
0xe3446d87285b6144ff3a437c63f0207e7db6ad4c1eb241249f8489d547302cbf,stale_manipulated_reference,benign,valid,markout,4658000000,37264000,13974000,23290000,0,0,13974000,settled,0,0,2,800000
0x2b262903ae10f2693c2d05723ab8ae422e33522afeaa6ae051285e7802e2f5de,stale_manipulated_reference,inventory_improving,valid,fixed,2936000000,8808000,8808000,0,0,0,8808000,not_required,0,0,0,0
0x2b262903ae10f2693c2d05723ab8ae422e33522afeaa6ae051285e7802e2f5de,stale_manipulated_reference,inventory_improving,valid,volatility,2936000000,17017056,17017056,0,0,0,17017056,not_required,0,0,0,0
0x2b262903ae10f2693c2d05723ab8ae422e33522afeaa6ae051285e7802e2f5de,stale_manipulated_reference,inventory_improving,valid,markout,2936000000,23488000,8808000,14680000,0,0,8808000,settled,0,0,2,800000
0x45a6f3db0c12cebe13426c9a894d00a4cafb77102715b7dcd2f65d7f00d9c9a1,stale_manipulated_reference,benign,manipulated,fixed,2612000000,7836000,7836000,0,0,0,7836000,not_required,0,0,0,0
0x45a6f3db0c12cebe13426c9a894d00a4cafb77102715b7dcd2f65d7f00d9c9a1,stale_manipulated_reference,benign,manipulated,volatility,2612000000,13854048,13854048,0,0,0,13854048,not_required,0,0,0,0
0x45a6f3db0c12cebe13426c9a894d00a4cafb77102715b7dcd2f65d7f00d9c9a1,stale_manipulated_reference,benign,manipulated,markout,2612000000,20896000,7836000,13060000,0,0,7836000,expired_full_rebate,1,1,2,800000
0x8d554da8fa51d78c06e64a2040c47e95956510d34180d28bfdf01b5c2dba446c,stale_manipulated_reference,informed,stale,fixed,1513000000,4539000,4539000,0,0,4473941,65059,not_required,0,0,0,0
0x8d554da8fa51d78c06e64a2040c47e95956510d34180d28bfdf01b5c2dba446c,stale_manipulated_reference,informed,stale,volatility,1513000000,6577011,6577011,0,0,4473941,2103070,not_required,0,0,0,0
0x8d554da8fa51d78c06e64a2040c47e95956510d34180d28bfdf01b5c2dba446c,stale_manipulated_reference,informed,stale,markout,1513000000,12104000,4539000,7565000,0,4473941,65059,expired_full_rebate,1,1,2,800000
0x20024eeb2457534217a7b60edbe8afaae520f92e58502ed73271fb9dc4dd3741,stale_manipulated_reference,informed,stale,fixed,3995000000,11985000,11985000,0,0,12500355,-515355,not_required,0,0,0,0
0x20024eeb2457534217a7b60edbe8afaae520f92e58502ed73271fb9dc4dd3741,stale_manipulated_reference,informed,stale,volatility,3995000000,18764515,18764515,0,0,12500355,6264160,not_required,0,0,0,0
0x20024eeb2457534217a7b60edbe8afaae520f92e58502ed73271fb9dc4dd3741,stale_manipulated_reference,informed,stale,markout,3995000000,31960000,11985000,19975000,0,12500355,-515355,expired_full_rebate,1,1,2,800000
0x7cd4d4a37dcb71623bd82a1362af74ced333af70f282e10609f6cba658abd86b,stale_manipulated_reference,benign,valid,fixed,2410000000,7230000,7230000,0,0,0,7230000,not_required,0,0,0,0
0x7cd4d4a37dcb71623bd82a1362af74ced333af70f282e10609f6cba658abd86b,stale_manipulated_reference,benign,valid,volatility,2410000000,10917300,10917300,0,0,0,10917300,not_required,0,0,0,0
0x7cd4d4a37dcb71623bd82a1362af74ced333af70f282e10609f6cba658abd86b,stale_manipulated_reference,benign,valid,markout,2410000000,19280000,8897720,10382280,1667720,0,8897720,settled,0,0,2,800000
0xb4a4f9153c792ecc180058f7b3399685c9736d4327b64e2f75f88d4eebdc9c44,stale_manipulated_reference,informed,valid,fixed,616000000,1848000,1848000,0,0,1244320,603680,not_required,0,0,0,0
0xb4a4f9153c792ecc180058f7b3399685c9736d4327b64e2f75f88d4eebdc9c44,stale_manipulated_reference,informed,valid,volatility,616000000,3565408,3565408,0,0,1244320,2321088,not_required,0,0,0,0
0xb4a4f9153c792ecc180058f7b3399685c9736d4327b64e2f75f88d4eebdc9c44,stale_manipulated_reference,informed,valid,markout,616000000,4928000,4454912,473088,2606912,1244320,3210592,settled,0,0,2,800000
0x30232a4a64007e6c5d54756e7b75a08f76cd1307f77e41002198f4db5dbe28b2,stale_manipulated_reference,informed,manipulated,fixed,1674000000,5022000,5022000,0,0,5872392,-850392,not_required,0,0,0,0
0x30232a4a64007e6c5d54756e7b75a08f76cd1307f77e41002198f4db5dbe28b2,stale_manipulated_reference,informed,manipulated,volatility,1674000000,10420650,10420650,0,0,5872392,4548258,not_required,0,0,0,0
0x30232a4a64007e6c5d54756e7b75a08f76cd1307f77e41002198f4db5dbe28b2,stale_manipulated_reference,informed,manipulated,markout,1674000000,13392000,5022000,8370000,0,5872392,-850392,expired_full_rebate,1,1,2,800000
0xb01b744a19dcf95b937d2cbf9dc9c70e6126378d71c7348f05dd4fbb905da821,stale_manipulated_reference,informed,stale,fixed,2940000000,8820000,8820000,0,0,8120280,699720,not_required,0,0,0,0
0xb01b744a19dcf95b937d2cbf9dc9c70e6126378d71c7348f05dd4fbb905da821,stale_manipulated_reference,informed,stale,volatility,2940000000,14032620,14032620,0,0,8120280,5912340,not_required,0,0,0,0
0xb01b744a19dcf95b937d2cbf9dc9c70e6126378d71c7348f05dd4fbb905da821,stale_manipulated_reference,informed,stale,markout,2940000000,23520000,8820000,14700000,0,8120280,699720,expired_full_rebate,1,1,2,800000
0xf123b84bfcc5cc605a1ceaeabd80da8894c13b9ad030db72560aa3ca0646ccb2,stale_manipulated_reference,inventory_improving,valid,fixed,3712000000,11136000,11136000,0,0,0,11136000,not_required,0,0,0,0
0xf123b84bfcc5cc605a1ceaeabd80da8894c13b9ad030db72560aa3ca0646ccb2,stale_manipulated_reference,inventory_improving,valid,volatility,3712000000,20033664,20033664,0,0,0,20033664,not_required,0,0,0,0
0xf123b84bfcc5cc605a1ceaeabd80da8894c13b9ad030db72560aa3ca0646ccb2,stale_manipulated_reference,inventory_improving,valid,markout,3712000000,29696000,11136000,18560000,0,0,11136000,settled,0,0,2,800000
0x2643b5305273495647c5f587659f4797b89aef39351bbb561946afb2772af81b,stale_manipulated_reference,informed,stale,fixed,4788000000,14364000,14364000,0,0,23442048,-9078048,not_required,0,0,0,0
0x2643b5305273495647c5f587659f4797b89aef39351bbb561946afb2772af81b,stale_manipulated_reference,informed,stale,volatility,4788000000,23116464,23116464,0,0,23442048,-325584,not_required,0,0,0,0
0x2643b5305273495647c5f587659f4797b89aef39351bbb561946afb2772af81b,stale_manipulated_reference,informed,stale,markout,4788000000,38304000,14364000,23940000,0,23442048,-9078048,expired_full_rebate,1,1,2,800000
0xbceed56fed62f66917934f6c6b4a62704788b9b37fe260d5053431487ab56312,stale_manipulated_reference,inventory_improving,stale,fixed,2848000000,8544000,8544000,0,0,0,8544000,not_required,0,0,0,0
0xbceed56fed62f66917934f6c6b4a62704788b9b37fe260d5053431487ab56312,stale_manipulated_reference,inventory_improving,stale,volatility,2848000000,13473888,13473888,0,0,0,13473888,not_required,0,0,0,0
0xbceed56fed62f66917934f6c6b4a62704788b9b37fe260d5053431487ab56312,stale_manipulated_reference,inventory_improving,stale,markout,2848000000,22784000,8544000,14240000,0,0,8544000,expired_full_rebate,1,1,2,800000
0x2554a505da5f3a49e19de89ccebf115f4a61a5ba5b99e87d2c5a194f31dfc33f,stale_manipulated_reference,benign,valid,fixed,150000000,450000,450000,0,0,0,450000,not_required,0,0,0,0
0x2554a505da5f3a49e19de89ccebf115f4a61a5ba5b99e87d2c5a194f31dfc33f,stale_manipulated_reference,benign,valid,volatility,150000000,938700,938700,0,0,0,938700,not_required,0,0,0,0
0x2554a505da5f3a49e19de89ccebf115f4a61a5ba5b99e87d2c5a194f31dfc33f,stale_manipulated_reference,benign,valid,markout,150000000,1200000,595200,604800,145200,0,595200,settled,0,0,2,800000
0x2eb35a47bd95530f1c93990b7266f4920afebc8cc898f769f12ff485da83a072,stale_manipulated_reference,inventory_improving,valid,fixed,4980000000,14940000,14940000,0,0,0,14940000,not_required,0,0,0,0
0x2eb35a47bd95530f1c93990b7266f4920afebc8cc898f769f12ff485da83a072,stale_manipulated_reference,inventory_improving,valid,volatility,4980000000,29157900,29157900,0,0,0,29157900,not_required,0,0,0,0
0x2eb35a47bd95530f1c93990b7266f4920afebc8cc898f769f12ff485da83a072,stale_manipulated_reference,inventory_improving,valid,markout,4980000000,39840000,14940000,24900000,0,0,14940000,settled,0,0,2,800000
0x81bc2aa2921efc5473da79d1f8219ab355166142c4c098fbec4ee136b2b73b2b,stale_manipulated_reference,benign,valid,fixed,838000000,2514000,2514000,0,0,541348,1972652,not_required,0,0,0,0
0x81bc2aa2921efc5473da79d1f8219ab355166142c4c098fbec4ee136b2b73b2b,stale_manipulated_reference,benign,valid,volatility,838000000,3625188,3625188,0,0,541348,3083840,not_required,0,0,0,0
0x81bc2aa2921efc5473da79d1f8219ab355166142c4c098fbec4ee136b2b73b2b,stale_manipulated_reference,benign,valid,markout,838000000,6704000,4218073,2485927,1704073,541348,3676725,settled,0,0,2,800000
0x544a00d17c4a3831608fad352f9e2ec8486d4cf450d849d143e3fa15afc11d9e,stale_manipulated_reference,benign,manipulated,fixed,3609000000,10827000,10827000,0,0,3136221,7690779,not_required,0,0,0,0
0x544a00d17c4a3831608fad352f9e2ec8486d4cf450d849d143e3fa15afc11d9e,stale_manipulated_reference,benign,manipulated,volatility,3609000000,20863629,20863629,0,0,3136221,17727408,not_required,0,0,0,0
0x544a00d17c4a3831608fad352f9e2ec8486d4cf450d849d143e3fa15afc11d9e,stale_manipulated_reference,benign,manipulated,markout,3609000000,28872000,10827000,18045000,0,3136221,7690779,expired_full_rebate,1,1,2,800000
0x726f273c7eb8c5c171ab6dce463db5df5655669324bad8155f4a51a1a87a751c,stale_manipulated_reference,benign,valid,fixed,3723000000,11169000,11169000,0,0,558450,10610550,not_required,0,0,0,0
0x726f273c7eb8c5c171ab6dce463db5df5655669324bad8155f4a51a1a87a751c,stale_manipulated_reference,benign,valid,volatility,3723000000,23648496,23648496,0,0,558450,23090046,not_required,0,0,0,0
0x726f273c7eb8c5c171ab6dce463db5df5655669324bad8155f4a51a1a87a751c,stale_manipulated_reference,benign,valid,markout,3723000000,29784000,15785520,13998480,4616520,558450,15227070,settled,0,0,2,800000
0xa9ef3fb4c2dd7b0bdadc2697f1c643d67ddb8c03d1a5c0ab4b301477bf21aa37,stale_manipulated_reference,inventory_improving,stale,fixed,904000000,2712000,2712000,0,0,0,2712000,not_required,0,0,0,0
0xa9ef3fb4c2dd7b0bdadc2697f1c643d67ddb8c03d1a5c0ab4b301477bf21aa37,stale_manipulated_reference,inventory_improving,stale,volatility,904000000,4639328,4639328,0,0,0,4639328,not_required,0,0,0,0
0xa9ef3fb4c2dd7b0bdadc2697f1c643d67ddb8c03d1a5c0ab4b301477bf21aa37,stale_manipulated_reference,inventory_improving,stale,markout,904000000,7232000,2712000,4520000,0,0,2712000,expired_full_rebate,1,1,2,800000
0xba0c37753a19735f7899044ddec3ca95a8d8c593bef7c056048f140ec4ee14e8,stale_manipulated_reference,inventory_improving,stale,fixed,2759000000,8277000,8277000,0,0,0,8277000,not_required,0,0,0,0
0xba0c37753a19735f7899044ddec3ca95a8d8c593bef7c056048f140ec4ee14e8,stale_manipulated_reference,inventory_improving,stale,volatility,2759000000,12567245,12567245,0,0,0,12567245,not_required,0,0,0,0
0xba0c37753a19735f7899044ddec3ca95a8d8c593bef7c056048f140ec4ee14e8,stale_manipulated_reference,inventory_improving,stale,markout,2759000000,22072000,8277000,13795000,0,0,8277000,expired_full_rebate,1,1,2,800000
0x3e533c33d22f69981f1704291f98c6d095335c95080767f4f4a521268be1de16,stale_manipulated_reference,benign,manipulated,fixed,1833000000,5499000,5499000,0,0,564564,4934436,not_required,0,0,0,0
0x3e533c33d22f69981f1704291f98c6d095335c95080767f4f4a521268be1de16,stale_manipulated_reference,benign,manipulated,volatility,1833000000,12359919,12359919,0,0,564564,11795355,not_required,0,0,0,0
0x3e533c33d22f69981f1704291f98c6d095335c95080767f4f4a521268be1de16,stale_manipulated_reference,benign,manipulated,markout,1833000000,14664000,5499000,9165000,0,564564,4934436,expired_full_rebate,1,1,2,800000
0x2072bd19ffeb32354937dcd4d89cfdf9c23cf4daece020d9648747d56145b835,stale_manipulated_reference,inventory_improving,valid,fixed,4776000000,14328000,14328000,0,0,0,14328000,not_required,0,0,0,0
0x2072bd19ffeb32354937dcd4d89cfdf9c23cf4daece020d9648747d56145b835,stale_manipulated_reference,inventory_improving,valid,volatility,4776000000,27552744,27552744,0,0,0,27552744,not_required,0,0,0,0
0x2072bd19ffeb32354937dcd4d89cfdf9c23cf4daece020d9648747d56145b835,stale_manipulated_reference,inventory_improving,valid,markout,4776000000,38208000,14328000,23880000,0,0,14328000,settled,0,0,2,800000
0x9e9d2aca74a16176dceb4e4d82490924a2bf0186b95b15e742efee5dc8fdc83b,stale_manipulated_reference,benign,valid,fixed,676000000,2028000,2028000,0,0,0,2028000,not_required,0,0,0,0
0x9e9d2aca74a16176dceb4e4d82490924a2bf0186b95b15e742efee5dc8fdc83b,stale_manipulated_reference,benign,valid,volatility,676000000,4162132,4162132,0,0,0,4162132,not_required,0,0,0,0
0x9e9d2aca74a16176dceb4e4d82490924a2bf0186b95b15e742efee5dc8fdc83b,stale_manipulated_reference,benign,valid,markout,676000000,5408000,2028000,3380000,0,0,2028000,settled,0,0,2,800000
0x89f915ac29e3ccad72f60b8dd48f28b2568ca930dbef6ee68dd779e39153662f,stale_manipulated_reference,inventory_improving,manipulated,fixed,1419000000,4257000,4257000,0,0,0,4257000,not_required,0,0,0,0
0x89f915ac29e3ccad72f60b8dd48f28b2568ca930dbef6ee68dd779e39153662f,stale_manipulated_reference,inventory_improving,manipulated,volatility,1419000000,8418927,8418927,0,0,0,8418927,not_required,0,0,0,0
0x89f915ac29e3ccad72f60b8dd48f28b2568ca930dbef6ee68dd779e39153662f,stale_manipulated_reference,inventory_improving,manipulated,markout,1419000000,11352000,4257000,7095000,0,0,4257000,expired_full_rebate,1,1,2,800000
0xf61966eadbea4c59b84647b33214fe1821bc0fbff04c26d0b65c991ad7f78e97,stale_manipulated_reference,benign,valid,fixed,4947000000,14841000,14841000,0,0,113781,14727219,not_required,0,0,0,0
0xf61966eadbea4c59b84647b33214fe1821bc0fbff04c26d0b65c991ad7f78e97,stale_manipulated_reference,benign,valid,volatility,4947000000,28880586,28880586,0,0,113781,28766805,not_required,0,0,0,0
0xf61966eadbea4c59b84647b33214fe1821bc0fbff04c26d0b65c991ad7f78e97,stale_manipulated_reference,benign,valid,markout,4947000000,39576000,19968565,19607435,5127565,113781,19854784,settled,0,0,2,800000
0xe8677dc1c0e84071954f1ddc027296301e3d7fbccc6c723a59e62c35426cfac0,stale_manipulated_reference,benign,valid,fixed,3349000000,10047000,10047000,0,0,2813160,7233840,not_required,0,0,0,0
0xe8677dc1c0e84071954f1ddc027296301e3d7fbccc6c723a59e62c35426cfac0,stale_manipulated_reference,benign,valid,volatility,3349000000,15780488,15780488,0,0,2813160,12967328,not_required,0,0,0,0
0xe8677dc1c0e84071954f1ddc027296301e3d7fbccc6c723a59e62c35426cfac0,stale_manipulated_reference,benign,valid,markout,3349000000,26792000,17897056,8894944,7850056,2813160,15083896,settled,0,0,2,800000
0x68e67d243684c1aafe40deb19c680989721ef9b23fec8230d6702ff0441fa87d,stale_manipulated_reference,informed,valid,fixed,4185000000,12555000,12555000,0,0,21084030,-8529030,not_required,0,0,0,0
0x68e67d243684c1aafe40deb19c680989721ef9b23fec8230d6702ff0441fa87d,stale_manipulated_reference,informed,valid,volatility,4185000000,25490835,25490835,0,0,21084030,4406805,not_required,0,0,0,0
0x68e67d243684c1aafe40deb19c680989721ef9b23fec8230d6702ff0441fa87d,stale_manipulated_reference,informed,valid,markout,4185000000,33480000,33480000,0,20925000,21084030,12395970,settled,0,0,2,800000
0xd9394c0d291330a8b43769c08fc125122defd1222d15f96e7a4e0e5d4b5dda2e,stale_manipulated_reference,inventory_improving,valid,fixed,300000000,900000,900000,0,0,0,900000,not_required,0,0,0,0
0xd9394c0d291330a8b43769c08fc125122defd1222d15f96e7a4e0e5d4b5dda2e,stale_manipulated_reference,inventory_improving,valid,volatility,300000000,1821900,1821900,0,0,0,1821900,not_required,0,0,0,0
0xd9394c0d291330a8b43769c08fc125122defd1222d15f96e7a4e0e5d4b5dda2e,stale_manipulated_reference,inventory_improving,valid,markout,300000000,2400000,900000,1500000,0,0,900000,settled,0,0,2,800000
0x2d3ba8eef1b5ea524eac0af4a162f783ea0e2646bffa7300c2d5312ce6c31a32,stale_manipulated_reference,informed,valid,fixed,1050000000,3150000,3150000,0,0,4196850,-1046850,not_required,0,0,0,0
0x2d3ba8eef1b5ea524eac0af4a162f783ea0e2646bffa7300c2d5312ce6c31a32,stale_manipulated_reference,informed,valid,volatility,1050000000,5769750,5769750,0,0,4196850,1572900,not_required,0,0,0,0
0x2d3ba8eef1b5ea524eac0af4a162f783ea0e2646bffa7300c2d5312ce6c31a32,stale_manipulated_reference,informed,valid,markout,1050000000,8400000,8400000,0,5250000,4196850,4203150,settled,0,0,2,800000
0x623da6b308c914ccabd876f1a89dabec93e7ad260a1a85de36cbade7d994bb47,stale_manipulated_reference,informed,manipulated,fixed,634000000,1902000,1902000,0,0,1787246,114754,not_required,0,0,0,0
0x623da6b308c914ccabd876f1a89dabec93e7ad260a1a85de36cbade7d994bb47,stale_manipulated_reference,informed,manipulated,volatility,634000000,3512994,3512994,0,0,1787246,1725748,not_required,0,0,0,0
0x623da6b308c914ccabd876f1a89dabec93e7ad260a1a85de36cbade7d994bb47,stale_manipulated_reference,informed,manipulated,markout,634000000,5072000,1902000,3170000,0,1787246,114754,expired_full_rebate,1,1,2,800000
0x67cfb3e0ef21f5da7268cf4664df22e00e0f2a3bfd20ea2cea6aa915673e1d22,stale_manipulated_reference,informed,valid,fixed,4618000000,13854000,13854000,0,0,15257872,-1403872,not_required,0,0,0,0
0x67cfb3e0ef21f5da7268cf4664df22e00e0f2a3bfd20ea2cea6aa915673e1d22,stale_manipulated_reference,informed,valid,volatility,4618000000,25459034,25459034,0,0,15257872,10201162,not_required,0,0,0,0
0x67cfb3e0ef21f5da7268cf4664df22e00e0f2a3bfd20ea2cea6aa915673e1d22,stale_manipulated_reference,informed,valid,markout,4618000000,36944000,36944000,0,23090000,15257872,21686128,settled,0,0,2,800000
0xb535cbb92d5a9e848869a5d2b20eaffecddd472d4398ea9e21669f7cdb2e3dea,stale_manipulated_reference,inventory_improving,valid,fixed,2982000000,8946000,8946000,0,0,0,8946000,not_required,0,0,0,0
0xb535cbb92d5a9e848869a5d2b20eaffecddd472d4398ea9e21669f7cdb2e3dea,stale_manipulated_reference,inventory_improving,valid,volatility,2982000000,13988562,13988562,0,0,0,13988562,not_required,0,0,0,0
0xb535cbb92d5a9e848869a5d2b20eaffecddd472d4398ea9e21669f7cdb2e3dea,stale_manipulated_reference,inventory_improving,valid,markout,2982000000,23856000,8946000,14910000,0,0,8946000,settled,0,0,2,800000
0x7bf404fce6199177c0379cf335e0f5de3377b1b77d7059a0adcc5571c1b73116,stale_manipulated_reference,benign,valid,fixed,3814000000,11442000,11442000,0,0,0,11442000,not_required,0,0,0,0
0x7bf404fce6199177c0379cf335e0f5de3377b1b77d7059a0adcc5571c1b73116,stale_manipulated_reference,benign,valid,volatility,3814000000,22929768,22929768,0,0,0,22929768,not_required,0,0,0,0
0x7bf404fce6199177c0379cf335e0f5de3377b1b77d7059a0adcc5571c1b73116,stale_manipulated_reference,benign,valid,markout,3814000000,30512000,11442000,19070000,0,0,11442000,settled,0,0,2,800000
0xc4a20a431f52e31a88ec40b7b1c8a11dcac220f809be21524c297f9cb3f44e59,stale_manipulated_reference,informed,stale,fixed,2006000000,6018000,6018000,0,0,3929754,2088246,not_required,0,0,0,0
0xc4a20a431f52e31a88ec40b7b1c8a11dcac220f809be21524c297f9cb3f44e59,stale_manipulated_reference,informed,stale,volatility,2006000000,13201486,13201486,0,0,3929754,9271732,not_required,0,0,0,0
0xc4a20a431f52e31a88ec40b7b1c8a11dcac220f809be21524c297f9cb3f44e59,stale_manipulated_reference,informed,stale,markout,2006000000,16048000,6018000,10030000,0,3929754,2088246,expired_full_rebate,1,1,2,800000
0xb0195ea20129f4b0492dd31cc5cfc463e3010470624a7377b32e0f6ca010dce5,stale_manipulated_reference,benign,manipulated,fixed,3183000000,9549000,9549000,0,0,2301309,7247691,not_required,0,0,0,0
0xb0195ea20129f4b0492dd31cc5cfc463e3010470624a7377b32e0f6ca010dce5,stale_manipulated_reference,benign,manipulated,volatility,3183000000,14024298,14024298,0,0,2301309,11722989,not_required,0,0,0,0
0xb0195ea20129f4b0492dd31cc5cfc463e3010470624a7377b32e0f6ca010dce5,stale_manipulated_reference,benign,manipulated,markout,3183000000,25464000,9549000,15915000,0,2301309,7247691,expired_full_rebate,1,1,2,800000
0xfab2794fbf8d859f41c91098fe654263d502a3f2db7b1520e12a679968905edc,stale_manipulated_reference,benign,manipulated,fixed,4341000000,13023000,13023000,0,0,2648010,10374990,not_required,0,0,0,0
0xfab2794fbf8d859f41c91098fe654263d502a3f2db7b1520e12a679968905edc,stale_manipulated_reference,benign,manipulated,volatility,4341000000,20012010,20012010,0,0,2648010,17364000,not_required,0,0,0,0
0xfab2794fbf8d859f41c91098fe654263d502a3f2db7b1520e12a679968905edc,stale_manipulated_reference,benign,manipulated,markout,4341000000,34728000,13023000,21705000,0,2648010,10374990,expired_full_rebate,1,1,2,800000
0xa8d6012f7ec2b77395c2e2f00a775299d5ed99598ae3cfae2598aa320ac0f7ab,stale_manipulated_reference,benign,manipulated,fixed,4765000000,14295000,14295000,0,0,2673165,11621835,not_required,0,0,0,0
0xa8d6012f7ec2b77395c2e2f00a775299d5ed99598ae3cfae2598aa320ac0f7ab,stale_manipulated_reference,benign,manipulated,volatility,4765000000,28580470,28580470,0,0,2673165,25907305,not_required,0,0,0,0
0xa8d6012f7ec2b77395c2e2f00a775299d5ed99598ae3cfae2598aa320ac0f7ab,stale_manipulated_reference,benign,manipulated,markout,4765000000,38120000,14295000,23825000,0,2673165,11621835,expired_full_rebate,1,1,2,800000
0xd01b41ba0de8b972848c940afb6bf95a12f1ff61652705de58f5dfdab646f757,stale_manipulated_reference,inventory_improving,valid,fixed,1919000000,5757000,5757000,0,0,0,5757000,not_required,0,0,0,0
0xd01b41ba0de8b972848c940afb6bf95a12f1ff61652705de58f5dfdab646f757,stale_manipulated_reference,inventory_improving,valid,volatility,1919000000,8658528,8658528,0,0,0,8658528,not_required,0,0,0,0
0xd01b41ba0de8b972848c940afb6bf95a12f1ff61652705de58f5dfdab646f757,stale_manipulated_reference,inventory_improving,valid,markout,1919000000,15352000,5757000,9595000,0,0,5757000,settled,0,0,2,800000
0xb9593430f745092f6573101eaa5c91a53e44f8020f12d692f300264ebd0309ff,stale_manipulated_reference,benign,manipulated,fixed,3366000000,10098000,10098000,0,0,0,10098000,not_required,0,0,0,0
0xb9593430f745092f6573101eaa5c91a53e44f8020f12d692f300264ebd0309ff,stale_manipulated_reference,benign,manipulated,volatility,3366000000,18159570,18159570,0,0,0,18159570,not_required,0,0,0,0
0xb9593430f745092f6573101eaa5c91a53e44f8020f12d692f300264ebd0309ff,stale_manipulated_reference,benign,manipulated,markout,3366000000,26928000,10098000,16830000,0,0,10098000,expired_full_rebate,1,1,2,800000
0xcaa97b142064d52d027314367972d29f7b6ba9269b28ced0ac32f2abd1aa6cae,stale_manipulated_reference,informed,stale,fixed,2740000000,8220000,8220000,0,0,14141140,-5921140,not_required,0,0,0,0
0xcaa97b142064d52d027314367972d29f7b6ba9269b28ced0ac32f2abd1aa6cae,stale_manipulated_reference,informed,stale,volatility,2740000000,16012560,16012560,0,0,14141140,1871420,not_required,0,0,0,0
0xcaa97b142064d52d027314367972d29f7b6ba9269b28ced0ac32f2abd1aa6cae,stale_manipulated_reference,informed,stale,markout,2740000000,21920000,8220000,13700000,0,14141140,-5921140,expired_full_rebate,1,1,2,800000
0xfdd36f4149adc3a968a8c60658c131221023f38f94923e6c18c0d0974933d49f,stale_manipulated_reference,benign,manipulated,fixed,3302000000,9906000,9906000,0,0,0,9906000,not_required,0,0,0,0
0xfdd36f4149adc3a968a8c60658c131221023f38f94923e6c18c0d0974933d49f,stale_manipulated_reference,benign,manipulated,volatility,3302000000,15113254,15113254,0,0,0,15113254,not_required,0,0,0,0
0xfdd36f4149adc3a968a8c60658c131221023f38f94923e6c18c0d0974933d49f,stale_manipulated_reference,benign,manipulated,markout,3302000000,26416000,9906000,16510000,0,0,9906000,expired_full_rebate,1,1,2,800000
0x09d50478cbf7317cf006b01a2477b7a7a8a34113cd4add918e75a4dcd7e48eee,stale_manipulated_reference,informed,manipulated,fixed,429000000,1287000,1287000,0,0,1983696,-696696,not_required,0,0,0,0
0x09d50478cbf7317cf006b01a2477b7a7a8a34113cd4add918e75a4dcd7e48eee,stale_manipulated_reference,informed,manipulated,volatility,429000000,2338479,2338479,0,0,1983696,354783,not_required,0,0,0,0
0x09d50478cbf7317cf006b01a2477b7a7a8a34113cd4add918e75a4dcd7e48eee,stale_manipulated_reference,informed,manipulated,markout,429000000,3432000,1287000,2145000,0,1983696,-696696,expired_full_rebate,1,1,2,800000
0x03404c4dc385ec94dc4c6897ff783b98090a7cac9180fc1f437680cb257c3363,stale_manipulated_reference,benign,valid,fixed,3385000000,10155000,10155000,0,0,0,10155000,not_required,0,0,0,0
0x03404c4dc385ec94dc4c6897ff783b98090a7cac9180fc1f437680cb257c3363,stale_manipulated_reference,benign,valid,volatility,3385000000,14531805,14531805,0,0,0,14531805,not_required,0,0,0,0
0x03404c4dc385ec94dc4c6897ff783b98090a7cac9180fc1f437680cb257c3363,stale_manipulated_reference,benign,valid,markout,3385000000,27080000,10155000,16925000,0,0,10155000,settled,0,0,2,800000
0xfe00112d5c7645c97e0358a47230c5674bc41f1c34f180dcc392ccfb717b75d6,stale_manipulated_reference,benign,valid,fixed,4406000000,13218000,13218000,0,0,1731558,11486442,not_required,0,0,0,0
0xfe00112d5c7645c97e0358a47230c5674bc41f1c34f180dcc392ccfb717b75d6,stale_manipulated_reference,benign,valid,volatility,4406000000,29740500,29740500,0,0,1731558,28008942,not_required,0,0,0,0
0xfe00112d5c7645c97e0358a47230c5674bc41f1c34f180dcc392ccfb717b75d6,stale_manipulated_reference,benign,valid,markout,4406000000,35248000,20393171,14854829,7175171,1731558,18661613,settled,0,0,2,800000
0xb086c36088c90a7c44dcb29650d2d0b3f45eede461538225a6e936b13c2c52a2,stale_manipulated_reference,informed,valid,fixed,2083000000,6249000,6249000,0,0,9458903,-3209903,not_required,0,0,0,0
0xb086c36088c90a7c44dcb29650d2d0b3f45eede461538225a6e936b13c2c52a2,stale_manipulated_reference,informed,valid,volatility,2083000000,13791543,13791543,0,0,9458903,4332640,not_required,0,0,0,0
0xb086c36088c90a7c44dcb29650d2d0b3f45eede461538225a6e936b13c2c52a2,stale_manipulated_reference,informed,valid,markout,2083000000,16664000,16664000,0,10415000,9458903,7205097,settled,0,0,2,800000
0xe35ba3e56d8e6613faec83e38e23c70828c8bd6cd33efb5b18094fad5825a835,stale_manipulated_reference,informed,manipulated,fixed,819000000,2457000,2457000,0,0,2335788,121212,not_required,0,0,0,0
0xe35ba3e56d8e6613faec83e38e23c70828c8bd6cd33efb5b18094fad5825a835,stale_manipulated_reference,informed,manipulated,volatility,819000000,5440617,5440617,0,0,2335788,3104829,not_required,0,0,0,0
0xe35ba3e56d8e6613faec83e38e23c70828c8bd6cd33efb5b18094fad5825a835,stale_manipulated_reference,informed,manipulated,markout,819000000,6552000,2457000,4095000,0,2335788,121212,expired_full_rebate,1,1,2,800000
0x3f42ff840a8b023bd3091503918973e1ecc68b82e263f3e77ad6dcce1f1d808a,stale_manipulated_reference,informed,manipulated,fixed,4045000000,12135000,12135000,0,0,12745795,-610795,not_required,0,0,0,0
0x3f42ff840a8b023bd3091503918973e1ecc68b82e263f3e77ad6dcce1f1d808a,stale_manipulated_reference,informed,manipulated,volatility,4045000000,17029450,17029450,0,0,12745795,4283655,not_required,0,0,0,0
0x3f42ff840a8b023bd3091503918973e1ecc68b82e263f3e77ad6dcce1f1d808a,stale_manipulated_reference,informed,manipulated,markout,4045000000,32360000,12135000,20225000,0,12745795,-610795,expired_full_rebate,1,1,2,800000
0x277ed74432af4f7bcd608ead01be5d42b2dd2f29fe4bb1c8a715b4552a0c13cf,stale_manipulated_reference,benign,stale,fixed,3776000000,11328000,11328000,0,0,2673408,8654592,not_required,0,0,0,0
0x277ed74432af4f7bcd608ead01be5d42b2dd2f29fe4bb1c8a715b4552a0c13cf,stale_manipulated_reference,benign,stale,volatility,3776000000,19710720,19710720,0,0,2673408,17037312,not_required,0,0,0,0
0x277ed74432af4f7bcd608ead01be5d42b2dd2f29fe4bb1c8a715b4552a0c13cf,stale_manipulated_reference,benign,stale,markout,3776000000,30208000,11328000,18880000,0,2673408,8654592,expired_full_rebate,1,1,2,800000
0xcc03a15cb6403bde844652cba885dde7bc4b10bfb8b5354714506a1df428c56a,stale_manipulated_reference,benign,manipulated,fixed,873000000,2619000,2619000,0,0,548244,2070756,not_required,0,0,0,0
0xcc03a15cb6403bde844652cba885dde7bc4b10bfb8b5354714506a1df428c56a,stale_manipulated_reference,benign,manipulated,volatility,873000000,3850803,3850803,0,0,548244,3302559,not_required,0,0,0,0
0xcc03a15cb6403bde844652cba885dde7bc4b10bfb8b5354714506a1df428c56a,stale_manipulated_reference,benign,manipulated,markout,873000000,6984000,2619000,4365000,0,548244,2070756,expired_full_rebate,1,1,2,800000
0xfb09ca3d634f4ebb10eac7dc0471487bf37f9e18b8bbeec1f4ae9700606b8659,stale_manipulated_reference,benign,valid,fixed,436000000,1308000,1308000,0,0,0,1308000,not_required,0,0,0,0
0xfb09ca3d634f4ebb10eac7dc0471487bf37f9e18b8bbeec1f4ae9700606b8659,stale_manipulated_reference,benign,valid,volatility,436000000,1941072,1941072,0,0,0,1941072,not_required,0,0,0,0
0xfb09ca3d634f4ebb10eac7dc0471487bf37f9e18b8bbeec1f4ae9700606b8659,stale_manipulated_reference,benign,valid,markout,436000000,3488000,1427464,2060536,119464,0,1427464,settled,0,0,2,800000
0x74aa151bf46384f871b3e270c0427f017645b1922c5935a2387e18f444165641,stale_manipulated_reference,inventory_improving,valid,fixed,175000000,525000,525000,0,0,0,525000,not_required,0,0,0,0
0x74aa151bf46384f871b3e270c0427f017645b1922c5935a2387e18f444165641,stale_manipulated_reference,inventory_improving,valid,volatility,175000000,962325,962325,0,0,0,962325,not_required,0,0,0,0
0x74aa151bf46384f871b3e270c0427f017645b1922c5935a2387e18f444165641,stale_manipulated_reference,inventory_improving,valid,markout,175000000,1400000,525000,875000,0,0,525000,settled,0,0,2,800000
0x4e057885d030392e98b9daa9e09171e512a438af999b28e05b2457f83b1b278b,stale_manipulated_reference,benign,valid,fixed,4702000000,14106000,14106000,0,0,0,14106000,not_required,0,0,0,0
0x4e057885d030392e98b9daa9e09171e512a438af999b28e05b2457f83b1b278b,stale_manipulated_reference,benign,valid,volatility,4702000000,30436046,30436046,0,0,0,30436046,not_required,0,0,0,0
0x4e057885d030392e98b9daa9e09171e512a438af999b28e05b2457f83b1b278b,stale_manipulated_reference,benign,valid,markout,4702000000,37616000,14106000,23510000,0,0,14106000,settled,0,0,2,800000
0x31857a09be8ddd32b4e20da706f3cd9c0b77413f37d921d3e8b878b7d35137d8,stale_manipulated_reference,inventory_improving,stale,fixed,965000000,2895000,2895000,0,0,0,2895000,not_required,0,0,0,0
0x31857a09be8ddd32b4e20da706f3cd9c0b77413f37d921d3e8b878b7d35137d8,stale_manipulated_reference,inventory_improving,stale,volatility,965000000,5159855,5159855,0,0,0,5159855,not_required,0,0,0,0
0x31857a09be8ddd32b4e20da706f3cd9c0b77413f37d921d3e8b878b7d35137d8,stale_manipulated_reference,inventory_improving,stale,markout,965000000,7720000,2895000,4825000,0,0,2895000,expired_full_rebate,1,1,2,800000
0x5e820bb8cde4ae4e1971874d2ecd9212aed0b08da06eaea128fff78f3874bbfc,stale_manipulated_reference,benign,valid,fixed,122000000,366000,366000,0,0,106506,259494,not_required,0,0,0,0
0x5e820bb8cde4ae4e1971874d2ecd9212aed0b08da06eaea128fff78f3874bbfc,stale_manipulated_reference,benign,valid,volatility,122000000,537410,537410,0,0,106506,430904,not_required,0,0,0,0
0x5e820bb8cde4ae4e1971874d2ecd9212aed0b08da06eaea128fff78f3874bbfc,stale_manipulated_reference,benign,valid,markout,122000000,976000,658373,317627,292373,106506,551867,settled,0,0,2,800000
0xffd08c55547f493b1a20d62c4fdaed79afba5bf98f0d43e2030c1ddf4b3e43cd,stale_manipulated_reference,benign,manipulated,fixed,3685000000,11055000,11055000,0,0,619080,10435920,not_required,0,0,0,0
0xffd08c55547f493b1a20d62c4fdaed79afba5bf98f0d43e2030c1ddf4b3e43cd,stale_manipulated_reference,benign,manipulated,volatility,3685000000,23289200,23289200,0,0,619080,22670120,not_required,0,0,0,0
0xffd08c55547f493b1a20d62c4fdaed79afba5bf98f0d43e2030c1ddf4b3e43cd,stale_manipulated_reference,benign,manipulated,markout,3685000000,29480000,11055000,18425000,0,619080,10435920,expired_full_rebate,1,1,2,800000
0xe57c82195578f7fa49b83abee613513b65d73338a5e5937f02e94bf3ba7df5f1,stale_manipulated_reference,benign,manipulated,fixed,333000000,999000,999000,0,0,0,999000,not_required,0,0,0,0
0xe57c82195578f7fa49b83abee613513b65d73338a5e5937f02e94bf3ba7df5f1,stale_manipulated_reference,benign,manipulated,volatility,333000000,1875789,1875789,0,0,0,1875789,not_required,0,0,0,0
0xe57c82195578f7fa49b83abee613513b65d73338a5e5937f02e94bf3ba7df5f1,stale_manipulated_reference,benign,manipulated,markout,333000000,2664000,999000,1665000,0,0,999000,expired_full_rebate,1,1,2,800000
0xe317f157e9f7006c3a030a9016a66f30d1a2f5dc0658e61410493ba986514681,stale_manipulated_reference,informed,manipulated,fixed,2390000000,7170000,7170000,0,0,4519490,2650510,not_required,0,0,0,0
0xe317f157e9f7006c3a030a9016a66f30d1a2f5dc0658e61410493ba986514681,stale_manipulated_reference,informed,manipulated,volatility,2390000000,11075260,11075260,0,0,4519490,6555770,not_required,0,0,0,0
0xe317f157e9f7006c3a030a9016a66f30d1a2f5dc0658e61410493ba986514681,stale_manipulated_reference,informed,manipulated,markout,2390000000,19120000,7170000,11950000,0,4519490,2650510,expired_full_rebate,1,1,2,800000
0x0d2cac42c99bb752c13de481919c04e782d3bbc69375164397f29e998511019d,stale_manipulated_reference,informed,manipulated,fixed,1573000000,4719000,4719000,0,0,6965244,-2246244,not_required,0,0,0,0
0x0d2cac42c99bb752c13de481919c04e782d3bbc69375164397f29e998511019d,stale_manipulated_reference,informed,manipulated,volatility,1573000000,7421414,7421414,0,0,6965244,456170,not_required,0,0,0,0
0x0d2cac42c99bb752c13de481919c04e782d3bbc69375164397f29e998511019d,stale_manipulated_reference,informed,manipulated,markout,1573000000,12584000,4719000,7865000,0,6965244,-2246244,expired_full_rebate,1,1,2,800000
0xa6162b304562364d1e9d9c7e9e351e4beae79de37332d9f579319f62992e0190,stale_manipulated_reference,benign,stale,fixed,4184000000,12552000,12552000,0,0,0,12552000,not_required,0,0,0,0
0xa6162b304562364d1e9d9c7e9e351e4beae79de37332d9f579319f62992e0190,stale_manipulated_reference,benign,stale,volatility,4184000000,19643880,19643880,0,0,0,19643880,not_required,0,0,0,0
0xa6162b304562364d1e9d9c7e9e351e4beae79de37332d9f579319f62992e0190,stale_manipulated_reference,benign,stale,markout,4184000000,33472000,12552000,20920000,0,0,12552000,expired_full_rebate,1,1,2,800000
0x4246fbd51bae924c28386e06444e00de600a95c03cace2be875bcd04e77f259d,stale_manipulated_reference,informed,stale,fixed,4666000000,13998000,13998000,0,0,8613436,5384564,not_required,0,0,0,0
0x4246fbd51bae924c28386e06444e00de600a95c03cace2be875bcd04e77f259d,stale_manipulated_reference,informed,stale,volatility,4666000000,24183878,24183878,0,0,8613436,15570442,not_required,0,0,0,0
0x4246fbd51bae924c28386e06444e00de600a95c03cace2be875bcd04e77f259d,stale_manipulated_reference,informed,stale,markout,4666000000,37328000,13998000,23330000,0,8613436,5384564,expired_full_rebate,1,1,2,800000
0x13a28f575d5322793aaff9998b3d6d155a72b9fd0720064b7861469c9c5df16f,stale_manipulated_reference,benign,manipulated,fixed,4412000000,13236000,13236000,0,0,0,13236000,not_required,0,0,0,0
0x13a28f575d5322793aaff9998b3d6d155a72b9fd0720064b7861469c9c5df16f,stale_manipulated_reference,benign,manipulated,volatility,4412000000,29538340,29538340,0,0,0,29538340,not_required,0,0,0,0
0x13a28f575d5322793aaff9998b3d6d155a72b9fd0720064b7861469c9c5df16f,stale_manipulated_reference,benign,manipulated,markout,4412000000,35296000,13236000,22060000,0,0,13236000,expired_full_rebate,1,1,2,800000
0xdffb01755e4caf7295f3fed11c512e0df83ab8b431e34a7613f90c731c272818,stale_manipulated_reference,inventory_improving,manipulated,fixed,4770000000,14310000,14310000,0,0,0,14310000,not_required,0,0,0,0
0xdffb01755e4caf7295f3fed11c512e0df83ab8b431e34a7613f90c731c272818,stale_manipulated_reference,inventory_improving,manipulated,volatility,4770000000,29335500,29335500,0,0,0,29335500,not_required,0,0,0,0
0xdffb01755e4caf7295f3fed11c512e0df83ab8b431e34a7613f90c731c272818,stale_manipulated_reference,inventory_improving,manipulated,markout,4770000000,38160000,14310000,23850000,0,0,14310000,expired_full_rebate,1,1,2,800000
0x10587978e34bfac0c88970b7e3dc7356182922e14c5550a4556001e0577914c3,stale_manipulated_reference,benign,stale,fixed,253000000,759000,759000,0,0,0,759000,not_required,0,0,0,0
0x10587978e34bfac0c88970b7e3dc7356182922e14c5550a4556001e0577914c3,stale_manipulated_reference,benign,stale,volatility,253000000,1703449,1703449,0,0,0,1703449,not_required,0,0,0,0
0x10587978e34bfac0c88970b7e3dc7356182922e14c5550a4556001e0577914c3,stale_manipulated_reference,benign,stale,markout,253000000,2024000,759000,1265000,0,0,759000,expired_full_rebate,1,1,2,800000
0x725f67692439eeb6e993ac05ec1015982942f312c34684df5b35397db0e05484,stale_manipulated_reference,benign,stale,fixed,2425000000,7275000,7275000,0,0,0,7275000,not_required,0,0,0,0
0x725f67692439eeb6e993ac05ec1015982942f312c34684df5b35397db0e05484,stale_manipulated_reference,benign,stale,volatility,2425000000,12847650,12847650,0,0,0,12847650,not_required,0,0,0,0
0x725f67692439eeb6e993ac05ec1015982942f312c34684df5b35397db0e05484,stale_manipulated_reference,benign,stale,markout,2425000000,19400000,7275000,12125000,0,0,7275000,expired_full_rebate,1,1,2,800000
0x11e2591b8cae9190dc1836ef82794af6595cfbdc160ea9d939264b3398882350,stale_manipulated_reference,benign,stale,fixed,4264000000,12792000,12792000,0,0,0,12792000,not_required,0,0,0,0
0x11e2591b8cae9190dc1836ef82794af6595cfbdc160ea9d939264b3398882350,stale_manipulated_reference,benign,stale,volatility,4264000000,26257712,26257712,0,0,0,26257712,not_required,0,0,0,0
0x11e2591b8cae9190dc1836ef82794af6595cfbdc160ea9d939264b3398882350,stale_manipulated_reference,benign,stale,markout,4264000000,34112000,12792000,21320000,0,0,12792000,expired_full_rebate,1,1,2,800000
0x1c52bdb28f2991c0d90fcbc512f7b14ff1c048be9fb1a570f47ae6149c2a2da3,stale_manipulated_reference,benign,manipulated,fixed,3143000000,9429000,9429000,0,0,179151,9249849,not_required,0,0,0,0
0x1c52bdb28f2991c0d90fcbc512f7b14ff1c048be9fb1a570f47ae6149c2a2da3,stale_manipulated_reference,benign,manipulated,volatility,3143000000,19728611,19728611,0,0,179151,19549460,not_required,0,0,0,0
0x1c52bdb28f2991c0d90fcbc512f7b14ff1c048be9fb1a570f47ae6149c2a2da3,stale_manipulated_reference,benign,manipulated,markout,3143000000,25144000,9429000,15715000,0,179151,9249849,expired_full_rebate,1,1,2,800000
0xebbb9487314e8ac1277063bb2db2144589b84ea17a6ab154f8197e87548e2e03,stale_manipulated_reference,benign,manipulated,fixed,2582000000,7746000,7746000,0,0,0,7746000,not_required,0,0,0,0
0xebbb9487314e8ac1277063bb2db2144589b84ea17a6ab154f8197e87548e2e03,stale_manipulated_reference,benign,manipulated,volatility,2582000000,13423818,13423818,0,0,0,13423818,not_required,0,0,0,0
0xebbb9487314e8ac1277063bb2db2144589b84ea17a6ab154f8197e87548e2e03,stale_manipulated_reference,benign,manipulated,markout,2582000000,20656000,7746000,12910000,0,0,7746000,expired_full_rebate,1,1,2,800000
0xc6f1883638f92367c9ef3251752657b7d453ee67c9717504022b1e19e11799bd,stale_manipulated_reference,benign,valid,fixed,605000000,1815000,1815000,0,0,61710,1753290,not_required,0,0,0,0
0xc6f1883638f92367c9ef3251752657b7d453ee67c9717504022b1e19e11799bd,stale_manipulated_reference,benign,valid,volatility,605000000,2662000,2662000,0,0,61710,2600290,not_required,0,0,0,0
0xc6f1883638f92367c9ef3251752657b7d453ee67c9717504022b1e19e11799bd,stale_manipulated_reference,benign,valid,markout,605000000,4840000,2518615,2321385,703615,61710,2456905,settled,0,0,2,800000
0x69ae455fb4173bc537aae7793fa3f2d5f5fd262a17a78e02cc4b85ad3174b85e,stale_manipulated_reference,inventory_improving,valid,fixed,3221000000,9663000,9663000,0,0,0,9663000,not_required,0,0,0,0
0x69ae455fb4173bc537aae7793fa3f2d5f5fd262a17a78e02cc4b85ad3174b85e,stale_manipulated_reference,inventory_improving,valid,volatility,3221000000,17332201,17332201,0,0,0,17332201,not_required,0,0,0,0
0x69ae455fb4173bc537aae7793fa3f2d5f5fd262a17a78e02cc4b85ad3174b85e,stale_manipulated_reference,inventory_improving,valid,markout,3221000000,25768000,9663000,16105000,0,0,9663000,settled,0,0,2,800000
0x9dad86802523c8ee65b2ca5affeb7f63b4144e08488bc0a39d52858844d028e7,stale_manipulated_reference,inventory_improving,valid,fixed,2149000000,6447000,6447000,0,0,0,6447000,not_required,0,0,0,0
0x9dad86802523c8ee65b2ca5affeb7f63b4144e08488bc0a39d52858844d028e7,stale_manipulated_reference,inventory_improving,valid,volatility,2149000000,11005029,11005029,0,0,0,11005029,not_required,0,0,0,0
0x9dad86802523c8ee65b2ca5affeb7f63b4144e08488bc0a39d52858844d028e7,stale_manipulated_reference,inventory_improving,valid,markout,2149000000,17192000,6447000,10745000,0,0,6447000,settled,0,0,2,800000
0xb61e0f65b06227496b035d5332e5745ea0be67927e04ce5396066d54eaccc092,stale_manipulated_reference,inventory_improving,stale,fixed,3240000000,9720000,9720000,0,0,0,9720000,not_required,0,0,0,0
0xb61e0f65b06227496b035d5332e5745ea0be67927e04ce5396066d54eaccc092,stale_manipulated_reference,inventory_improving,stale,volatility,3240000000,21118320,21118320,0,0,0,21118320,not_required,0,0,0,0
0xb61e0f65b06227496b035d5332e5745ea0be67927e04ce5396066d54eaccc092,stale_manipulated_reference,inventory_improving,stale,markout,3240000000,25920000,9720000,16200000,0,0,9720000,expired_full_rebate,1,1,2,800000
0xc60c623ebb537af5b061863d759de46fb066d83c1cf6ae428a522367181032b1,stale_manipulated_reference,inventory_improving,valid,fixed,4612000000,13836000,13836000,0,0,0,13836000,not_required,0,0,0,0
0xc60c623ebb537af5b061863d759de46fb066d83c1cf6ae428a522367181032b1,stale_manipulated_reference,inventory_improving,valid,volatility,4612000000,19204368,19204368,0,0,0,19204368,not_required,0,0,0,0
0xc60c623ebb537af5b061863d759de46fb066d83c1cf6ae428a522367181032b1,stale_manipulated_reference,inventory_improving,valid,markout,4612000000,36896000,13836000,23060000,0,0,13836000,settled,0,0,2,800000
0x541000882c07cfbc88fdc0e1a5414e46a67a625e1b7d199d7acefa6d8258057a,stale_manipulated_reference,informed,manipulated,fixed,977000000,2931000,2931000,0,0,3663750,-732750,not_required,0,0,0,0
0x541000882c07cfbc88fdc0e1a5414e46a67a625e1b7d199d7acefa6d8258057a,stale_manipulated_reference,informed,manipulated,volatility,977000000,4324202,4324202,0,0,3663750,660452,not_required,0,0,0,0
0x541000882c07cfbc88fdc0e1a5414e46a67a625e1b7d199d7acefa6d8258057a,stale_manipulated_reference,informed,manipulated,markout,977000000,7816000,2931000,4885000,0,3663750,-732750,expired_full_rebate,1,1,2,800000
0x4ebcabd5c98c385dc6fc21b1b54395b753f3dc7f1abd4c899836165dd9da31f7,stale_manipulated_reference,benign,valid,fixed,806000000,2418000,2418000,0,0,63674,2354326,not_required,0,0,0,0
0x4ebcabd5c98c385dc6fc21b1b54395b753f3dc7f1abd4c899836165dd9da31f7,stale_manipulated_reference,benign,valid,volatility,806000000,4011462,4011462,0,0,63674,3947788,not_required,0,0,0,0
0x4ebcabd5c98c385dc6fc21b1b54395b753f3dc7f1abd4c899836165dd9da31f7,stale_manipulated_reference,benign,valid,markout,806000000,6448000,3325556,3122444,907556,63674,3261882,settled,0,0,2,800000
0x7c82912e523b26d388884982e4e49a1e58a4cf1e548f0c86d52f35ff85706b94,stale_manipulated_reference,inventory_improving,manipulated,fixed,2696000000,8088000,8088000,0,0,0,8088000,not_required,0,0,0,0
0x7c82912e523b26d388884982e4e49a1e58a4cf1e548f0c86d52f35ff85706b94,stale_manipulated_reference,inventory_improving,manipulated,volatility,2696000000,14879224,14879224,0,0,0,14879224,not_required,0,0,0,0
0x7c82912e523b26d388884982e4e49a1e58a4cf1e548f0c86d52f35ff85706b94,stale_manipulated_reference,inventory_improving,manipulated,markout,2696000000,21568000,8088000,13480000,0,0,8088000,expired_full_rebate,1,1,2,800000
0xcf6847db3295f6c15934cce5d99f5a752ef137d206a7a8b88877468a4a4c48fa,stale_manipulated_reference,benign,manipulated,fixed,4767000000,14301000,14301000,0,0,0,14301000,not_required,0,0,0,0
0xcf6847db3295f6c15934cce5d99f5a752ef137d206a7a8b88877468a4a4c48fa,stale_manipulated_reference,benign,manipulated,volatility,4767000000,26771472,26771472,0,0,0,26771472,not_required,0,0,0,0
0xcf6847db3295f6c15934cce5d99f5a752ef137d206a7a8b88877468a4a4c48fa,stale_manipulated_reference,benign,manipulated,markout,4767000000,38136000,14301000,23835000,0,0,14301000,expired_full_rebate,1,1,2,800000
0x5df2a991a730e8d5e6d122329a3c1eb255169482948be2b96971610159a8a080,stale_manipulated_reference,benign,valid,fixed,2920000000,8760000,8760000,0,0,0,8760000,not_required,0,0,0,0
0x5df2a991a730e8d5e6d122329a3c1eb255169482948be2b96971610159a8a080,stale_manipulated_reference,benign,valid,volatility,2920000000,13417400,13417400,0,0,0,13417400,not_required,0,0,0,0
0x5df2a991a730e8d5e6d122329a3c1eb255169482948be2b96971610159a8a080,stale_manipulated_reference,benign,valid,markout,2920000000,23360000,8760000,14600000,0,0,8760000,settled,0,0,2,800000
0x704601fecb274b7573cb2b47e5039b688f9bc23756f4c418f018d998aa2b217b,stale_manipulated_reference,benign,valid,fixed,4376000000,13128000,13128000,0,0,3802744,9325256,not_required,0,0,0,0
0x704601fecb274b7573cb2b47e5039b688f9bc23756f4c418f018d998aa2b217b,stale_manipulated_reference,benign,valid,volatility,4376000000,18457968,18457968,0,0,3802744,14655224,not_required,0,0,0,0
0x704601fecb274b7573cb2b47e5039b688f9bc23756f4c418f018d998aa2b217b,stale_manipulated_reference,benign,valid,markout,4376000000,35008000,23586640,11421360,10458640,3802744,19783896,settled,0,0,2,800000
0x0c2b419608b789559fcc0aaa8b14fd9c722b1804548c32e3cb039d5ffedaed5f,stale_manipulated_reference,benign,valid,fixed,4613000000,13839000,13839000,0,0,0,13839000,not_required,0,0,0,0
0x0c2b419608b789559fcc0aaa8b14fd9c722b1804548c32e3cb039d5ffedaed5f,stale_manipulated_reference,benign,valid,volatility,4613000000,28522179,28522179,0,0,0,28522179,not_required,0,0,0,0
0x0c2b419608b789559fcc0aaa8b14fd9c722b1804548c32e3cb039d5ffedaed5f,stale_manipulated_reference,benign,valid,markout,4613000000,36904000,13839000,23065000,0,0,13839000,settled,0,0,2,800000
0x6025199d92b2c1297796b43b0d61949a8f0be92ad155dd9b1bbb7fb13b7532e2,stale_manipulated_reference,inventory_improving,valid,fixed,3734000000,11202000,11202000,0,0,0,11202000,not_required,0,0,0,0
0x6025199d92b2c1297796b43b0d61949a8f0be92ad155dd9b1bbb7fb13b7532e2,stale_manipulated_reference,inventory_improving,valid,volatility,3734000000,19782732,19782732,0,0,0,19782732,not_required,0,0,0,0
0x6025199d92b2c1297796b43b0d61949a8f0be92ad155dd9b1bbb7fb13b7532e2,stale_manipulated_reference,inventory_improving,valid,markout,3734000000,29872000,11202000,18670000,0,0,11202000,settled,0,0,2,800000
0xaac68ec8d7575b8174d2cdf6bfc259d51ce183162a2af6067c51c696a19c8c69,stale_manipulated_reference,benign,stale,fixed,575000000,1725000,1725000,0,0,0,1725000,not_required,0,0,0,0
0xaac68ec8d7575b8174d2cdf6bfc259d51ce183162a2af6067c51c696a19c8c69,stale_manipulated_reference,benign,stale,volatility,575000000,2895700,2895700,0,0,0,2895700,not_required,0,0,0,0
0xaac68ec8d7575b8174d2cdf6bfc259d51ce183162a2af6067c51c696a19c8c69,stale_manipulated_reference,benign,stale,markout,575000000,4600000,1725000,2875000,0,0,1725000,expired_full_rebate,1,1,2,800000
0xab1ade9f9aa49c1bc0ba4dcf224bc8232e225f6a396440dcf7652916bfabb6e7,stale_manipulated_reference,benign,valid,fixed,2082000000,6246000,6246000,0,0,0,6246000,not_required,0,0,0,0
0xab1ade9f9aa49c1bc0ba4dcf224bc8232e225f6a396440dcf7652916bfabb6e7,stale_manipulated_reference,benign,valid,volatility,2082000000,11852826,11852826,0,0,0,11852826,not_required,0,0,0,0
0xab1ade9f9aa49c1bc0ba4dcf224bc8232e225f6a396440dcf7652916bfabb6e7,stale_manipulated_reference,benign,valid,markout,2082000000,16656000,6246000,10410000,0,0,6246000,settled,0,0,2,800000
0x3f0a4ea9137dd566282c6b476b7991ac416ebf1ba212bf7bf78a00cd1a5aa2a2,stale_manipulated_reference,benign,valid,fixed,1085000000,3255000,3255000,0,0,158410,3096590,not_required,0,0,0,0
0x3f0a4ea9137dd566282c6b476b7991ac416ebf1ba212bf7bf78a00cd1a5aa2a2,stale_manipulated_reference,benign,valid,volatility,1085000000,6141100,6141100,0,0,158410,5982690,not_required,0,0,0,0
0x3f0a4ea9137dd566282c6b476b7991ac416ebf1ba212bf7bf78a00cd1a5aa2a2,stale_manipulated_reference,benign,valid,markout,1085000000,8680000,4593347,4086653,1338347,158410,4434937,settled,0,0,2,800000
0x1a66b197d0d91dbdd341e6b4e25c2f7f1f52a43cda6903a2ba14890e1f555a28,stale_manipulated_reference,inventory_improving,valid,fixed,3459000000,10377000,10377000,0,0,0,10377000,not_required,0,0,0,0
0x1a66b197d0d91dbdd341e6b4e25c2f7f1f52a43cda6903a2ba14890e1f555a28,stale_manipulated_reference,inventory_improving,valid,volatility,3459000000,22794810,22794810,0,0,0,22794810,not_required,0,0,0,0
0x1a66b197d0d91dbdd341e6b4e25c2f7f1f52a43cda6903a2ba14890e1f555a28,stale_manipulated_reference,inventory_improving,valid,markout,3459000000,27672000,10377000,17295000,0,0,10377000,settled,0,0,2,800000
0x4ba3b032d6006e80384cccc51f15f36f9f06322a72dbcd055b0696c13b2caecd,stale_manipulated_reference,informed,stale,fixed,3615000000,10845000,10845000,0,0,19868040,-9023040,not_required,0,0,0,0
0x4ba3b032d6006e80384cccc51f15f36f9f06322a72dbcd055b0696c13b2caecd,stale_manipulated_reference,informed,stale,volatility,3615000000,15215535,15215535,0,0,19868040,-4652505,not_required,0,0,0,0
0x4ba3b032d6006e80384cccc51f15f36f9f06322a72dbcd055b0696c13b2caecd,stale_manipulated_reference,informed,stale,markout,3615000000,28920000,10845000,18075000,0,19868040,-9023040,expired_full_rebate,1,1,2,800000
0xbbd1364d5086f55977ef495c63af563a49a7cacb594d34d5c1c056fc289f93c9,stale_manipulated_reference,inventory_improving,valid,fixed,4487000000,13461000,13461000,0,0,0,13461000,not_required,0,0,0,0
0xbbd1364d5086f55977ef495c63af563a49a7cacb594d34d5c1c056fc289f93c9,stale_manipulated_reference,inventory_improving,valid,volatility,4487000000,23134972,23134972,0,0,0,23134972,not_required,0,0,0,0
0xbbd1364d5086f55977ef495c63af563a49a7cacb594d34d5c1c056fc289f93c9,stale_manipulated_reference,inventory_improving,valid,markout,4487000000,35896000,13461000,22435000,0,0,13461000,settled,0,0,2,800000
0x3d10a81a6de1643b44f02a662f4d258cda533ecffac6044ce895776e414187ee,stale_manipulated_reference,informed,valid,fixed,2851000000,8553000,8553000,0,0,12644185,-4091185,not_required,0,0,0,0
0x3d10a81a6de1643b44f02a662f4d258cda533ecffac6044ce895776e414187ee,stale_manipulated_reference,informed,valid,volatility,2851000000,18885024,18885024,0,0,12644185,6240839,not_required,0,0,0,0
0x3d10a81a6de1643b44f02a662f4d258cda533ecffac6044ce895776e414187ee,stale_manipulated_reference,informed,valid,markout,2851000000,22808000,22808000,0,14255000,12644185,10163815,settled,0,0,2,800000
0x3821fca225faaccb908c14be3b2aa356786e6a55b4555cb6977a9d27504cbc76,stale_manipulated_reference,benign,manipulated,fixed,2174000000,6522000,6522000,0,0,1319618,5202382,not_required,0,0,0,0
0x3821fca225faaccb908c14be3b2aa356786e6a55b4555cb6977a9d27504cbc76,stale_manipulated_reference,benign,manipulated,volatility,2174000000,14435360,14435360,0,0,1319618,13115742,not_required,0,0,0,0
0x3821fca225faaccb908c14be3b2aa356786e6a55b4555cb6977a9d27504cbc76,stale_manipulated_reference,benign,manipulated,markout,2174000000,17392000,6522000,10870000,0,1319618,5202382,expired_full_rebate,1,1,2,800000
0x0bd80005d23137f70b54c026d68f3a8ed60476121d8fa67011240d1fa6cc57dd,stale_manipulated_reference,informed,valid,fixed,2645000000,7935000,7935000,0,0,4681650,3253350,not_required,0,0,0,0
0x0bd80005d23137f70b54c026d68f3a8ed60476121d8fa67011240d1fa6cc57dd,stale_manipulated_reference,informed,valid,volatility,2645000000,12479110,12479110,0,0,4681650,7797460,not_required,0,0,0,0
0x0bd80005d23137f70b54c026d68f3a8ed60476121d8fa67011240d1fa6cc57dd,stale_manipulated_reference,informed,valid,markout,2645000000,21160000,18070640,3089360,10135640,4681650,13388990,settled,0,0,2,800000
0xab11d0b167bce59065aed3b36e2b15a4e90198bb792c08289a53f9b57042bbb3,stale_manipulated_reference,inventory_improving,valid,fixed,4099000000,12297000,12297000,0,0,0,12297000,not_required,0,0,0,0
0xab11d0b167bce59065aed3b36e2b15a4e90198bb792c08289a53f9b57042bbb3,stale_manipulated_reference,inventory_improving,valid,volatility,4099000000,23905368,23905368,0,0,0,23905368,not_required,0,0,0,0
0xab11d0b167bce59065aed3b36e2b15a4e90198bb792c08289a53f9b57042bbb3,stale_manipulated_reference,inventory_improving,valid,markout,4099000000,32792000,12297000,20495000,0,0,12297000,settled,0,0,2,800000
0x48e1741e74391a80d2c8ade39d1c5ca810c631bd5b3277f4f5cf465bb193986a,stale_manipulated_reference,informed,valid,fixed,4098000000,12294000,12294000,0,0,19539264,-7245264,not_required,0,0,0,0
0x48e1741e74391a80d2c8ade39d1c5ca810c631bd5b3277f4f5cf465bb193986a,stale_manipulated_reference,informed,valid,volatility,4098000000,19342560,19342560,0,0,19539264,-196704,not_required,0,0,0,0
0x48e1741e74391a80d2c8ade39d1c5ca810c631bd5b3277f4f5cf465bb193986a,stale_manipulated_reference,informed,valid,markout,4098000000,32784000,32784000,0,20490000,19539264,13244736,settled,0,0,2,800000
0x402c5510fdd8aefcb5fbc143e83d2b665664ee5af4133db6408e8e7a5067d673,stale_manipulated_reference,benign,stale,fixed,4218000000,12654000,12654000,0,0,0,12654000,not_required,0,0,0,0
0x402c5510fdd8aefcb5fbc143e83d2b665664ee5af4133db6408e8e7a5067d673,stale_manipulated_reference,benign,stale,volatility,4218000000,21988434,21988434,0,0,0,21988434,not_required,0,0,0,0
0x402c5510fdd8aefcb5fbc143e83d2b665664ee5af4133db6408e8e7a5067d673,stale_manipulated_reference,benign,stale,markout,4218000000,33744000,12654000,21090000,0,0,12654000,expired_full_rebate,1,1,2,800000
0xed2c6e791dee1c792cd63abbf1123ad46cadc618485028614e12cc990876cb17,stale_manipulated_reference,informed,valid,fixed,4781000000,14343000,14343000,0,0,25363205,-11020205,not_required,0,0,0,0
0xed2c6e791dee1c792cd63abbf1123ad46cadc618485028614e12cc990876cb17,stale_manipulated_reference,informed,valid,volatility,4781000000,24971163,24971163,0,0,25363205,-392042,not_required,0,0,0,0
0xed2c6e791dee1c792cd63abbf1123ad46cadc618485028614e12cc990876cb17,stale_manipulated_reference,informed,valid,markout,4781000000,38248000,38248000,0,23905000,25363205,12884795,settled,0,0,2,800000
0x03a8cd0652c7353c10c5602d2fd99300f91652588485bf809591edb6342c3493,stale_manipulated_reference,inventory_improving,stale,fixed,4844000000,14532000,14532000,0,0,0,14532000,not_required,0,0,0,0
0x03a8cd0652c7353c10c5602d2fd99300f91652588485bf809591edb6342c3493,stale_manipulated_reference,inventory_improving,stale,volatility,4844000000,20630596,20630596,0,0,0,20630596,not_required,0,0,0,0
0x03a8cd0652c7353c10c5602d2fd99300f91652588485bf809591edb6342c3493,stale_manipulated_reference,inventory_improving,stale,markout,4844000000,38752000,14532000,24220000,0,0,14532000,expired_full_rebate,1,1,2,800000
0xa1c65b1f514adf862f2c99095c07f7524353a3f62e5b2a0c651eb44417ae2ff8,stale_manipulated_reference,informed,valid,fixed,1907000000,5721000,5721000,0,0,5051643,669357,not_required,0,0,0,0
0xa1c65b1f514adf862f2c99095c07f7524353a3f62e5b2a0c651eb44417ae2ff8,stale_manipulated_reference,informed,valid,volatility,1907000000,9611280,9611280,0,0,5051643,4559637,not_required,0,0,0,0
0xa1c65b1f514adf862f2c99095c07f7524353a3f62e5b2a0c651eb44417ae2ff8,stale_manipulated_reference,informed,valid,markout,1907000000,15256000,15256000,0,9535000,5051643,10204357,settled,0,0,2,800000
0xbf9b1a7be50e9d7dd9b68175ec5156a5a36f2ae5d7f0ca9e4a1e17dfd24e9691,stale_manipulated_reference,inventory_improving,valid,fixed,2032000000,6096000,6096000,0,0,0,6096000,not_required,0,0,0,0
0xbf9b1a7be50e9d7dd9b68175ec5156a5a36f2ae5d7f0ca9e4a1e17dfd24e9691,stale_manipulated_reference,inventory_improving,valid,volatility,2032000000,8611616,8611616,0,0,0,8611616,not_required,0,0,0,0
0xbf9b1a7be50e9d7dd9b68175ec5156a5a36f2ae5d7f0ca9e4a1e17dfd24e9691,stale_manipulated_reference,inventory_improving,valid,markout,2032000000,16256000,6096000,10160000,0,0,6096000,settled,0,0,2,800000
