trade_id,seed,scenario_id,scenario_label,trade_index,flow_class,direction,notional_quote_micro,execution_price_x18,candidate_reference_price_x18,markout_centibps,volatility_centibps,reference_status
0x2af9bc2e2670259096a48e6bdd1081af46af40f0c3770c904a009f2c7652430e,20260825,benign_random_flow,Benign random flow,0,benign,sell_base,200000000,2077000000000000000000,2077259625000000000000,-125,1232,valid
0xbe4e469ced1937582cb7ef0fb83913efaf7ab1817e9f3a963bffed231af8a54b,20260825,benign_random_flow,Benign random flow,1,benign,buy_base,352000000,1917000000000000000000,1918514430000000000000,790,883,valid
0x71917417ee6304b79edd2a48b2a73d9d77172aa1140672971d9ddd32909a2efe,20260825,benign_random_flow,Benign random flow,2,benign,sell_base,3704000000,1982000000000000000000,1982220002000000000000,-111,1413,valid
0x37c807e62063c3b67f7dd1b615c510c4f3bad28d1e65c3dee1740965b34949c2,20260825,benign_random_flow,Benign random flow,3,benign,sell_base,2712000000,2085000000000000000000,2085214755000000000000,-103,774,valid
0xdd729833a7b302bcfc198d0108ae15759a18d4474ec5de4ef65b73cc81129c29,20260825,benign_random_flow,Benign random flow,4,benign,buy_base,1270000000,1841000000000000000000,1842183763000000000000,643,1241,valid
0xa07a77f0377dcc364f8035386c626c969e51ea45f173ecc1ed32e575b07fc58d,20260825,benign_random_flow,Benign random flow,5,benign,sell_base,156000000,1920000000000000000000,1919579520000000000000,219,609,valid
0xbd434995de518cc2f58bcce68e7d233b4e984e4d1c05441f38e1b656f1edbd09,20260825,benign_random_flow,Benign random flow,6,benign,buy_base,182000000,1846000000000000000000,1847388192000000000000,752,1007,valid
0x6b19d96d2e4b741b4295410a1ac1c4658877fc55d599c30a6b0cd5ff57d75c8e,20260825,benign_random_flow,Benign random flow,7,benign,buy_base,4119000000,1973000000000000000000,1971551818000000000000,-734,1445,valid
0xae1d18847d2fba079e8748dc3ae9fdd1348e0ca9a1dd64f6eea25e2baf9ec7b8,20260825,benign_random_flow,Benign random flow,8,benign,buy_base,3415000000,1923000000000000000000,1923290373000000000000,151,1089,valid
0x7297d5cac41ca8cefcb56de3df82a45af5ee7562e5edf6f18734b09cbac5c2fa,20260825,benign_random_flow,Benign random flow,9,benign,buy_base,276000000,1886000000000000000000,1886160310000000000000,85,1276,valid
0x09c9b82d3e7730c8aa91551f86248f59f08c43945d331cf359696abd940d8fbf,20260825,benign_random_flow,Benign random flow,10,benign,buy_base,785000000,2158000000000000000000,2159417806000000000000,657,807,valid
0x26f8da527d49be08cbc2398a73458bd3825ebb382049f4b264a06e62e559395f,20260825,benign_random_flow,Benign random flow,11,benign,sell_base,2961000000,1925000000000000000000,1925067375000000000000,-35,900,valid
0xeb3ee9d71b91ed9e800427074391647e48578dfb05d44799f6ec2344a6287d11,20260825,benign_random_flow,Benign random flow,12,benign,sell_base,2755000000,1847000000000000000000,1847829303000000000000,-449,993,valid
0x3ac82ba1636b81c3caccc97d659b2a902bd21486dad1568224f46ca0cf575ffb,20260825,benign_random_flow,Benign random flow,13,benign,buy_base,2849000000,1923000000000000000000,1922667321000000000000,-173,515,valid
0x118865e05ea194a005dd9658d814edd13464e11aec16d837e340119e744d6d38,20260825,benign_random_flow,Benign random flow,14,benign,buy_base,3815000000,1960000000000000000000,1960840840000000000000,429,840,valid
0x7c07fafbf30cc3b3ee45f0317808bdf51551d3710a89857164a5de130a2892fe,20260825,benign_random_flow,Benign random flow,15,benign,sell_base,3506000000,2032000000000000000000,2031286768000000000000,351,1191,valid
0x51c0874792ae57f60114b7045d0b7e367e24f7c1e3c852c1de13659908c5aa21,20260825,benign_random_flow,Benign random flow,16,benign,sell_base,3059000000,1871000000000000000000,1871465879000000000000,-249,645,valid
0x8dba4156c0f088a2e7c36736150c0629148f64d72eb7e74a8a6d2de039391a43,20260825,benign_random_flow,Benign random flow,17,benign,sell_base,600000000,2160000000000000000000,2159518320000000000000,223,772,valid
0x0e75d06a3f6913346ef91556372221c9db3258ace72c685604625202428d26ef,20260825,benign_random_flow,Benign random flow,18,benign,sell_base,4563000000,2002000000000000000000,2003279278000000000000,-639,1184,valid
0x924b2e4273def7f17a814c9c49fe72a31ef26586c4c1239c0a56ed3fbebece01,20260825,benign_random_flow,Benign random flow,19,benign,sell_base,1349000000,2008000000000000000000,2007526112000000000000,236,1019,valid
0x2669c0cb66dd80ed0235008f1aa472d7fa77469ddbb7a9632bc90e6d6f9dbae5,20260825,benign_random_flow,Benign random flow,20,benign,buy_base,3012000000,2132000000000000000000,2132938080000000000000,440,1296,valid
0x0d3b4e7ec18998201d0eee45b54d4a6a0443aaa248b517f377be0bdbca56d5a3,20260825,benign_random_flow,Benign random flow,21,benign,buy_base,3710000000,1874000000000000000000,1875096290000000000000,585,1244,valid
0x1c2fb5085e30c31bc7bde25134f4e7ce454fc56816b74b188176856162508cdd,20260825,benign_random_flow,Benign random flow,22,benign,buy_base,462000000,2178000000000000000000,2178448668000000000000,206,878,valid
0xbcb4ec98269628dc7956fafbbd855be12071dfa5d4a8aaa2976adf9dd5955996,20260825,benign_random_flow,Benign random flow,23,benign,sell_base,1562000000,2086000000000000000000,2087272460000000000000,-610,918,valid
0xbf7d20b241c3cfc7fda58fe5fae94d54ee10e10ed035822d427643f80a77cbf7,20260825,benign_random_flow,Benign random flow,24,benign,buy_base,4135000000,2121000000000000000000,2120382789000000000000,-291,504,valid
0xc48b1bd9f9e419e0f814208b52a6bec3f40496bd555486411845c0e2d9b32d85,20260825,benign_random_flow,Benign random flow,25,benign,sell_base,1558000000,2066000000000000000000,2065735552000000000000,128,692,valid
0x57fccf43a9718446fee37b659257e420f872e68afc3b76f06add54f1d6e69936,20260825,benign_random_flow,Benign random flow,26,benign,buy_base,3726000000,2053000000000000000000,2052429266000000000000,-278,559,valid
0x1a4bd72b035fbbc2cc1c99b241437fb1014ae8c0434321b803d02f60c5b47d07,20260825,benign_random_flow,Benign random flow,27,benign,buy_base,4577000000,2017000000000000000000,2016096384000000000000,-448,959,valid
0xcc30ae86cc04e3414d627b45c707c2030a3034d37fc72a02f870a4010b158782,20260825,benign_random_flow,Benign random flow,28,benign,sell_base,699000000,1970000000000000000000,1970133960000000000000,-68,1143,valid
0x62b5a45ac16097ac776bcfc9ac51f47740cbd6bdcbb6f49e090c58ab489fad33,20260825,benign_random_flow,Benign random flow,29,benign,sell_base,4126000000,1939000000000000000000,1939806624000000000000,-416,1240,valid
0x95a7306b05dd830943083a2fc9efd75fd746a7caa63a72bf9932e798066925fa,20260825,benign_random_flow,Benign random flow,30,benign,buy_base,596000000,1986000000000000000000,1985471724000000000000,-266,897,valid
0x7b0835601789e033001121ea34aa039d0c03cbcc92be073366f3e668b4ef6420,20260825,benign_random_flow,Benign random flow,31,benign,buy_base,3994000000,2030000000000000000000,2031307320000000000000,644,1125,valid
0xa98982549b5ae7540478a8ed400e30c8cb86c00026e0379201659d1404460239,20260825,benign_random_flow,Benign random flow,32,benign,sell_base,4490000000,1998000000000000000000,1998309690000000000000,-155,751,valid
0xa28eeafa17782aa365b33233aa6a60a21366f1019da48b81cccd9a3059b697e3,20260825,benign_random_flow,Benign random flow,33,benign,buy_base,1034000000,2098000000000000000000,2098522402000000000000,249,848,valid
0x56f5d70fb915b3ea405b1215ea4f7fa6c5fd25a89e6d71f8a9f6f58c4ea7bdc1,20260825,benign_random_flow,Benign random flow,34,benign,sell_base,3674000000,1915000000000000000000,1914352730000000000000,338,1440,valid
0xa62dbd961df58fd8023669904df4ea09acab37dd9d9e13af14c4109690175536,20260825,benign_random_flow,Benign random flow,35,benign,buy_base,4870000000,1833000000000000000000,1833896337000000000000,489,669,valid
0xd6ee6aa35827464f28f63ce05d5bb72c26dbc75d3df4d9d129ed8d19f0b8a749,20260825,benign_random_flow,Benign random flow,36,benign,buy_base,4996000000,1812000000000000000000,1811570556000000000000,-237,925,valid
0x636b25174f1906132a0b24e6209c1e4e24ca304f0959ed95231ec6c2630d65b1,20260825,benign_random_flow,Benign random flow,37,benign,buy_base,2445000000,2154000000000000000000,2153549814000000000000,-209,884,valid
0x726e7db67e48fad36dd3c0727f14311fc9a749602990398ce26cd2c01d6ec37e,20260825,benign_random_flow,Benign random flow,38,benign,sell_base,2813000000,1890000000000000000000,1890553770000000000000,-293,1313,valid
0x272fe7f605057dbf07a05c95b808d82c8bbed5f4452c794fedf02dda89605b5b,20260825,benign_random_flow,Benign random flow,39,benign,sell_base,4850000000,1837000000000000000000,1835719611000000000000,697,535,valid
0xa419ae75e9e986d918f42c63ee2b2b6e9a348cf5fe8433a5ae23bc362d9f5205,20260825,benign_random_flow,Benign random flow,40,benign,buy_base,1754000000,2039000000000000000000,2038545303000000000000,-223,654,valid
0x01fe18f987051150fd762c1b0371feafaa5f6825bac0aaa08bffab69dde839df,20260825,benign_random_flow,Benign random flow,41,benign,sell_base,264000000,1811000000000000000000,1811523379000000000000,-289,1267,valid
0x7672bc13871cab014a828fb54a51d23a14cc6a58ba3c9a0751fc7e3979c04045,20260825,benign_random_flow,Benign random flow,42,benign,buy_base,2113000000,2071000000000000000000,2071190532000000000000,92,1261,valid
0x2ee8c206e7fe5afa0c542a0359d8e776c4c584802e259485e086ae422970551c,20260825,benign_random_flow,Benign random flow,43,benign,buy_base,1458000000,1987000000000000000000,1986771495000000000000,-115,1181,valid
0x9bf6ac7ab06370ed0f9b4d826cb20e0c816c73561ecc1ed4e4e9d718f9f31b0f,20260825,benign_random_flow,Benign random flow,44,benign,sell_base,3012000000,1846000000000000000000,1846701480000000000000,-380,1444,valid
0x52daab980757789a2f03b0ecfdf2c7c90d2bdd4532d07cb99f800b262d7933b6,20260825,benign_random_flow,Benign random flow,45,benign,sell_base,2279000000,1809000000000000000000,1808189568000000000000,448,1143,valid
0x7c0c1201319b0b38528c15baf7b6b48ec3af32d7525cc09d39b27b2e78da259b,20260825,benign_random_flow,Benign random flow,46,benign,sell_base,2311000000,1811000000000000000000,1810454889000000000000,301,599,valid
0x0f2e39fc762cfc7af8c4b1cb072e6c19eaf76d36738b793a857f5edbd94e51c2,20260825,benign_random_flow,Benign random flow,47,benign,buy_base,4306000000,1946000000000000000000,1947539286000000000000,791,1342,valid
0xc8f0eaa0213eaea83589e20336eca5aeea9ba7db56f17de42ccfdb37b0d29f63,20260825,benign_random_flow,Benign random flow,48,benign,sell_base,2108000000,2194000000000000000000,2192407156000000000000,726,1053,valid
0x93ae6cb4263b91a4a10af48131a27e019daff1761bd18cb6749eed5e3cd2a886,20260825,benign_random_flow,Benign random flow,49,benign,sell_base,4741000000,1978000000000000000000,1978698234000000000000,-353,565,valid
0x3d231cd3d882d1b70b1a7c89991c7e9def7b91f9f18c2d915458408050583340,20260825,benign_random_flow,Benign random flow,50,benign,buy_base,970000000,2194000000000000000000,2193809122000000000000,-87,1163,valid
0xab8670840911c7b66aa76371a809a50b79feca62342cfc344845142a67f7631f,20260825,benign_random_flow,Benign random flow,51,benign,buy_base,3963000000,2131000000000000000000,2129570099000000000000,-671,754,valid
0xe22ce5a92a2286cb2a6f378e1b0ee131d71b11251b4a87d79c61a36859340d6c,20260825,benign_random_flow,Benign random flow,52,benign,buy_base,4793000000,2123000000000000000000,2123407616000000000000,192,763,valid
0x60a767fedbb9deb32c6f1b0130c6e880382419f5c88c4163fc3b9c1567818385,20260825,benign_random_flow,Benign random flow,53,benign,sell_base,1334000000,2034000000000000000000,2033410140000000000000,290,1352,valid
0x72ca5d8a18b4109236222456092ecfaa899d47aae0b63a7b5dac896da40f22df,20260825,benign_random_flow,Benign random flow,54,benign,sell_base,2363000000,2107000000000000000000,2108070356000000000000,-508,1027,valid
0xe1269f91117a92eb11db2f1ae83a210fb8a271e2fd6febe0ce9aee9a171a85ea,20260825,benign_random_flow,Benign random flow,55,benign,buy_base,926000000,1872000000000000000000,1872859248000000000000,459,953,valid
0x7921867e78a6d1ed5b95d736f0bd56329c8f35ea96e36ba25780bacd6b34ac6d,20260825,benign_random_flow,Benign random flow,56,benign,buy_base,2012000000,1986000000000000000000,1987276998000000000000,643,767,valid
0xbc600b63521d258d3cda8ca9d25f62fc9e6ce860ccf2054707b42c6671459f76,20260825,benign_random_flow,Benign random flow,57,benign,sell_base,4998000000,1975000000000000000000,1974389725000000000000,309,1496,valid
0xa195c8e115fc55855bcba43b451769f12d685f07198442fcdedb25142dbb7581,20260825,benign_random_flow,Benign random flow,58,benign,buy_base,1157000000,2173000000000000000000,2173582364000000000000,268,1272,valid
0xebc605ea367152d78687c499d90e0a9a15e2dfeb395b4d3015a3e9fbd30d0674,20260825,benign_random_flow,Benign random flow,59,benign,buy_base,4989000000,1919000000000000000000,1919932634000000000000,486,520,valid
0x12b1e27c2468b2ffc84cb7d900a380fe71b06ba575d03c7b15be2979dbf6aac5,20260825,benign_random_flow,Benign random flow,60,benign,buy_base,2005000000,1969000000000000000000,1969813197000000000000,413,723,valid
0xcc4e0ebec9e598a8420e108ba68ae09665badfbd79e1c0cf8de693fdb4aa48d9,20260825,benign_random_flow,Benign random flow,61,benign,sell_base,2391000000,1863000000000000000000,1863285039000000000000,-153,1310,valid
0x40dc189b292d040d6f68921d18aa8a383a8ecc6bcb824f3e45d00582eebc3a2e,20260825,benign_random_flow,Benign random flow,62,benign,buy_base,4019000000,2085000000000000000000,2084860305000000000000,-67,714,valid
0xdbde700929e831e1b0521dc2573b32aeb39707b0fe55f676fb79a15380e43073,20260825,benign_random_flow,Benign random flow,63,benign,sell_base,1288000000,1950000000000000000000,1951306500000000000000,-670,806,valid
0xb875524bef9eef9c0c82f288b4181357a9ec854d49fb7e2e9d5569e9e3b91df6,20260825,benign_random_flow,Benign random flow,64,benign,buy_base,2534000000,2054000000000000000000,2053381746000000000000,-301,1159,valid
0xd96ea95448c87ea162f8844c139ea0c89181e09ac6bdd978ec8aa4150e524c15,20260825,benign_random_flow,Benign random flow,65,benign,buy_base,3784000000,1945000000000000000000,1946048355000000000000,539,712,valid
0xaa80d40246fa96d2e8c0bace4c398dad90a185d9edb5443cec07e7695286886d,20260825,benign_random_flow,Benign random flow,66,benign,sell_base,4594000000,2058000000000000000000,2058950796000000000000,-462,1187,valid
0x808da85ff835e6f5e519b2b25617600ed8903c6479f7e918faf40b93c5b855e6,20260825,benign_random_flow,Benign random flow,67,benign,buy_base,3693000000,1882000000000000000000,1883006870000000000000,535,1454,valid
0x3de995ce260493039873eabef42ff704eea741df84dcdbc363fe0688d0768f86,20260825,benign_random_flow,Benign random flow,68,benign,sell_base,4752000000,1817000000000000000000,1817401557000000000000,-221,1325,valid
0x7c84c035b1cd81870b49ba30f69e88c768ae8ee76c038e4399246ce627afd9e9,20260825,benign_random_flow,Benign random flow,69,benign,sell_base,1276000000,2006000000000000000000,2005763292000000000000,118,948,valid
0x704c41c2ebe5f8118a08e5f3a603372c9191507817c02df2cea88f52a067f622,20260825,benign_random_flow,Benign random flow,70,benign,buy_base,4943000000,1862000000000000000000,1862238336000000000000,128,1485,valid
0xd468862ee6799de6ca9ee3fd350fb4f98e64325aedb163f644c3cd6244843f0d,20260825,benign_random_flow,Benign random flow,71,benign,buy_base,1141000000,1865000000000000000000,1864681085000000000000,-171,1027,valid
0xff1ab385c4bf5047be473afd7d5ae6db6e53554ee353c577032cd6158e3bf468,20260825,benign_random_flow,Benign random flow,72,benign,sell_base,3623000000,1863000000000000000000,1862573373000000000000,229,1076,valid
0x16d388e217bbc12f0e1565097a967d6c93ea3e5af0694ae9484922347998c118,20260825,benign_random_flow,Benign random flow,73,benign,buy_base,2287000000,2094000000000000000000,2093411586000000000000,-281,1292,valid
0x75c7bd763d1fd93d81f168241e9ebadd93372f4b9b11cd6052a6942cc930c57c,20260825,benign_random_flow,Benign random flow,74,benign,sell_base,4889000000,1990000000000000000000,1990197010000000000000,-99,762,valid
0x21178cd276c67ebb44dee45ea07fe2667e513244ac6d78e964d29228be7b05c0,20260825,benign_random_flow,Benign random flow,75,benign,sell_base,1904000000,1807000000000000000000,1807027105000000000000,-15,1092,valid
0xe94f1c653ec4b4d8e6ab625ec7c580e87938b8c1eceb70d531c3b914e9589db1,20260825,benign_random_flow,Benign random flow,76,benign,sell_base,1703000000,1912000000000000000000,1911489496000000000000,267,1292,valid
0x024e82e557ef583f44f7472b5dc93d68d3eb7894e8f7e2abba332f2982934d74,20260825,benign_random_flow,Benign random flow,77,benign,sell_base,2166000000,2090000000000000000000,2090539220000000000000,-258,623,valid
0x1cb4f4707c1ca36e2bfb74a4b501aa86ce329f1a9d7a814fe6a3b7c029ac4327,20260825,benign_random_flow,Benign random flow,78,benign,buy_base,3077000000,1978000000000000000000,1978263074000000000000,133,730,valid
0x9dbcd8adfcc892e0d4b47ecc29d472968e05afa58bedfd34e3b71c36c6a9fdc7,20260825,benign_random_flow,Benign random flow,79,benign,sell_base,1510000000,1862000000000000000000,1863011066000000000000,-543,806,valid
0xc4a9b3cbbe037da897c9f269ba03e65b5a2a2c5affb8ef898cd4bc9039e37577,20260825,benign_random_flow,Benign random flow,80,benign,sell_base,3923000000,2043000000000000000000,2042123553000000000000,429,1026,valid
0x2c066b4318a37b060dec8537c917245fa17a2d35a21b6988a48e79cd84b5813c,20260825,benign_random_flow,Benign random flow,81,benign,sell_base,542000000,1857000000000000000000,1858335183000000000000,-719,1060,valid
0x6564371a325a945c2e0aa1deb678db226a060c2014a4a9be44db434f457e756b,20260825,benign_random_flow,Benign random flow,82,benign,sell_base,1760000000,2099000000000000000000,2100288786000000000000,-614,981,valid
0x757e39e9efac4365b719d4edd5c1550fb95d43cf80fcc154ccf89729290f8305,20260825,benign_random_flow,Benign random flow,83,benign,sell_base,241000000,1852000000000000000000,1851185120000000000000,440,1493,valid
0x07b941d146b940f2ecba63ba5ee55a0c71e313af2877643e3747b400c83e0b65,20260825,benign_random_flow,Benign random flow,84,benign,sell_base,1913000000,1877000000000000000000,1877861543000000000000,-459,674,valid
0x05187e710aee719a046cae7e2b354725bf23b12422f8c6ae8dfbe07715e7f49f,20260825,benign_random_flow,Benign random flow,85,benign,sell_base,1927000000,2158000000000000000000,2158420810000000000000,-195,681,valid
0x659633a6ad529c1da927ceba1e77158e064846db2dcb234b351433b4311eef1f,20260825,benign_random_flow,Benign random flow,86,benign,buy_base,1077000000,2105000000000000000000,2106267210000000000000,602,1134,valid
0x13f777fefe8701e1cb6e2f9f8ded46e2506497ba08bb426da3ddbe2819452ce4,20260825,benign_random_flow,Benign random flow,87,benign,buy_base,4433000000,2152000000000000000000,2151132744000000000000,-403,1306,valid
0x19110de4bc8e73ed3b0418487a7f15837b4fdec9473131d261c54593270b0ab7,20260825,benign_random_flow,Benign random flow,88,benign,sell_base,1046000000,2021000000000000000000,2020242125000000000000,375,1323,valid
0x9cfa690e05cdc94224b69f9a70e8d62ea06d9528e641d1f77124dbc3cc7b6274,20260825,benign_random_flow,Benign random flow,89,benign,buy_base,778000000,1994000000000000000000,1993483554000000000000,-259,626,valid
0x199b0b6c5588c66bd0068041b1927c4622e74ece311251f85d4941856694f1ad,20260825,benign_random_flow,Benign random flow,90,benign,sell_base,2195000000,1998000000000000000000,1999320678000000000000,-661,1353,valid
0xcabbce81e1f67561adc8740b78dbe481cb26dd48746b69c9c11b80ec7d975e6a,20260825,benign_random_flow,Benign random flow,91,benign,buy_base,2184000000,1983000000000000000000,1983922095000000000000,465,754,valid
0x716ce1d8b701b61d917e0e3d4a16cbe1cb9239543c37fa93e941f4631c190f12,20260825,benign_random_flow,Benign random flow,92,benign,sell_base,4846000000,1920000000000000000000,1920347520000000000000,-181,943,valid
0xaeeb503088f19a0ab37d6c156bdba94efda0c5c8b1aedec3f8a7e6b86f604a6c,20260825,benign_random_flow,Benign random flow,93,benign,buy_base,2182000000,1981000000000000000000,1980391833000000000000,-307,1127,valid
0x6ff3330cb632d603317dcfc738a95f6e15110157b649e60c76a1cbcf6288426c,20260825,benign_random_flow,Benign random flow,94,benign,buy_base,1460000000,1806000000000000000000,1805931372000000000000,-38,1073,valid
0xa9bb2838732ff353c2b41a17832d02f86db4f8e848a027e1e4286db6dd39b1ad,20260825,benign_random_flow,Benign random flow,95,benign,buy_base,4528000000,1809000000000000000000,1807985151000000000000,-561,1152,valid
0x3e7093e582673662d82d903f8af719c8046b18e838b9ff0abad6303510cd7880,20260825,benign_random_flow,Benign random flow,96,benign,buy_base,3657000000,1898000000000000000000,1897136410000000000000,-455,514,valid
0x02e5cf85a6e2cff3bdcf4d9ee1e589d8c9fff760c61c6de3a840201c5a7c8044,20260825,benign_random_flow,Benign random flow,97,benign,buy_base,292000000,1803000000000000000000,1804299963000000000000,721,907,valid
0x8b77e117b4342ef2eb7a998b92c239809911498113f915e2ec658f8ef8609616,20260825,benign_random_flow,Benign random flow,98,benign,buy_base,4274000000,1852000000000000000000,1851379580000000000000,-335,989,valid
0xb534cd12b7600cd80a795df03764f7d07d1adde77aca477b6878819034185dbe,20260825,benign_random_flow,Benign random flow,99,benign,sell_base,470000000,2127000000000000000000,2128701600000000000000,-800,1088,valid
0x1e36cbf17a364566a5029b501df274f4c9e4173735aa6ea201f7a376f8561b6c,20260825,benign_random_flow,Benign random flow,100,benign,buy_base,3659000000,2060000000000000000000,2058553880000000000000,-702,552,valid
0x231b9269518a7658592f141da6c6206050075390f7c96c9c7393dd9e2fb8a67e,20260825,benign_random_flow,Benign random flow,101,benign,buy_base,4651000000,1971000000000000000000,1970351541000000000000,-329,1314,valid
0xb346de18c4b61318506ec9db5414b5d01c4797b47098c7cd7da777f2646af965,20260825,benign_random_flow,Benign random flow,102,benign,buy_base,4176000000,2084000000000000000000,2085119108000000000000,537,1333,valid
0x8253eab6a6dd636f5f4ea5442216e6b4ad15f610884bf7c95f4a8b2a168cefb0,20260825,benign_random_flow,Benign random flow,103,benign,buy_base,3839000000,1968000000000000000000,1968204672000000000000,104,733,valid
0x68f85347ee50898d82569cdb0702595e72aa0ae218492e422a3571eaa446e264,20260825,benign_random_flow,Benign random flow,104,benign,buy_base,257000000,2031000000000000000000,2030333832000000000000,-328,886,valid
0xad7d9a9544a0f3d34968306e1fdaf3c9ee7ab9c090d44512a1debc7775158854,20260825,benign_random_flow,Benign random flow,105,benign,buy_base,3926000000,2001000000000000000000,2000093547000000000000,-453,1443,valid
0x64bc0ad2a674c6170af593a8d7c511dbd482092e029d22897451102e80b165de,20260825,benign_random_flow,Benign random flow,106,benign,sell_base,3154000000,2173000000000000000000,2173721436000000000000,-332,619,valid
0xbfe9d08bfd29ccd6ee20714273d5f3fb38b6c3a79ba32fb043098576e31c4745,20260825,benign_random_flow,Benign random flow,107,benign,buy_base,3791000000,2083000000000000000000,2082370934000000000000,-302,1283,valid
0x9aa456406f759963168541b58bb15b857d28e73574fc988c9347cc6f64ac7470,20260825,benign_random_flow,Benign random flow,108,benign,buy_base,2171000000,1924000000000000000000,1925260220000000000000,655,1407,valid
0xf07751d0bc8552c942282db6d7a546642216411b5320bbb5bc4c54d3a235d21c,20260825,benign_random_flow,Benign random flow,109,benign,buy_base,3325000000,1904000000000000000000,1902524400000000000000,-775,842,valid
0xa02ab7ec2387423ff0e23746a1ab009d7764d7fac9e4adf47b6b6b545901eb14,20260825,benign_random_flow,Benign random flow,110,benign,buy_base,4574000000,1844000000000000000000,1842937856000000000000,-576,1345,valid
0x588c69de53da8b82eae83c6203db54679ec02a3cb96b75ab99d42beb465fceee,20260825,benign_random_flow,Benign random flow,111,benign,buy_base,3236000000,2143000000000000000000,2141307030000000000000,-790,1055,valid
0xff40f5cc21cf64652cff69e0016388883940cea53c358ae7d7ca27fe3f7cbef3,20260825,benign_random_flow,Benign random flow,112,benign,sell_base,1157000000,2031000000000000000000,2032484661000000000000,-731,1226,valid
0xb84d551a06599089866ae6a94a6d8d77aa4d41d093857c903618f47326824d5e,20260825,benign_random_flow,Benign random flow,113,benign,buy_base,1096000000,1840000000000000000000,1839814160000000000000,-101,1481,valid
0xc48ee4942c56cae1912b939aafcf938efa70718e3f677e16b938ebd0e612039b,20260825,benign_random_flow,Benign random flow,114,benign,buy_base,4156000000,2120000000000000000000,2120008480000000000000,4,534,valid
0x1d0735ae502551bce3b33d413b7ebfe401db5942a96caa023dfb3a51d9ab078f,20260825,benign_random_flow,Benign random flow,115,benign,sell_base,861000000,1849000000000000000000,1848574730000000000000,230,1036,valid
0x6ac20f722663cee9b3c8e042b033d77efd29feeb226537b1b89c673707b4dcb9,20260825,benign_random_flow,Benign random flow,116,benign,sell_base,4611000000,1827000000000000000000,1828172934000000000000,-642,568,valid
0xab374f4076ef5745f2833e4561f95859f26a85fd015dfd66846c03d52bdc05d5,20260825,benign_random_flow,Benign random flow,117,benign,buy_base,2172000000,1868000000000000000000,1869085308000000000000,581,1230,valid
0x69503e8d6fe635174bd4e77894536a4d19eb8b53f0cdfef27c10825d0c021cfb,20260825,benign_random_flow,Benign random flow,118,benign,sell_base,1603000000,2179000000000000000000,2180597207000000000000,-733,1320,valid
0xf30e8e87b09275e6af18fe5f863e60137ad09f57cab98e9511e8a3f0a5dafcb4,20260825,benign_random_flow,Benign random flow,119,benign,sell_base,521000000,2118000000000000000000,2117093496000000000000,428,1249,valid
0x1bedc7fae0270e707a5625c2b0494a3324c23b7267139836ee97f3b4595e6306,20260825,benign_random_flow,Benign random flow,120,benign,buy_base,181000000,1815000000000000000000,1815412005000000000000,227,749,valid
0x005c46d9fc4a80297992a4af1c1dc02fc30899c702ef508efea33da31ee79aa4,20260825,benign_random_flow,Benign random flow,121,benign,sell_base,3229000000,2105000000000000000000,2103370730000000000000,774,1123,valid
0x4ce33baa9b9e6cd549e6320dd731e4914511b2ce1e9eb73e38c3bc79a94c448b,20260825,benign_random_flow,Benign random flow,122,benign,sell_base,2801000000,1804000000000000000000,1803291028000000000000,393,606,valid
0x54ddcc832b626408562be833e835711ee73a14c1ac1559aa17f78528bf1c2c21,20260825,benign_random_flow,Benign random flow,123,benign,sell_base,4332000000,1860000000000000000000,1859944200000000000000,30,1318,valid
0x70d068808f2867f9de4be79fd9910033010d3410402cdeddcf931977d02b3703,20260825,benign_random_flow,Benign random flow,124,benign,sell_base,960000000,1999000000000000000000,1999461769000000000000,-231,631,valid
0xb691bc53c43018776da3e65e61a11c42dc8231eaa9d911fc1477baadaffcbd82,20260825,benign_random_flow,Benign random flow,125,benign,buy_base,3992000000,1865000000000000000000,1864011550000000000000,-530,868,valid
0x8f438b13295407f84d2981632425a709ef9ae477dbd38144f36296fb960e85ca,20260825,benign_random_flow,Benign random flow,126,benign,sell_base,4033000000,2022000000000000000000,2021498544000000000000,248,630,valid
0x17377b8eca54463f645bcc703bc4b522cae514ba9f2d7d06f232faf15ac2d80c,20260825,benign_random_flow,Benign random flow,127,benign,buy_base,2688000000,1958000000000000000000,1957772872000000000000,-116,1434,valid
0xca97a77c884e8129003a6ea1c64776fe62989901c94c7c8575c5ea491cac22c7,20260825,informed_flow,Informed flow,0,informed,buy_base,4894000000,1852000000000000000000,1855255816000000000000,1758,2193,valid
0x7f6237e50f9d8c77cb815dfae43d31c4058d2b74e114c5f1000d266981eb12de,20260825,informed_flow,Informed flow,1,informed,buy_base,2349000000,2003000000000000000000,2010981955000000000000,3985,1874,valid
0x020f24b43118faea9b08c9345316b52c44713685a411f2768ad0ccf146f9ccdb,20260825,informed_flow,Informed flow,2,informed,buy_base,1391000000,1809000000000000000000,1815063768000000000000,3352,1642,valid
0x883cc9bdbfc8148f15003f4630c9ada4c803dbec7b2c167f0dfb9ebcb95fa569,20260825,informed_flow,Informed flow,3,informed,sell_base,1072000000,1999000000000000000000,1990244380000000000000,4380,1084,valid
0x7cde8201dd90dd0494ead38cc10dc04f82fd8eb99061368dc4ef2681f4c2ea7c,20260825,informed_flow,Informed flow,4,informed,sell_base,187000000,1892000000000000000000,1884150092000000000000,4149,1319,valid
0x83b5e1afd79c0cb763ee7e87fac3b1c9292059aa7078c1f58a7d35844bbb0e38,20260825,informed_flow,Informed flow,5,informed,sell_base,2042000000,2071000000000000000000,2063010082000000000000,3858,2144,valid
0x56acda9e599c07426b3aed9f48e4fd1489828755e2535dccc13d9d1aa9722baf,20260825,informed_flow,Informed flow,6,informed,sell_base,284000000,2082000000000000000000,2074760886000000000000,3477,2002,valid
0xfbb4e9807f3cae98810e6ca118b93a6042fcdc097fb8a9b3c4fa4b4a0790d574,20260825,informed_flow,Informed flow,7,informed,buy_base,2344000000,1934000000000000000000,1938631930000000000000,2395,2305,valid
0x1d57b7c69990bafd788450d7c554eb142baba405e4d44e9652fb15d1300956bc,20260825,informed_flow,Informed flow,8,informed,sell_base,360000000,2117000000000000000000,2108390161000000000000,4067,1500,valid
0x3b4994a673027c25340a707121b6ce0b0dbe1f6545a1c6d48f181dba058008ef,20260825,informed_flow,Informed flow,9,informed,buy_base,4387000000,2007000000000000000000,2012497173000000000000,2739,2082,valid
0x10d31d16f12fe5730aa80007945b6e23e0dce6b17518c4af6266a717ffceddd9,20260825,informed_flow,Informed flow,10,informed,buy_base,4490000000,1922000000000000000000,1929244018000000000000,3769,2730,valid
0x9e765ce6a340366599b2bb3f04b63210fb25c5de199fafedfcb0790d33eeb3f4,20260825,informed_flow,Informed flow,11,informed,sell_base,2151000000,2045000000000000000000,2038380335000000000000,3237,2477,valid
0x1dc34219af9065232ce21fd3f2ccf38c444759c99de237910d7d3486ebbda383,20260825,informed_flow,Informed flow,12,informed,sell_base,1013000000,2085000000000000000000,2076466095000000000000,4093,1391,valid
0x4b4d388a37b3e9c236791040e56be515a1b15319e182880d35b9936642c44904,20260825,informed_flow,Informed flow,13,informed,sell_base,2350000000,2089000000000000000000,2084032358000000000000,2378,2510,valid
0xd1d990b072aa69ca2abe4306450be309b9bb0220f52f75caf975759d772a1888,20260825,informed_flow,Informed flow,14,informed,sell_base,2853000000,1994000000000000000000,1986063880000000000000,3980,1195,valid
0x0af7e8512534a716f254a53c3af2b3a25a5a828cafae999beba0a93cc5d8bdab,20260825,informed_flow,Informed flow,15,informed,buy_base,3423000000,2111000000000000000000,2120444614000000000000,4474,1890,valid
0x3e536c63166b5a19827d8bb83cdc40e2c0c9ee4d9f31172e567e8ce034e4b8db,20260825,informed_flow,Informed flow,16,informed,sell_base,2488000000,2148000000000000000000,2139904188000000000000,3769,2662,valid
0x88dec048804f1d32c208aa0aff55a5e319eaa23a51fc827208ce10f0845a1aba,20260825,informed_flow,Informed flow,17,informed,sell_base,2493000000,2175000000000000000000,2170221525000000000000,2197,1880,valid
0x00f21c3932d7163e4a2e58473f36310e60bf0dcd6993901638d47391a0255cb2,20260825,informed_flow,Informed flow,18,informed,sell_base,1357000000,2146000000000000000000,2142285274000000000000,1731,1993,valid
0xbfbc73bab4dad4ec713bf22d3eb6b111458555cd5ef8109c7e4513ada879119d,20260825,informed_flow,Informed flow,19,informed,sell_base,506000000,1872000000000000000000,1868963616000000000000,1622,2030,valid
0x56191a1f769292610619e9a0397a0891a00eff3c7f38284bc300e1c707569f98,20260825,informed_flow,Informed flow,20,informed,buy_base,2492000000,2141000000000000000000,2146116990000000000000,2390,2126,valid
0xb8d4b335e74385eaedf5c0b3228e49599c0e92eb6b413f2fd1a459eab34ccb1d,20260825,informed_flow,Informed flow,21,informed,sell_base,1813000000,1815000000000000000000,1808533155000000000000,3563,2711,valid
0x091c7d59baf3ed541c0027915fea81d4f15dfede89eb8c3bc0b2615cec9ea4b0,20260825,informed_flow,Informed flow,22,informed,sell_base,4597000000,1939000000000000000000,1934654701000000000000,2241,1291,valid
0xfffed4f809c7fc104dca541be1a38b39d003fbd6b21e4bbff31f8f520c0e0f7c,20260825,informed_flow,Informed flow,23,informed,sell_base,4875000000,2070000000000000000000,2065535010000000000000,2157,1314,valid
0xf85371b6c3e5b8939b9c457a5750fb8ea555caa17d57b21a010c593f0f31c240,20260825,informed_flow,Informed flow,24,informed,sell_base,3883000000,2099000000000000000000,2094736931000000000000,2031,1371,valid
0x5c3500cd723a077ff95ff82eb55d3883224424834074878d9513b635a6134cdf,20260825,informed_flow,Informed flow,25,informed,sell_base,1931000000,1960000000000000000000,1955045120000000000000,2528,2995,valid
0x83b06f22a57a6177280c1ef6dfe039899feb81a2002c084b52513bc1e1ac2061,20260825,informed_flow,Informed flow,26,informed,buy_base,4827000000,2179000000000000000000,2184040027000000000000,2313,1089,valid
0x53b6c8a1d8996e52b3856e788206720a386ebb503e878a55dd202885aad3588a,20260825,informed_flow,Informed flow,27,informed,sell_base,4748000000,1909000000000000000000,1904905195000000000000,2145,1140,valid
0x7559edf50ba3ddef8f48c0d64034f7b828c7dd2006578b621462685359c78ee2,20260825,informed_flow,Informed flow,28,informed,sell_base,1278000000,1978000000000000000000,1973650378000000000000,2199,1995,valid
0x04555d81de20ffd43dd28a5d43a241b5e4f3c664d7c9d812bac22ebe957d5148,20260825,informed_flow,Informed flow,29,informed,buy_base,1964000000,1836000000000000000000,1841963328000000000000,3248,1447,valid
0xb6855812717543b22d1163bd8bbb14c4ee9aa138f67b9570579a2094d34bbc2e,20260825,informed_flow,Informed flow,30,informed,buy_base,2614000000,1895000000000000000000,1902828245000000000000,4131,1643,valid
0xae09c1b77fc055eceac1cf8531df2fb3f61944d742bdc85df2d3d5a956ca97fc,20260825,informed_flow,Informed flow,31,informed,sell_base,4575000000,2120000000000000000000,2110599920000000000000,4434,2746,valid
0x2ae483b48c86a40b2896b084b64a3fc3dcb7f77fffcf377e1ea12b9a2993f3d7,20260825,informed_flow,Informed flow,32,informed,sell_base,4788000000,1845000000000000000000,1840846905000000000000,2251,2250,valid
0x199343e61aef4f36fe76f25e98b341939e8cf6dd8b4f024281291d5d2def3947,20260825,informed_flow,Informed flow,33,informed,buy_base,2052000000,2122000000000000000000,2125431274000000000000,1617,1516,valid
0x12d539cb7309cc765966de36dae5b0bcbda2d8a88967fac4e5bcef77f910dbeb,20260825,informed_flow,Informed flow,34,informed,sell_base,4397000000,2085000000000000000000,2080369215000000000000,2221,2761,valid
0xee19f53c6c1a43558fda8710511b686796239a98b08777c201bc55562fb60fb0,20260825,informed_flow,Informed flow,35,informed,sell_base,3974000000,1938000000000000000000,1932001890000000000000,3095,2634,valid
0xb0e431767ff99547e1741d15341af0c7175d65aea064666bbaf5b032493c3de9,20260825,informed_flow,Informed flow,36,informed,buy_base,4394000000,1865000000000000000000,1871855740000000000000,3676,1703,valid
0x3ffd15b4527b7e45256c76f12a39cb0dc6b04dfb3f7eff4ab09a623c8a3aab01,20260825,informed_flow,Informed flow,37,informed,sell_base,1899000000,1905000000000000000000,1900685175000000000000,2265,1639,valid
0x7a24bf7432bbf92d47fd8c5e9fa5f487271fb8aae3b45d5d68769d93234b2be6,20260825,informed_flow,Informed flow,38,informed,sell_base,1037000000,1836000000000000000000,1829865924000000000000,3341,1861,valid
0x103e0b50f0b3132cc1113570a636dea9509070a0a1077ff0253dc889b3862a86,20260825,informed_flow,Informed flow,39,informed,sell_base,2587000000,2046000000000000000000,2038174050000000000000,3825,2742,valid
0x514b382717479c6beaffd45edc18fef8a01b85cba4912721b1fb370fa605bd76,20260825,informed_flow,Informed flow,40,informed,buy_base,1628000000,1971000000000000000000,1978058151000000000000,3581,1511,valid
0x089a6af1f20cf701d6e987fff02915371b3603d4c1af0cb12681935dc731e12e,20260825,informed_flow,Informed flow,41,informed,buy_base,4054000000,2009000000000000000000,2013036081000000000000,2009,2429,valid
0x6d65aba37bcb63b9e63f1a67f6ff98c93de1ec6fdea506597018231ea92da65d,20260825,informed_flow,Informed flow,42,informed,sell_base,1152000000,2095000000000000000000,2090269490000000000000,2258,1555,valid
0x826925a20dc0a251c65b9f6d363ef8699840e6333cc02fefdb731c95fd5c66f2,20260825,informed_flow,Informed flow,43,informed,sell_base,1077000000,2145000000000000000000,2141428575000000000000,1665,2310,valid
0x84a8de7f4742adb7909ca22b60340ba7ed1e87d2f1331ec6286b70ad3702bf8e,20260825,informed_flow,Informed flow,44,informed,sell_base,2657000000,2119000000000000000000,2115408295000000000000,1695,1893,valid
0xb233c4a6fcca7d561d926b577df86dc915cfb3a5f153c20bee45e30becaaefc5,20260825,informed_flow,Informed flow,45,informed,buy_base,4069000000,2182000000000000000000,2187695020000000000000,2610,1798,valid
0xa64b04e230989a794d599c187f4f2cb9f5f688ab5446009fe465ac511d3b2401,20260825,informed_flow,Informed flow,46,informed,sell_base,2939000000,1823000000000000000000,1817104418000000000000,3234,1233,valid
0x49a1d2bc9a957d60dbce554ad22b1fec7c53a455fc99a6dd5cea42d2eaec506c,20260825,informed_flow,Informed flow,47,informed,buy_base,4306000000,1875000000000000000000,1878922500000000000000,2092,1735,valid
0x66fe72a8ad1fd10c6de337d1e05fd07db907fb69285c2556ce7b5591350431a7,20260825,informed_flow,Informed flow,48,informed,sell_base,344000000,1812000000000000000000,1807768980000000000000,2335,2316,valid
0xa4715595b41da9f59e7a9a8dbd4c38f66c8c13e47b810378a05664f20f9640f8,20260825,informed_flow,Informed flow,49,informed,buy_base,663000000,1966000000000000000000,1972037586000000000000,3071,1378,valid
0xcb9c1cd56102143be48c3e4a24d04360ce7750342de496a85f15f7da8ff7d1ea,20260825,informed_flow,Informed flow,50,informed,sell_base,3780000000,2042000000000000000000,2034277156000000000000,3782,1330,valid
0x691b85acf6ed3f520feae72a17b1da5e76cc876012810c5382afeaafc0b99a04,20260825,informed_flow,Informed flow,51,informed,buy_base,2339000000,2026000000000000000000,2029646800000000000000,1800,1439,valid
0x1fc9559b42d020e07d5848c9abe80c8c7eda06bf877125a14c326093d9423726,20260825,informed_flow,Informed flow,52,informed,buy_base,3461000000,2081000000000000000000,2085474150000000000000,2150,1075,valid
0xda0e9f523df435e7dc909c662774d0c3e722b86be1ef4fe94a86945f21232176,20260825,informed_flow,Informed flow,53,informed,sell_base,1652000000,2170000000000000000000,2166432520000000000000,1644,2838,valid
0xb8f701dc70dc655846e72e414ac6f0260ed5e7772e23569d05d03879099b6d30,20260825,informed_flow,Informed flow,54,informed,buy_base,4304000000,1895000000000000000000,1898916965000000000000,2067,2082,valid
0x733d547e39759ea9cf7de232528c0905741bd3862825505c86297045fb5f2db9,20260825,informed_flow,Informed flow,55,informed,buy_base,3812000000,1938000000000000000000,1945343082000000000000,3789,2859,valid
0x2af8cc5c3b7cc8555bbe54997eeacb328e4445e3556a694a3b3784efb717f8e7,20260825,informed_flow,Informed flow,56,informed,buy_base,4556000000,1863000000000000000000,1868330043000000000000,2861,2272,valid
0xa0e573621a42aef901b449edd9fa1ba54be141a9b470f6427da49adcd9be7e41,20260825,informed_flow,Informed flow,57,informed,sell_base,1723000000,1949000000000000000000,1943521361000000000000,2811,1314,valid
0x928d64fc1448dbba1455f4a4236774d0d1c3aab5b65576ce93e3c2ec27443c6d,20260825,informed_flow,Informed flow,58,informed,buy_base,2189000000,2086000000000000000000,2093684824000000000000,3684,2197,valid
0x7c6581f80ffd1876a3e1f67bf43551b198389c03f013930e73afc910b3762a11,20260825,informed_flow,Informed flow,59,informed,sell_base,349000000,1825000000000000000000,1819798750000000000000,2850,1223,valid
0x7ea83c4b4d9c744afc5195c1ef1e169522e964510aaf497cb1810e4e5c69f92c,20260825,informed_flow,Informed flow,60,informed,buy_base,683000000,1827000000000000000000,1830714291000000000000,2033,2390,valid
0x9f4d6f3ddf78134ae9519d69bc3e03dafce5240e62eeabb958ea520b1a051c95,20260825,informed_flow,Informed flow,61,informed,buy_base,547000000,2174000000000000000000,2183074276000000000000,4174,1380,valid
0x824baea032de6801239c6e4af9327a442052ee1fa6f4667a810d4e0e15cba0bc,20260825,informed_flow,Informed flow,62,informed,buy_base,3589000000,1823000000000000000000,1829790675000000000000,3725,2551,valid
0x031a6ca0287d8afb01d3b3b8288dabbba557e8f21f38ee1661cfb43a57451adb,20260825,informed_flow,Informed flow,63,informed,buy_base,4945000000,1917000000000000000000,1920055698000000000000,1594,1763,valid
0x6c78f5e85e80af4bb41ac4d2e1288395a1280d0afccf19cda13712c0e70b354e,20260825,informed_flow,Informed flow,64,informed,sell_base,1241000000,1980000000000000000000,1975271760000000000000,2388,2470,valid
0x3a977b1981813716664c895cc1a2d8f18b60b3c34ee8b8e7b9082c403d476bec,20260825,informed_flow,Informed flow,65,informed,sell_base,2650000000,1942000000000000000000,1935826382000000000000,3179,2015,valid
0x801dac677fc92a40d82faf63d1f7de781d8932dc4eb8b92465594b9a0b8e8f91,20260825,informed_flow,Informed flow,66,informed,buy_base,893000000,1959000000000000000000,1967041695000000000000,4105,1662,valid
0xdbeccb9a3a921eb2581280089ab1facbf5e906e554bef1688bb7c2d4ba953162,20260825,informed_flow,Informed flow,67,informed,buy_base,1473000000,1870000000000000000000,1874205630000000000000,2249,2691,valid
0x38e4aefeac85ba25c7733e360cbe4eeb8a1f27b9d0b771482e3982de52e7ab69,20260825,informed_flow,Informed flow,68,informed,sell_base,4812000000,1944000000000000000000,1935438624000000000000,4404,1449,valid
0x001e29758023e82afea33a37d6771998ee2076839551482806526b93615aeeb8,20260825,informed_flow,Informed flow,69,informed,buy_base,2018000000,2046000000000000000000,2053801398000000000000,3813,1702,valid
0xd94abbb8f8e0cb368a3d834a3ce8de3f6294a18e0a3f0deec5ba24e484897cc1,20260825,informed_flow,Informed flow,70,informed,sell_base,2502000000,1957000000000000000000,1949042838000000000000,4066,1094,valid
0x0b5292e0f646cedffad82bea4937f2d3563def6eab29edd4994bd75ca12bfe53,20260825,informed_flow,Informed flow,71,informed,sell_base,472000000,1840000000000000000000,1835996160000000000000,2176,2013,valid
0xcc4b66c3d032690a1c9360a89ad768939baa16a5e3dfbf9a02093419b0ee22a0,20260825,informed_flow,Informed flow,72,informed,buy_base,2599000000,1827000000000000000000,1831291623000000000000,2349,1213,valid
0x76bad1d7653260b43f686a507dc0d95566da7514bc954a9483df9a9bf2128655,20260825,informed_flow,Informed flow,73,informed,buy_base,1576000000,1925000000000000000000,1931160000000000000000,3200,2022,valid
0xabbe6f72d591449f3f99e54254c45b21522bfabfd0424605096a54ce604f8f70,20260825,informed_flow,Informed flow,74,informed,sell_base,4843000000,1833000000000000000000,1826146413000000000000,3739,2345,valid
0xf1b9558c429bdf429af39995b955c91ff59d8acb405f685d2b0d2ec8f043ff98,20260825,informed_flow,Informed flow,75,informed,sell_base,4215000000,2177000000000000000000,2170390628000000000000,3036,2437,valid
0xa53fa9d6102cb0bdc7f4deb3a453532a465f098b84f26211e64285f930e8a282,20260825,informed_flow,Informed flow,76,informed,sell_base,2439000000,2120000000000000000000,2113194800000000000000,3210,2991,valid
0xeeba191e978a8471c1071fc3cb033b69ee0178120372f2678ea661d12db5db33,20260825,informed_flow,Informed flow,77,informed,sell_base,4154000000,2074000000000000000000,2068574416000000000000,2616,1774,valid
0x799a3074591b9172a5a7035a4ec1a6d8afa0daf309a504bb1722e5d789405d9d,20260825,informed_flow,Informed flow,78,informed,sell_base,1908000000,2097000000000000000000,2092185288000000000000,2296,1565,valid
0xe5ffebc2a8b1f3abd0bef0be9492a725a18023f10665ae812c8590ffe53751de,20260825,informed_flow,Informed flow,79,informed,buy_base,2230000000,1876000000000000000000,1880819444000000000000,2569,2412,valid
0x954b7e65d605755ec7af1ce71fb440d2ece833d3a1f709f8f506dda171f1af9c,20260825,informed_flow,Informed flow,80,informed,buy_base,1898000000,1872000000000000000000,1878958224000000000000,3717,2949,valid
0x5c461eac5f3dead3e4817990cd78fb927d022712f514ab3c4eec26823e21ff09,20260825,informed_flow,Informed flow,81,informed,buy_base,4174000000,2107000000000000000000,2114937069000000000000,3767,2237,valid
0x68a39e9f461df79bf1a0d345f95ca464411abab094a2f622d70c3903154ac921,20260825,informed_flow,Informed flow,82,informed,sell_base,2050000000,2112000000000000000000,2107921728000000000000,1931,2971,valid
0x04b5be0277e99170d1f63d760eed26cdaf4b11138aaf9b9fc56b2f9111e31afb,20260825,informed_flow,Informed flow,83,informed,sell_base,1969000000,2081000000000000000000,2077736992000000000000,1568,2920,valid
0x3ae2230893c5b4990490fdd7c8605666a25ff4f2ef75cd240e2d67481cc15c46,20260825,informed_flow,Informed flow,84,informed,buy_base,1509000000,2087000000000000000000,2090418506000000000000,1638,1612,valid
0xb892160b870b928ff01f5a1da6d8423bca14504a8a89fb5d61be0977303a2ce5,20260825,informed_flow,Informed flow,85,informed,buy_base,1533000000,2160000000000000000000,2163652560000000000000,1691,1870,valid
0x59599a70d9ef7414642ce137f3101122e5e81ccaeb662e2e779db317c14106eb,20260825,informed_flow,Informed flow,86,informed,buy_base,3359000000,1962000000000000000000,1969355538000000000000,3749,2851,valid
0x0cc6eb29563e9c0ecd3c501fd44c5499bfec5466a9dcd795acb1fafe8dbdef00,20260825,informed_flow,Informed flow,87,informed,buy_base,2016000000,2074000000000000000000,2077600464000000000000,1736,2667,valid
0x2eae51392bbaa10a15a6e999eb7a5e60886f716e5ee1f788a003c35f404bcc90,20260825,informed_flow,Informed flow,88,informed,sell_base,4910000000,1801000000000000000000,1793480825000000000000,4175,1526,valid
0xe7a109d535e8e7b1a4274ce6e60bb309d67fd8a81ccd49382e3d5bd9209d29e3,20260825,informed_flow,Informed flow,89,informed,sell_base,4249000000,2032000000000000000000,2026054368000000000000,2926,2324,valid
0x7c135efcb6715adc75a0c5eb9ec89b3fee35932d0a439b284e769f92b0d181d0,20260825,informed_flow,Informed flow,90,informed,buy_base,131000000,1805000000000000000000,1811927590000000000000,3838,2390,valid
0xb560304832986b481610f279db67c5da914591cb920c4a2889b496d144c030c4,20260825,informed_flow,Informed flow,91,informed,buy_base,2031000000,2036000000000000000000,2043164684000000000000,3519,1994,valid
0x60a6f665f4218e8c45d459300b784e93550314fecf586f397aa1038337665477,20260825,informed_flow,Informed flow,92,informed,sell_base,670000000,2082000000000000000000,2076890772000000000000,2454,2884,valid
0x48c04a2e83f46201f4fe77b5ba2763b9bbe108e5d0de283b4b30b9d0e69acf14,20260825,informed_flow,Informed flow,93,informed,buy_base,2377000000,1929000000000000000000,1932535857000000000000,1833,2334,valid
0x2565a2af41c14b723edad8ecb7d4b026369423eb1431d4c75ab77339a4ff146d,20260825,informed_flow,Informed flow,94,informed,sell_base,4704000000,1858000000000000000000,1853856660000000000000,2230,1259,valid
0xc6d94109169ab32944714de0ee3ed606a568c1d6cf1e209b9a27e3277a9550ab,20260825,informed_flow,Informed flow,95,informed,sell_base,2446000000,2125000000000000000000,2120822250000000000000,1966,2979,valid
0x1f2a50d5732efc3f3941ee32d5cbe2e464bfe408f9a8bfe24d341d83d81ec338,20260825,informed_flow,Informed flow,96,informed,buy_base,1084000000,2097000000000000000000,2103376977000000000000,3041,1977,valid
0x971830f039934f3c5fbddd6440c93536243cff6cd71103a5a3124207d749954f,20260825,informed_flow,Informed flow,97,informed,buy_base,698000000,2190000000000000000000,2199627240000000000000,4396,1532,valid
0x1e27a5ec8befd05be99f51d31177ed983cc32fd238064332def3d5d6b43e8109,20260825,informed_flow,Informed flow,98,informed,sell_base,2775000000,2071000000000000000000,2062152688000000000000,4272,2328,valid
0xf431aa4e71ba90977e1e559901359886fc9af0f7c44ae3eebd673c04036adaad,20260825,informed_flow,Informed flow,99,informed,sell_base,2724000000,1939000000000000000000,1931814066000000000000,3706,1435,valid
0x7aeadceeb0c00929db84929ad39f5dc36b53f928c69af316dc0b2ee5a8214475,20260825,informed_flow,Informed flow,100,informed,buy_base,4459000000,2086000000000000000000,2092558384000000000000,3144,2653,valid
0x3fc2b522503a7fe943ca94a18a6f71d22ef27e8fba49a59ecb3c8328148795d0,20260825,informed_flow,Informed flow,101,informed,buy_base,1661000000,1816000000000000000000,1819227032000000000000,1777,1769,valid
0xb674dd8f58649c4ea0ec9b3d066713d3f4493764555a0cc2c4d1a2946bb8c9aa,20260825,informed_flow,Informed flow,102,informed,sell_base,1014000000,2090000000000000000000,2084106200000000000000,2820,2841,valid
0x36c1de515a19804bd258799227dd2bc3da324d15aebefc719666f90284d223de,20260825,informed_flow,Informed flow,103,informed,sell_base,3561000000,2139000000000000000000,2134880286000000000000,1926,1134,valid
0xb21eed079bfde83d6b26641873529d846e2aa210a49738775b4fff6d00773aec,20260825,informed_flow,Informed flow,104,informed,sell_base,4725000000,2177000000000000000000,2173294746000000000000,1702,1410,valid
0x537e40b586dfcd2730b2cdd187c517558ce3449ef59b9275024e5176d59e6ffe,20260825,informed_flow,Informed flow,105,informed,buy_base,1960000000,1885000000000000000000,1890334550000000000000,2830,1785,valid
0x8909f9594915754501d751682d804c97c604bd06557bf02c44858414224d1112,20260825,informed_flow,Informed flow,106,informed,buy_base,2165000000,2159000000000000000000,2167407146000000000000,3894,1346,valid
0xd9ad54175ef258500bc0ff15e56ab7cda3e5b6a8224538bc5d0d3597b9c194da,20260825,informed_flow,Informed flow,107,informed,sell_base,2614000000,1889000000000000000000,1884781863000000000000,2233,1168,valid
0x719feeabae12f0a1f1d48992a8f2340c0ac222335e320401a6a2db5a3507a94e,20260825,informed_flow,Informed flow,108,informed,sell_base,1175000000,1986000000000000000000,1977221880000000000000,4420,1853,valid
0x2e2bc0fad1726d109d0d8485c3841574f9b3d1502dcfbc8a9542ecfdac07c963,20260825,informed_flow,Informed flow,109,informed,buy_base,4329000000,2052000000000000000000,2056479516000000000000,2183,2522,valid
0x8d6e6dfd82162789634d4141e54ac6b1ba86ddefce186d79b5e222f31629314c,20260825,informed_flow,Informed flow,110,informed,sell_base,3459000000,2025000000000000000000,2017805175000000000000,3553,1497,valid
0x506b25511ed58ad927972476840997f94e1536a423729270dc29a07eebcead5b,20260825,informed_flow,Informed flow,111,informed,sell_base,2333000000,2118000000000000000000,2111302884000000000000,3162,1127,valid
0x303a0fdc537e15cda22aecedf816075a0d0c2910cc1ac741f904388e97cae2cf,20260825,informed_flow,Informed flow,112,informed,sell_base,2053000000,2086000000000000000000,2079462476000000000000,3134,1779,valid
0xae4649a17f87fa54a60319b979bc3ec3d8f324bb31d94ea903acb39f06133e40,20260825,informed_flow,Informed flow,113,informed,buy_base,2065000000,1933000000000000000000,1939603128000000000000,3416,2836,valid
0x9456c7b2bdba1c3aa3c0a4d1241256a19cd1d70a5977d51bed13d82f834e5e9f,20260825,informed_flow,Informed flow,114,informed,buy_base,335000000,2040000000000000000000,2049094320000000000000,4458,2806,valid
0xc8a549969db4ab51fb4681359780336239d0b59cf4611f315462523b7abc6c0e,20260825,informed_flow,Informed flow,115,informed,buy_base,1205000000,2052000000000000000000,2055121092000000000000,1521,1864,valid
0x14d97cf4ceec460b14870504671244741e46a14f107573c2705a4b08054f67d9,20260825,informed_flow,Informed flow,116,informed,buy_base,425000000,2117000000000000000000,2124360809000000000000,3477,2581,valid
0x5acc3d65549b7a642829e6cff6f2e3428739f1a4393f6ea307572bffe2a30c2d,20260825,informed_flow,Informed flow,117,informed,buy_base,2542000000,1842000000000000000000,1848614622000000000000,3591,1995,valid
0xc09aae892a58e282b37623d88bf861fd8618b8342f0fd6c8738237c0e371888f,20260825,informed_flow,Informed flow,118,informed,sell_base,3034000000,1976000000000000000000,1967702776000000000000,4199,1050,valid
0xc8e81d60645010cb947d0cb46b4a69a1c27a03ccce3172ec49535ad5bc40f616,20260825,informed_flow,Informed flow,119,informed,sell_base,4773000000,2016000000000000000000,2011191840000000000000,2385,2646,valid
0x2a4b11c5b4d1e97a39659c61ad0478f5ada1529a75b02833882c58acf6e1166c,20260825,informed_flow,Informed flow,120,informed,sell_base,1508000000,2045000000000000000000,2040942720000000000000,1984,1131,valid
0xf1d9deed2df79e0432ece129f391d5ad2fa8640c342e4288d1ad0e581e6653b4,20260825,informed_flow,Informed flow,121,informed,sell_base,4617000000,2144000000000000000000,2135179584000000000000,4114,2828,valid
0x42920179e24606c7e838d4eafa186d4347b99cf2188b4c248419cef328904817,20260825,informed_flow,Informed flow,122,informed,sell_base,3455000000,2191000000000000000000,2184440146000000000000,2994,2449,valid
0xbc08509fcc6a97bf8a423af4af0ca62164d7ed8632c829d9ca957cf84463f8d0,20260825,informed_flow,Informed flow,123,informed,sell_base,2895000000,1931000000000000000000,1927775230000000000000,1670,1924,valid
0xc37833dcf4c546578af1f5109798616ef7fff892274d154c67cf7e33d5b97daa,20260825,informed_flow,Informed flow,124,informed,sell_base,4160000000,2009000000000000000000,2000086067000000000000,4437,1772,valid
0xc5a464320c0fd147520c9df4ee9ca4dbb9ec1f7e1880e9ceefd06d588a70c672,20260825,informed_flow,Informed flow,125,informed,sell_base,925000000,1832000000000000000000,1828858120000000000000,1715,1001,valid
0xd718764cf56130994c9d3135ac23d0e748a0e4fc0d3c6cd71e3d9e967cac0368,20260825,informed_flow,Informed flow,126,informed,buy_base,1564000000,2162000000000000000000,2167869830000000000000,2715,1396,valid
0x333ea22e8678c86be61dcde2f6f1cc000c4b029606388be24f70bec3fde6ace6,20260825,informed_flow,Informed flow,127,informed,sell_base,573000000,1848000000000000000000,1840513752000000000000,4051,1010,valid
0xcd1d6b88c8cf392e03975c78ee576ff7bc969cf62dea58ba57f06f9178c78dee,20260825,inventory_improving_flow,Inventory-improving flow,0,inventory_improving,buy_base,4811000000,2128000000000000000000,2122137360000000000000,-2755,1241,valid
0x00e7293c44f4e29397358f7f2804a70512a30f7fd314df2736909e093e2f5540,20260825,inventory_improving_flow,Inventory-improving flow,1,inventory_improving,sell_base,2350000000,1805000000000000000000,1807203905000000000000,-1221,1352,valid
0x332cb4dc11464c0c3aac397f30853449d1e7f921f6515e1ed910198d64816ce8,20260825,inventory_improving_flow,Inventory-improving flow,2,inventory_improving,buy_base,1402000000,2069000000000000000000,2067326179000000000000,-809,1515,valid
0x3dd1d7a64240f1ee503b11e6d4c618f88efaccceee6990c8784aa389d8152ecb,20260825,inventory_improving_flow,Inventory-improving flow,3,inventory_improving,buy_base,1800000000,2161000000000000000000,2157373842000000000000,-1678,1707,valid
0x9f734d018bf8d181f5238c925e6bc1f5bebd58380513f65e75fbe45b9f2c7c19,20260825,inventory_improving_flow,Inventory-improving flow,4,inventory_improving,buy_base,4207000000,1899000000000000000000,1896949080000000000000,-1080,1979,valid
0xa1ae5b234a35cb03fe85400794355f61dabf0a89a97970ceb5a9efc5adb598a0,20260825,inventory_improving_flow,Inventory-improving flow,5,inventory_improving,sell_base,2191000000,1976000000000000000000,1979870984000000000000,-1959,1309,valid
0xe0c99acf5b74d6206b50c2b5bac067547e9271e2447fe4300615d92e17fefe41,20260825,inventory_improving_flow,Inventory-improving flow,6,inventory_improving,buy_base,3257000000,2039000000000000000000,2034073776000000000000,-2416,1728,valid
0x3edb96251cc7387c0d4b2640ae06bee9a795f02c60bafb8ea577eec12c07346b,20260825,inventory_improving_flow,Inventory-improving flow,7,inventory_improving,buy_base,2843000000,1922000000000000000000,1917012410000000000000,-2595,1617,valid
0x3bf7acbd87bf2df7b128752c9534d1c4f81152facefc969640d3aa2c3a045f7f,20260825,inventory_improving_flow,Inventory-improving flow,8,inventory_improving,sell_base,4443000000,2015000000000000000000,2018894995000000000000,-1933,927,valid
0xf93443f468ac14026b38e04fe95abcde54d41894381721e5a6a9059a812bfcab,20260825,inventory_improving_flow,Inventory-improving flow,9,inventory_improving,buy_base,3361000000,1988000000000000000000,1985793320000000000000,-1110,871,valid
0x6d148542ca6f9b576124e694706f8c26abcdd6cdd1fe7aa807ad6f58cf3ea130,20260825,inventory_improving_flow,Inventory-improving flow,10,inventory_improving,sell_base,3803000000,1815000000000000000000,1818740715000000000000,-2061,1784,valid
0x74007b1fb8a7b9c9e90daae97724a4624e6f495cf504cc5a1a1a80f17bad2b27,20260825,inventory_improving_flow,Inventory-improving flow,11,inventory_improving,buy_base,114000000,2164000000000000000000,2159676328000000000000,-1998,1370,valid
0x9d375b9e9856e12691e612c18b56174699cf03d5c42c9b5a82eb3f5040d13745,20260825,inventory_improving_flow,Inventory-improving flow,12,inventory_improving,buy_base,1253000000,2186000000000000000000,2181129592000000000000,-2228,998,valid
0xb05d60a995c675b29a3f49947a5be5a313380708bd32f62292cd4876bbc72356,20260825,inventory_improving_flow,Inventory-improving flow,13,inventory_improving,sell_base,3342000000,1997000000000000000000,1998885168000000000000,-944,1192,valid
0xbabc63139ce67a555ca788323614f3bf1777e0439bc05bbde4d5c5c7a646a0fe,20260825,inventory_improving_flow,Inventory-improving flow,14,inventory_improving,buy_base,1307000000,1806000000000000000000,1802891874000000000000,-1721,1503,valid
0xf09c7760fca0e13cc41fc93cc6ddf7ef20190910e3efacce1116817bbbecd76b,20260825,inventory_improving_flow,Inventory-improving flow,15,inventory_improving,sell_base,2140000000,2023000000000000000000,2024800470000000000000,-890,1234,valid
0xfafe700c807c2dfa4fbd9b963fbfa90ce1c23b663fcded5aa27ecceabb7b1a4c,20260825,inventory_improving_flow,Inventory-improving flow,16,inventory_improving,buy_base,3176000000,1875000000000000000000,1871278125000000000000,-1985,1111,valid
0xf28f709ffe36b16789111eabd5616301a00ba3a389a8b26357e256b26d294616,20260825,inventory_improving_flow,Inventory-improving flow,17,inventory_improving,sell_base,144000000,2171000000000000000000,2176462236000000000000,-2516,1323,valid
0x684dd9a60b92265c3419d44a9d7c3f45f2e6e1fbebeb6c95860442b7051b91c4,20260825,inventory_improving_flow,Inventory-improving flow,18,inventory_improving,sell_base,2393000000,1886000000000000000000,1889113786000000000000,-1651,1792,valid
0x3ca00e7dc982c736618c33ba6aafebe0cc891d3d6eb4c0b648be46099c1e55a4,20260825,inventory_improving_flow,Inventory-improving flow,19,inventory_improving,sell_base,984000000,1986000000000000000000,1990148754000000000000,-2089,1686,valid
0x6b53d227c7bd683bfae3a775688ea90d34d9fb27c5d5281aa94de1d380476b1e,20260825,inventory_improving_flow,Inventory-improving flow,20,inventory_improving,buy_base,3080000000,1803000000000000000000,1799981778000000000000,-1674,1414,valid
0xca96e37599e1945b7ca92104b7b41275f08d928406968ceadb50361b3cab960a,20260825,inventory_improving_flow,Inventory-improving flow,21,inventory_improving,buy_base,1367000000,1888000000000000000000,1884401472000000000000,-1906,1954,valid
0x7381e030f0e5d205e861c37e80e6281e6a9059c8db5f2b238baed2acaea14bf6,20260825,inventory_improving_flow,Inventory-improving flow,22,inventory_improving,buy_base,3649000000,2150000000000000000000,2144818500000000000000,-2410,1791,valid
0x2b3526a382d9a534eb9709b03182c79c4c89669850cfef18a25ea29bda6d03b3,20260825,inventory_improving_flow,Inventory-improving flow,23,inventory_improving,sell_base,4339000000,1990000000000000000000,1992280540000000000000,-1146,1428,valid
0x1cb4780314631fca20582947e701b7052a6cb296c5bed1af81c1e303504f4b88,20260825,inventory_improving_flow,Inventory-improving flow,24,inventory_improving,sell_base,429000000,2073000000000000000000,2075017029000000000000,-973,1901,valid
0x52c99843e147debebd96e2929d581c6c583c2b29b1482a6ee565e9f252603402,20260825,inventory_improving_flow,Inventory-improving flow,25,inventory_improving,buy_base,239000000,2078000000000000000000,2074550520000000000000,-1660,1773,valid
0x2ee6908395b98e92258f79aace8cb65b05440fe8c1688ff92e2617832a7ec2f6,20260825,inventory_improving_flow,Inventory-improving flow,26,inventory_improving,buy_base,2039000000,1835000000000000000000,1829757405000000000000,-2857,1146,valid
0x1f393a33d764fbaf79559db046251cb590336d535e75b6ddab1ed1d4aa8ffbec,20260825,inventory_improving_flow,Inventory-improving flow,27,inventory_improving,buy_base,3502000000,2119000000000000000000,2114630622000000000000,-2062,936,valid
0x4170628fae7a78691bdbcea965851c98c1846f41b493dc9843ee1851eaa6d6f1,20260825,inventory_improving_flow,Inventory-improving flow,28,inventory_improving,buy_base,2964000000,2129000000000000000000,2126381330000000000000,-1230,1536,valid
0x8ae505043a1ae3961bdcf3821dfabba78322e1bca5bcd26b6939f8cff8aa25d1,20260825,inventory_improving_flow,Inventory-improving flow,29,inventory_improving,buy_base,4677000000,1804000000000000000000,1802518916000000000000,-821,1379,valid
0x3b1ac3829c35380220556be1c4ddccf7f59d10326b53d7233d673efdb69fdc6e,20260825,inventory_improving_flow,Inventory-improving flow,30,inventory_improving,buy_base,3022000000,1924000000000000000000,1919436272000000000000,-2372,1616,valid
0x4961ec1aa7898c13d25d0c664897635177bcb9d189ac2c6cd94b0745285ca242,20260825,inventory_improving_flow,Inventory-improving flow,31,inventory_improving,buy_base,2878000000,1917000000000000000000,1914270192000000000000,-1424,1111,valid
0x489ec193cbc60416cee2fef24dceeea8632e380df38098426e5f2b9f17ceee5b,20260825,inventory_improving_flow,Inventory-improving flow,32,inventory_improving,buy_base,3361000000,2111000000000000000000,2105046980000000000000,-2820,1835,valid
0xcb65422a01dfe70fa99058270bb6ee8d973f5944146a414144cc9ef480facb7b,20260825,inventory_improving_flow,Inventory-improving flow,33,inventory_improving,buy_base,271000000,2114000000000000000000,2107890540000000000000,-2890,1176,valid
0x4fa9ccdeb4634920a0f8d4c273575363cc6705509b048d999f39b024d2e3dc76,20260825,inventory_improving_flow,Inventory-improving flow,34,inventory_improving,buy_base,2772000000,2101000000000000000000,2097090039000000000000,-1861,1309,valid
0x9e136a3ee99e1516a6b24c63991cb215fa6c3b3db0b5d90777b5af46de2fc754,20260825,inventory_improving_flow,Inventory-improving flow,35,inventory_improving,buy_base,333000000,2166000000000000000000,2160608826000000000000,-2489,1810,valid
0x5f12c4543b6cb4a56b3514d4befe07e4491535ff4eaaf9f06c0a366db228d7a3,20260825,inventory_improving_flow,Inventory-improving flow,36,inventory_improving,sell_base,4122000000,2082000000000000000000,2083819668000000000000,-874,1499,valid
0x47350e92c1a32afdd4bbb558d1bc2f3e9e89752b432a5e88da9495524ff49efd,20260825,inventory_improving_flow,Inventory-improving flow,37,inventory_improving,buy_base,440000000,2026000000000000000000,2021048456000000000000,-2444,1899,valid
0xc7302e5ec2e29d733757a8ca9a33a8ac496cc351de8781556604f6807fe11c05,20260825,inventory_improving_flow,Inventory-improving flow,38,inventory_improving,sell_base,573000000,2100000000000000000000,2105457900000000000000,-2599,1393,valid
0xd407c26db4c71615092de432956b0a5342620939ada771663e249466d190860e,20260825,inventory_improving_flow,Inventory-improving flow,39,inventory_improving,sell_base,3738000000,1852000000000000000000,1856711488000000000000,-2544,1965,valid
0x80061dad15083532d17e47825a81276cbb44c8276fedff44e665d3d8a842442a,20260825,inventory_improving_flow,Inventory-improving flow,40,inventory_improving,sell_base,126000000,1829000000000000000000,1831639247000000000000,-1443,1218,valid
0xe47e040258fc517142a2f6408d8dca7cfb7d1212b0d9c8ae5ee74b5dd5a1bb4d,20260825,inventory_improving_flow,Inventory-improving flow,41,inventory_improving,sell_base,2151000000,2157000000000000000000,2161939530000000000000,-2290,1358,valid
0x7cd7a67c7bdac7aa983fd40b74b45d08fb469964fbefe5f5d22cbb48faf21f6e,20260825,inventory_improving_flow,Inventory-improving flow,42,inventory_improving,buy_base,298000000,2112000000000000000000,2107934400000000000000,-1925,1658,valid
0xf83db6f35770b7c73f16cec208b12ee04951835925786955276cfdeca7469112,20260825,inventory_improving_flow,Inventory-improving flow,43,inventory_improving,sell_base,3041000000,1876000000000000000000,1879063508000000000000,-1633,1446,valid
0x0eb20dc085f5e3ad5f3818e9ce9244aa5963b28b644202978f8f45665ad0c9bb,20260825,inventory_improving_flow,Inventory-improving flow,44,inventory_improving,buy_base,393000000,1874000000000000000000,1869558620000000000000,-2370,1480,valid
0xc3a8b50f46520fd4ab876c984cd9ee4a06a37c20db0284f6b2aabaec388cfb38,20260825,inventory_improving_flow,Inventory-improving flow,45,inventory_improving,buy_base,542000000,1854000000000000000000,1848686436000000000000,-2866,905,valid
0xb90ce3415ee78ced03d867b10f9dfeb4713471113b606ec313fa72e19e838edf,20260825,inventory_improving_flow,Inventory-improving flow,46,inventory_improving,buy_base,3252000000,1843000000000000000000,1837762194000000000000,-2842,1472,valid
0xb899747ea87cda0e189a3c27c8ba375731cb421aaa73119ec3f8f6789db17344,20260825,inventory_improving_flow,Inventory-improving flow,47,inventory_improving,buy_base,3959000000,1878000000000000000000,1874003616000000000000,-2128,1383,valid
0xc55e29ed056899dacd52e5c3ae2f34b83f7e968aee22fb92c96eb3255036f77f,20260825,inventory_improving_flow,Inventory-improving flow,48,inventory_improving,sell_base,1527000000,1980000000000000000000,1984892580000000000000,-2471,1804,valid
0x1c7aafb26d18f641d1bd087a2b5e8524ce40e74b6fc02e4511fb96c70a3e8841,20260825,inventory_improving_flow,Inventory-improving flow,49,inventory_improving,buy_base,2680000000,1941000000000000000000,1937428560000000000000,-1840,837,valid
0x6b85abec27ad518eb88a0442ce67c81cd5a392d914260354140996ffa1d80d91,20260825,inventory_improving_flow,Inventory-improving flow,50,inventory_improving,sell_base,3497000000,1868000000000000000000,1869742844000000000000,-933,1961,valid
0x4ed8017a8fbf0a7e0536ae273c883834bd78f15e169b6575e27772a66c5b2788,20260825,inventory_improving_flow,Inventory-improving flow,51,inventory_improving,sell_base,4682000000,1800000000000000000000,1801782000000000000000,-990,1613,valid
0xbcf13c174c9dd8f37d1e272a673a69dd85f49368ca4bbe48b871822656d10c8a,20260825,inventory_improving_flow,Inventory-improving flow,52,inventory_improving,buy_base,4410000000,2066000000000000000000,2061095316000000000000,-2374,934,valid
0x18fafc02eeb2d9073d7c1b10a76c2972f80cf4cd4ee24e03bd19f676eed431b2,20260825,inventory_improving_flow,Inventory-improving flow,53,inventory_improving,sell_base,3886000000,2009000000000000000000,2014008437000000000000,-2493,1085,valid
0x2b332e7f8e689c90198aa9e8d55b4478a491365d4fcb76a486a7521f1e02e59c,20260825,inventory_improving_flow,Inventory-improving flow,54,inventory_improving,buy_base,3342000000,2129000000000000000000,2126662358000000000000,-1098,1682,valid
0x96fd04fd2c186cd2a76fe1a37ce48c9705429f68b1a19a99e7e2bb490acbdfee,20260825,inventory_improving_flow,Inventory-improving flow,55,inventory_improving,sell_base,4323000000,1973000000000000000000,1976853269000000000000,-1953,1547,valid
0x733496374e09811d3b8002574a63cb06e1e262393cd140f7249f12b991a3e345,20260825,inventory_improving_flow,Inventory-improving flow,56,inventory_improving,buy_base,4477000000,2087000000000000000000,2081438145000000000000,-2665,1870,valid
0x62e7168cbf86f27132c5dcf44416875b3a9185be4cdde118f83ad40651dadd9a,20260825,inventory_improving_flow,Inventory-improving flow,57,inventory_improving,sell_base,2213000000,2173000000000000000000,2177867520000000000000,-2240,1411,valid
0x58d0c7b76fbcbe4dcf929dae56ec588e4d08c1fc3202ad8d6a17c4ec813406fa,20260825,inventory_improving_flow,Inventory-improving flow,58,inventory_improving,sell_base,502000000,2012000000000000000000,2014979772000000000000,-1481,1853,valid
0xe71ac60280ca7ff0f95c0d3afa74d2ad05c83cd44f619d32191a1b93dd12e4b8,20260825,inventory_improving_flow,Inventory-improving flow,59,inventory_improving,buy_base,3814000000,2200000000000000000000,2193991800000000000000,-2731,1398,valid
0x00162f7da982f99bb535169f779b983dd30546a0ea49f110577cead71146649b,20260825,inventory_improving_flow,Inventory-improving flow,60,inventory_improving,buy_base,4855000000,1851000000000000000000,1846133721000000000000,-2629,1365,valid
0xf508dce51030884e3caf2150b4c5b2b4ab14e2aeeb5448580e424b11ebb9902a,20260825,inventory_improving_flow,Inventory-improving flow,61,inventory_improving,sell_base,1763000000,2045000000000000000000,2048762800000000000000,-1840,1507,valid
0x12512c2b63ab646f8db5a562933f145defa2e0c62043f18e0fab0d0f7cfcada4,20260825,inventory_improving_flow,Inventory-improving flow,62,inventory_improving,buy_base,884000000,2004000000000000000000,2000342700000000000000,-1825,883,valid
0x590476b550f76ae0f5ee52cbd1b540bc9579352fd44d39e527e7321acd0f25c6,20260825,inventory_improving_flow,Inventory-improving flow,63,inventory_improving,buy_base,4969000000,2035000000000000000000,2032706555000000000000,-1127,1345,valid
0xa4253ab9421487b6823ae927494462c40b7a49e5b2fa06d918bf115074ebc7a6,20260825,inventory_improving_flow,Inventory-improving flow,64,inventory_improving,sell_base,3210000000,2126000000000000000000,2131944296000000000000,-2796,1914,valid
0xa1017b1fc3dd0738b9ff22d93c421aacf342ededb0477a01e4a063ff88d6a32c,20260825,inventory_improving_flow,Inventory-improving flow,65,inventory_improving,buy_base,4846000000,2072000000000000000000,2069959080000000000000,-985,1628,valid
0x4c0caedfc0759cdc849122aba622d91f83e552ba01ab9d8dfd05da7a04c8d8bf,20260825,inventory_improving_flow,Inventory-improving flow,66,inventory_improving,buy_base,3096000000,1965000000000000000000,1959160020000000000000,-2972,1486,valid
0x8924e0994b72099e680508098c4385804509f42405e4f404376cd1c890f64d5b,20260825,inventory_improving_flow,Inventory-improving flow,67,inventory_improving,sell_base,1019000000,1948000000000000000000,1949856444000000000000,-953,1190,valid
0x21347a5cd70fbb36df4cd686a5839e4b7e05d387788b2b5012d4190d8181b8b4,20260825,inventory_improving_flow,Inventory-improving flow,68,inventory_improving,buy_base,3471000000,2055000000000000000000,2051340045000000000000,-1781,1372,valid
0x2f37952d7395f98cd583bcc4fe4b48494e9e336e2ae4f5f044be32f996bbc734,20260825,inventory_improving_flow,Inventory-improving flow,69,inventory_improving,sell_base,3499000000,2034000000000000000000,2038430052000000000000,-2178,1746,valid
0x53b01450cac01f150f745b494a4a1aad353c4d7a866be586417807ce8cf3a1dd,20260825,inventory_improving_flow,Inventory-improving flow,70,inventory_improving,buy_base,3668000000,2090000000000000000000,2085851350000000000000,-1985,1835,valid
0x362f6fd15c9efec0cc65a191d12cf922036d2066cdf42db30a90ea69e6fa42d3,20260825,inventory_improving_flow,Inventory-improving flow,71,inventory_improving,buy_base,1831000000,1933000000000000000000,1928066984000000000000,-2552,1333,valid
0x3322b843c6390d1172e7561ba1d7998f37ee48928cb931a50835995ac53f39b3,20260825,inventory_improving_flow,Inventory-improving flow,72,inventory_improving,sell_base,1124000000,2184000000000000000000,2186157792000000000000,-988,1175,valid
0x4987eba77d5dd44f3bab0637a83156a85eaa9039172f6afe9394d8979a1d7fc4,20260825,inventory_improving_flow,Inventory-improving flow,73,inventory_improving,sell_base,2956000000,1825000000000000000000,1827270300000000000000,-1244,1241,valid
0x9149445eb546f257032065f8ccafa7f695086af7c61689c2e7074b702eec7c70,20260825,inventory_improving_flow,Inventory-improving flow,74,inventory_improving,buy_base,3282000000,1921000000000000000000,1916577858000000000000,-2302,860,valid
0x2ae667c72f98f043a5f5686b17e08213619cd5bbebe5302f8eb9a3129f674a62,20260825,inventory_improving_flow,Inventory-improving flow,75,inventory_improving,buy_base,1593000000,2002000000000000000000,1997561566000000000000,-2217,1372,valid
0xdbc9180a9fe5ce15878d858dad1a7cccb375a80aafeaa0875fb662e588376b3e,20260825,inventory_improving_flow,Inventory-improving flow,76,inventory_improving,buy_base,1941000000,2152000000000000000000,2147026728000000000000,-2311,1188,valid
0xe1853b5b3de91b6ec7433dfa4251b0f4656c76b2fdd660e6b03754f86be8fc9f,20260825,inventory_improving_flow,Inventory-improving flow,77,inventory_improving,sell_base,908000000,2064000000000000000000,2069071248000000000000,-2457,854,valid
0x79c5fa6cdab2a7daae947647a6725364459a9e676f8776c716c35793a52e720a,20260825,inventory_improving_flow,Inventory-improving flow,78,inventory_improving,buy_base,2398000000,2008000000000000000000,2006136576000000000000,-928,1163,valid
0x11a29a13d39d78df6d332fb8ae9f25d082a839463c33c97bc64a49423ee615a8,20260825,inventory_improving_flow,Inventory-improving flow,79,inventory_improving,buy_base,3847000000,2013000000000000000000,2007399834000000000000,-2782,1530,valid
0x308822be91c568ec07706d4b134cfb2904600d864fc9ba75f53c24e4ce912f27,20260825,inventory_improving_flow,Inventory-improving flow,80,inventory_improving,buy_base,4839000000,2155000000000000000000,2152366590000000000000,-1222,1913,valid
0x7c5448bec0ec31a56f44c0accc23f87823d09f20d6340cb8499e3511300a61af,20260825,inventory_improving_flow,Inventory-improving flow,81,inventory_improving,sell_base,2463000000,2010000000000000000000,2013515490000000000000,-1749,1276,valid
0xaaf5227f7adbc1fe6c7b61ba82cf8dd997a0bd5a62adf4578be4ec51509c3767,20260825,inventory_improving_flow,Inventory-improving flow,82,inventory_improving,buy_base,2153000000,1836000000000000000000,1831947948000000000000,-2207,1679,valid
0x1e38b3fe06ab893650451bfc11dd0d9d7c2ca5be3f5e3604856593d55e68f385,20260825,inventory_improving_flow,Inventory-improving flow,83,inventory_improving,buy_base,3430000000,2194000000000000000000,2190656344000000000000,-1524,1216,valid
0xc59431bd7efdf9569ada887aae5e267f26e82cac42c0875fbf216bc592117005,20260825,inventory_improving_flow,Inventory-improving flow,84,inventory_improving,buy_base,1169000000,2000000000000000000000,1996168000000000000000,-1916,1802,valid
0x8d4b254fdd6528384343997d00eacaa72547db3ac7c8fdfbecd08d9a6dfad2e6,20260825,inventory_improving_flow,Inventory-improving flow,85,inventory_improving,buy_base,3785000000,1997000000000000000000,1993115835000000000000,-1945,949,valid
0x71180b9bcef158a3d44dec6f7bd163b06d2b2c93d34031531d696c3814912356,20260825,inventory_improving_flow,Inventory-improving flow,86,inventory_improving,sell_base,3003000000,1890000000000000000000,1894020030000000000000,-2127,980,valid
0x5a1bf57a19bd0389a701d4a6ed91e4591efee8cea2a552191b666be2e4244e35,20260825,inventory_improving_flow,Inventory-improving flow,87,inventory_improving,buy_base,2571000000,1803000000000000000000,1798663785000000000000,-2405,1843,valid
0x434a1682192943605e2a2cdc920d746b886c948fdc5839f3ab2a24b14d899322,20260825,inventory_improving_flow,Inventory-improving flow,88,inventory_improving,buy_base,609000000,2175000000000000000000,2171252475000000000000,-1723,1844,valid
0x32d9da00dad1747d38ca0959173243cbdcff85266135414ef6c78e30a2e0d8bc,20260825,inventory_improving_flow,Inventory-improving flow,89,inventory_improving,buy_base,4309000000,2193000000000000000000,2190120591000000000000,-1313,1404,valid
0x7a7966d3ba4be6f028e86df6d61e0a5d61eecfb0ded0e0b36fc616e314f68983,20260825,inventory_improving_flow,Inventory-improving flow,90,inventory_improving,sell_base,4516000000,1980000000000000000000,1984369860000000000000,-2207,1924,valid
0x16d127362da8a606ef70e13354756580ad6064fa550c79b423ab3ecca1b8fa4f,20260825,inventory_improving_flow,Inventory-improving flow,91,inventory_improving,buy_base,1962000000,1868000000000000000000,1863442080000000000000,-2440,1299,valid
0x789ac99593a292706f605b48c949361e705ec80f77450bca1c075ce0bd652335,20260825,inventory_improving_flow,Inventory-improving flow,92,inventory_improving,buy_base,2408000000,1824000000000000000000,1819419936000000000000,-2511,1147,valid
0x100e32e2a424a33cdfe9ad5bac48f94907942be7d6d2ea757b40fb714f0eec5f,20260825,inventory_improving_flow,Inventory-improving flow,93,inventory_improving,buy_base,3709000000,2141000000000000000000,2138306622000000000000,-1258,1849,valid
0x089114d0e9f916c69f024e645f5c84c62fd5bca47f9198bb661006a80dc972a0,20260825,inventory_improving_flow,Inventory-improving flow,94,inventory_improving,sell_base,3368000000,1878000000000000000000,1881872436000000000000,-2062,1411,valid
0xb224d1f2e1c72871fabeb8e42dee02536f3b9e8e8c8045f41bdaa98cd76729ce,20260825,inventory_improving_flow,Inventory-improving flow,95,inventory_improving,sell_base,700000000,1932000000000000000000,1936596228000000000000,-2379,1844,valid
0x2d2a727af3504d6f35d4719a6c0bcf2d1d5f05a613ea93ae834a897d5f22663a,20260825,inventory_improving_flow,Inventory-improving flow,96,inventory_improving,sell_base,3990000000,1847000000000000000000,1849975517000000000000,-1611,914,valid
0x78d7a00474ffcd69b67840dc784e2bb867db5f48786533c2a6a426bdbfafea78,20260825,inventory_improving_flow,Inventory-improving flow,97,inventory_improving,buy_base,1466000000,2189000000000000000000,2183923709000000000000,-2319,1422,valid
0xb24f0ab31a9e2cdb73f270c92f817c3deac087ab881d389087101c4a7a2fdfb9,20260825,inventory_improving_flow,Inventory-improving flow,98,inventory_improving,sell_base,164000000,2018000000000000000000,2021440690000000000000,-1705,1356,valid
0xe01d7dc2248b5db58826afefa1e0dd2d321a3c78c28c5cd28314c69e56d8a8c2,20260825,inventory_improving_flow,Inventory-improving flow,99,inventory_improving,sell_base,1648000000,2151000000000000000000,2156644224000000000000,-2624,1090,valid
0x3abaf0f499d1c84cd2bc2280b40ceebb3ff06406cf1112e94cacfe923a9ad0cf,20260825,inventory_improving_flow,Inventory-improving flow,100,inventory_improving,buy_base,1483000000,1818000000000000000000,1812985956000000000000,-2758,1503,valid
0x0f7b839ba84bc973df18bbffc60413331ee92268b0e4d27b7f932367c417f699,20260825,inventory_improving_flow,Inventory-improving flow,101,inventory_improving,buy_base,3963000000,2136000000000000000000,2131418280000000000000,-2145,1493,valid
0x6bf5c0c8c4725ca91d7eb8064a473b029baaa9c16f521259de1ead4052de3277,20260825,inventory_improving_flow,Inventory-improving flow,102,inventory_improving,sell_base,884000000,1903000000000000000000,1908482543000000000000,-2881,1213,valid
0xdf277cca02e3a6f67c58d50c763892e30f1d5ec13ffe5c7b9647339a8b0107e1,20260825,inventory_improving_flow,Inventory-improving flow,103,inventory_improving,sell_base,4097000000,1829000000000000000000,1833523117000000000000,-2473,1202,valid
0x20cee9822e12f3e7aaa6ff624be45001239c1337464baabe848da0c644a87df6,20260825,inventory_improving_flow,Inventory-improving flow,104,inventory_improving,buy_base,987000000,1890000000000000000000,1885507470000000000000,-2377,1308,valid
0x3fe7aaa97372f9a0a389ce68117a39b28f1b974b4fd7b718557f9e6cb6e5ef76,20260825,inventory_improving_flow,Inventory-improving flow,105,inventory_improving,sell_base,4559000000,2003000000000000000000,2008632436000000000000,-2812,1946,valid
0x17cefc74c065a531a25d3df47d438ce0faa7c7bfe18ba3cd1b350ea3762b4687,20260825,inventory_improving_flow,Inventory-improving flow,106,inventory_improving,buy_base,1583000000,1952000000000000000000,1949526816000000000000,-1267,1124,valid
0xa8fa59b11867f6bc4eda854f7dc96bd14a0bb9d49c31ae7bfe542518746972f2,20260825,inventory_improving_flow,Inventory-improving flow,107,inventory_improving,sell_base,2425000000,2195000000000000000000,2198408835000000000000,-1553,924,valid
0x6566ceb9bf926af3b73d1a4cfc1d9c544daad797b552103740ace3133801b231,20260825,inventory_improving_flow,Inventory-improving flow,108,inventory_improving,buy_base,3839000000,1960000000000000000000,1955292080000000000000,-2402,1859,valid
0x4c27cf63da8cb8d357dab59cd68812f5b810b17cd061575a1849ee6372f1fe14,20260825,inventory_improving_flow,Inventory-improving flow,109,inventory_improving,sell_base,3935000000,1807000000000000000000,1811716270000000000000,-2610,1299,valid
0x718eeea31733e2238d1720b113f2a8ccc3d3db559cd5929a852350a83196b4ae,20260825,inventory_improving_flow,Inventory-improving flow,110,inventory_improving,buy_base,694000000,1828000000000000000000,1822863320000000000000,-2810,1740,valid
0x8a12ea52d82fa7b0e0c84c7e6e23f0a78147c6cfa295df5b32663d3190004e55,20260825,inventory_improving_flow,Inventory-improving flow,111,inventory_improving,sell_base,2085000000,2032000000000000000000,2036037584000000000000,-1987,1590,valid
0xd2279d13f8a33176e8a29a338a8e764c4f7f444ae4b16318f76431d4bd4f9a5a,20260825,inventory_improving_flow,Inventory-improving flow,112,inventory_improving,sell_base,1266000000,2163000000000000000000,2164894788000000000000,-876,1925,valid
0xd0d9f91f0fd65017d9a06ea5602458647af1b23875ce4e1a3cfd76b795fd9496,20260825,inventory_improving_flow,Inventory-improving flow,113,inventory_improving,buy_base,1642000000,2006000000000000000000,2004186576000000000000,-904,1442,valid
0xf6a7793c4c6b071268ca6a86126ca9a09110e6f64c6b025de5bd0e8ce9496f5b,20260825,inventory_improving_flow,Inventory-improving flow,114,inventory_improving,buy_base,1918000000,1856000000000000000000,1851664384000000000000,-2336,1403,valid
0x4a6faba0be69f10b4a4d370a20f282d7a755d918fe17ee0f39fe9b2e5dd84fb2,20260825,inventory_improving_flow,Inventory-improving flow,115,inventory_improving,buy_base,2702000000,2042000000000000000000,2039598608000000000000,-1176,916,valid
0xc83d9728e12d6983ae5f55883b78a836763b28e12f7975a8098b7257260972bd,20260825,inventory_improving_flow,Inventory-improving flow,116,inventory_improving,buy_base,379000000,2162000000000000000000,2156893356000000000000,-2362,1156,valid
0x162cbe0b6b85b9610f6d85c752d601b3d88d3c3317d6d8e4769091628fe3ed09,20260825,inventory_improving_flow,Inventory-improving flow,117,inventory_improving,sell_base,2201000000,2071000000000000000000,2075562413000000000000,-2203,1902,valid
0x3154084074aac9371112c36c9dcbb76515bb8de1934e623d9251cc65787d148c,20260825,inventory_improving_flow,Inventory-improving flow,118,inventory_improving,buy_base,1766000000,2110000000000000000000,2103935860000000000000,-2874,1198,valid
0x52baaf4a0ea37432fbbc446a2c48bb1e9e1e702e4fcddf49fc51f8f082f46902,20260825,inventory_improving_flow,Inventory-improving flow,119,inventory_improving,buy_base,956000000,2151000000000000000000,2146102173000000000000,-2277,1880,valid
0x672a283267a5fb63e8c8482d22d46364936f84acfe89db3bbd885d0dba18270d,20260825,inventory_improving_flow,Inventory-improving flow,120,inventory_improving,buy_base,613000000,1940000000000000000000,1934992860000000000000,-2581,1354,valid
0xb738f136dc591c1387d0409023fbdd1cbeda206ec8319c95e0f4e5caec764f79,20260825,inventory_improving_flow,Inventory-improving flow,121,inventory_improving,buy_base,3652000000,2106000000000000000000,2102558796000000000000,-1634,1269,valid
0x18fe4a51b8b8511bd7c3bead1cf7ad5843c9e39087ed7fcab71630f397220d48,20260825,inventory_improving_flow,Inventory-improving flow,122,inventory_improving,buy_base,4654000000,1814000000000000000000,1808819216000000000000,-2856,1684,valid
0x16b5efe3e72b9fcac65222b59f2a9fb9af4eb66c9f6a83a37fc676a6c3986ff5,20260825,inventory_improving_flow,Inventory-improving flow,123,inventory_improving,buy_base,1253000000,1893000000000000000000,1888642314000000000000,-2302,1127,valid
0xc5a116f61509d1e5f4049475c0e2afa20fdc1bd4e711014af66399c4d5aeddac,20260825,inventory_improving_flow,Inventory-improving flow,124,inventory_improving,sell_base,2641000000,2017000000000000000000,2020868606000000000000,-1918,1111,valid
0xe43e1a16a03bafa1fb189ee05bfb4c8b900fff4262de2ce5c2cca1b27b7715e4,20260825,inventory_improving_flow,Inventory-improving flow,125,inventory_improving,buy_base,3173000000,2038000000000000000000,2032472944000000000000,-2712,946,valid
0x0ec857884fea3d14fa2c7fb1ee6dd47c60bac2ac851e292e086a125e72c24516,20260825,inventory_improving_flow,Inventory-improving flow,126,inventory_improving,sell_base,4613000000,1903000000000000000000,1905133263000000000000,-1121,1141,valid
0x41817c7de7efec1086817a409de41e55aec080813e904c39c16fcea3873f514e,20260825,inventory_improving_flow,Inventory-improving flow,127,inventory_improving,buy_base,4940000000,2194000000000000000000,2192069280000000000000,-880,1819,valid
0xf34e3ada2209b38dac6e02e1a105d7b3a303d683d0f0e35b1c8170733147a59b,20260825,mixed_low_volatility,"Mixed, low volatility",0,benign,sell_base,4744000000,1907000000000000000000,1907736102000000000000,-386,636,valid
0xe756b5160ef51d58b80c20ca189089012b9bc62222177fd10fc90b224769cb5d,20260825,mixed_low_volatility,"Mixed, low volatility",1,informed,buy_base,1243000000,2175000000000000000000,2182949625000000000000,3655,1497,valid
0x4798e6286bf6577da52fe3331111f1eb493c8f359685d2c961aa80c9cee7fe8b,20260825,mixed_low_volatility,"Mixed, low volatility",2,benign,buy_base,3459000000,2026000000000000000000,2026457876000000000000,226,642,valid
0x7a0b0875114970d54970a82cea693a82b5f8e3e6fdcb58498354d3c80c9c9382,20260825,mixed_low_volatility,"Mixed, low volatility",3,benign,sell_base,2028000000,2134000000000000000000,2132506200000000000000,700,1339,valid
0x1d9b4f395d56844dde539606d067df40c92a3804faffe4a57ee8be3d1e79f38b,20260825,mixed_low_volatility,"Mixed, low volatility",4,benign,buy_base,4046000000,1869000000000000000000,1868644890000000000000,-190,913,valid
0x3c1feb3fd81e2744a47d478dac70e8a84e1c976d692d9d95353bbdcbffad9d36,20260825,mixed_low_volatility,"Mixed, low volatility",5,benign,buy_base,718000000,2196000000000000000000,2195367552000000000000,-288,950,valid
0x3b10b6fd084549bef64663bcbd56391d75bc2ed918d736c38871e94e26d63f68,20260825,mixed_low_volatility,"Mixed, low volatility",6,benign,buy_base,2086000000,1998000000000000000000,1997778222000000000000,-111,1078,valid
0xa08a663725feddf1f39f1f921022eec92c02be57273a494e90f6ba77b1956456,20260825,mixed_low_volatility,"Mixed, low volatility",7,benign,sell_base,3932000000,1809000000000000000000,1808386749000000000000,339,1093,valid
0xcfe884467d3c2becf8f438699f8bce4de517eaf3640803f8d755246530ffb8e8,20260825,mixed_low_volatility,"Mixed, low volatility",8,informed,sell_base,4826000000,1891000000000000000000,1886117438000000000000,2582,944,valid
0xf176476e88aac4734f7fa24b0d02a7e1fba88134d393c59475707236ecf583b6,20260825,mixed_low_volatility,"Mixed, low volatility",9,inventory_improving,sell_base,3277000000,2120000000000000000000,2125745200000000000000,-2710,1178,valid
0xe6bbc9a355065dfb489c1e7d487efd27f14fa07ed454f71596f114e5d75f894b,20260825,mixed_low_volatility,"Mixed, low volatility",10,informed,sell_base,2471000000,1909000000000000000000,1900739757000000000000,4327,1119,valid
0x23412ccb507d2ff9f84f3cb078961840a79d3e686ac360b4dab3b663ad352a1f,20260825,mixed_low_volatility,"Mixed, low volatility",11,informed,buy_base,3973000000,2067000000000000000000,2074984821000000000000,3863,1185,valid
0xc83ddaa12c7626c22be0fb69f6ff4e3266204b96431e40c3504e2e5690551c3b,20260825,mixed_low_volatility,"Mixed, low volatility",12,informed,buy_base,3102000000,1845000000000000000000,1852380000000000000000,4000,1005,valid
0x1bee56487e5656c664d4ed8c179f0cfecaa7e24d43c16bde59f14a16f6dc20b7,20260825,mixed_low_volatility,"Mixed, low volatility",13,inventory_improving,sell_base,4828000000,1854000000000000000000,1855965240000000000000,-1060,1316,valid
0x1165f0d7f762b0cf3b2db12e347122bbeed192f5fae23f9f5db2928becaea02a,20260825,mixed_low_volatility,"Mixed, low volatility",14,benign,buy_base,1932000000,1943000000000000000000,1941962438000000000000,-534,1023,valid
0xb1279e74c5a0fc3e0a077c2ad3856f623bbff112b2d5a28d946ce1e77b9c885a,20260825,mixed_low_volatility,"Mixed, low volatility",15,informed,sell_base,924000000,1827000000000000000000,1824217479000000000000,1523,1497,valid
0x71c27d60cb8a3b0e830c38db63651647ef0c668d8d02e96f2bdc1d321bc8b4e0,20260825,mixed_low_volatility,"Mixed, low volatility",16,benign,sell_base,4355000000,1996000000000000000000,1994984036000000000000,509,881,valid
0xce158a53cdef5c2a02e4dcbc1bd8478b32272807fa234b2b3d477af12a8d470f,20260825,mixed_low_volatility,"Mixed, low volatility",17,informed,buy_base,4775000000,2031000000000000000000,2034166329000000000000,1559,1249,valid
0x6661a37ad250c2fb764fc3452eb87aae835a63a3bb1db47d8be8be4f56d28c9c,20260825,mixed_low_volatility,"Mixed, low volatility",18,benign,buy_base,1129000000,1995000000000000000000,1995057855000000000000,29,1407,valid
0xe81fdaea11b0f390626b447d4537094fa2c76a00e565514f3d65c17bf47f1cd3,20260825,mixed_low_volatility,"Mixed, low volatility",19,benign,sell_base,4992000000,1978000000000000000000,1976651004000000000000,682,827,valid
0x36c17fdced5fdd58d33dece7972da7dec76b05669a5393afabed320f9a16cef3,20260825,mixed_low_volatility,"Mixed, low volatility",20,benign,buy_base,4898000000,2125000000000000000000,2125956250000000000000,450,1378,valid
0xf8ac1b3cb27b765637963f39c9d2024c0b056fa90c749fc966378cc9c97defd6,20260825,mixed_low_volatility,"Mixed, low volatility",21,benign,sell_base,4432000000,1804000000000000000000,1805064360000000000000,-590,810,valid
0xed0efd3babda1372593797cc9d78b220ab0ad5a116e6e3e9aabd41e76d33ca30,20260825,mixed_low_volatility,"Mixed, low volatility",22,inventory_improving,buy_base,2958000000,2047000000000000000000,2044770817000000000000,-1089,1043,valid
0xab6c3c98dafb8e6515f10411f36f6f1b722b403d8c5f5772138f3271989d26ea,20260825,mixed_low_volatility,"Mixed, low volatility",23,informed,buy_base,2140000000,2146000000000000000000,2149418578000000000000,1593,883,valid
0x0728f706ebdac19a24793666d499e9945cc580e7d5cf45c41ccbc181152ebc56,20260825,mixed_low_volatility,"Mixed, low volatility",24,inventory_improving,sell_base,3772000000,2044000000000000000000,2049911248000000000000,-2892,821,valid
0xc5b8d3c85a84038c1b90d04f3a8261bacc920baf885a988d2f379236ae8cb518,20260825,mixed_low_volatility,"Mixed, low volatility",25,inventory_improving,buy_base,3405000000,2002000000000000000000,1997923928000000000000,-2036,1249,valid
0x362c7bdb80460749d4bedd7e208625afb75337b7dc05ed3eae8d19b61bb9f4ec,20260825,mixed_low_volatility,"Mixed, low volatility",26,benign,buy_base,3206000000,2009000000000000000000,2009198891000000000000,99,912,valid
0x9224eb7ccc219318d6de59763ba219274cef8720a301c9bd6d04188fc6989fbe,20260825,mixed_low_volatility,"Mixed, low volatility",27,informed,sell_base,449000000,2013000000000000000000,2009473224000000000000,1752,1080,valid
0x7e9455372d74c715b5d57e3b379331634d525fe8842e9b47c38fb3a4818bef4d,20260825,mixed_low_volatility,"Mixed, low volatility",28,benign,buy_base,1341000000,1956000000000000000000,1955593152000000000000,-208,721,valid
0xb027b6fe16afecae1d1c2693a5f79c7f78ec5dbede9e0dcc054620eadac87b58,20260825,mixed_low_volatility,"Mixed, low volatility",29,informed,buy_base,4620000000,2091000000000000000000,2094535881000000000000,1691,551,valid
0xbbbcc8287e55e8a1ec14941708d296dfc64be1ec283dfcb81486959fca949d91,20260825,mixed_low_volatility,"Mixed, low volatility",30,inventory_improving,buy_base,2205000000,1919000000000000000000,1913398439000000000000,-2919,746,valid
0x61e622ca789b8785da57c4628285d2d8b3c3d6bbf9342a1129279651f079b0d9,20260825,mixed_low_volatility,"Mixed, low volatility",31,informed,buy_base,2049000000,2122000000000000000000,2126239756000000000000,1998,1231,valid
0xfc1e16e899bd4254ea85c7976cf5bc63995752d69554e368ea681fb54ff4ff27,20260825,mixed_low_volatility,"Mixed, low volatility",32,benign,buy_base,2027000000,2047000000000000000000,2047438058000000000000,214,1006,valid
0xfe4371d488c038f45ebc38e1e41c4f0ecb9ad1734adb59c42357a39a968b8dbe,20260825,mixed_low_volatility,"Mixed, low volatility",33,inventory_improving,sell_base,1147000000,1936000000000000000000,1940551536000000000000,-2351,541,valid
0x90d0e358308b3cc7ab38802e4ff36e900a8fc7bd22231af4526c318b38c7d8c3,20260825,mixed_low_volatility,"Mixed, low volatility",34,benign,sell_base,811000000,2174000000000000000000,2173817384000000000000,84,1252,valid
0xc0f79932f7791117962548b043ba3c32e393f178197fa858e59ef3e38762c5bf,20260825,mixed_low_volatility,"Mixed, low volatility",35,benign,buy_base,858000000,1996000000000000000000,1995968064000000000000,-16,1299,valid
0x2a81b9d995e23162c866b9235ca6203f76d02275f854e2a5672432f6778eb9e5,20260825,mixed_low_volatility,"Mixed, low volatility",36,benign,buy_base,4940000000,2123000000000000000000,2121851457000000000000,-541,631,valid
0xd8abe49d82729d2106fb1f21f107a77bae13cc1824f252120bb172ab903b79b3,20260825,mixed_low_volatility,"Mixed, low volatility",37,benign,buy_base,4939000000,1946000000000000000000,1946517636000000000000,266,646,valid
0x97d23cd1dbdee385c9c1bacf566d4adb7bbd4f931dbd95ca1c3ad4b82bbd8d9f,20260825,mixed_low_volatility,"Mixed, low volatility",38,benign,sell_base,589000000,1823000000000000000000,1824256047000000000000,-689,1165,valid
0x80750f46512c15ddb2210b6e0613ddd4df9809a34bbba4e55ee6075ebf9389d1,20260825,mixed_low_volatility,"Mixed, low volatility",39,inventory_improving,sell_base,4363000000,1944000000000000000000,1949678424000000000000,-2921,956,valid
0x2382ca9144aa63c28ec3c29b2c8b980d598310ed51063671420b9b9ffdbaec88,20260825,mixed_low_volatility,"Mixed, low volatility",40,inventory_improving,sell_base,399000000,1876000000000000000000,1880080300000000000000,-2175,869,valid
0x5d30f95f621fffdaa5e48dc95dfc95ded3664e64280e54c6662e318f299593fd,20260825,mixed_low_volatility,"Mixed, low volatility",41,benign,buy_base,1953000000,1919000000000000000000,1918873346000000000000,-66,526,valid
0x217df6f267355e81ac40f2d2b4ff119fec2ba1b6209ca0dee9cddebe89418d27,20260825,mixed_low_volatility,"Mixed, low volatility",42,inventory_improving,sell_base,2564000000,2149000000000000000000,2150772925000000000000,-825,1314,valid
0xb67ec13b4f6e58cf4fe6a7837c1e520a635b32677a8ad809713dbc28ec9f35fd,20260825,mixed_low_volatility,"Mixed, low volatility",43,benign,buy_base,4689000000,1883000000000000000000,1882930329000000000000,-37,1272,valid
0xdcecd89273dc28fcfc7eb5783d539186ae99d7b450dd1221c24b1b7673b155ec,20260825,mixed_low_volatility,"Mixed, low volatility",44,benign,sell_base,646000000,1906000000000000000000,1906257310000000000000,-135,1016,valid
0xa00b45938be03a2d63477f5b03d6f7b2811c993800cfd41bb9b609189f1678ed,20260825,mixed_low_volatility,"Mixed, low volatility",45,benign,buy_base,1828000000,1838000000000000000000,1838384142000000000000,209,617,valid
0x174417da490930ad6fae922c6abf0fc63e35f5a20d14cbe4bdd11d4dcf72a1d5,20260825,mixed_low_volatility,"Mixed, low volatility",46,informed,sell_base,3472000000,1844000000000000000000,1838279912000000000000,3102,788,valid
0xf1a21e03396cbc76a9e3377e6a79f6de5a08b01259b78e171b78a969ef8ce5a9,20260825,mixed_low_volatility,"Mixed, low volatility",47,benign,buy_base,2954000000,2096000000000000000000,2096731504000000000000,349,975,valid
0x28e9ced7fcca312d7a41d8ddc503687be82bf51ca2b5d7c9328ef042a4e3e667,20260825,mixed_low_volatility,"Mixed, low volatility",48,benign,buy_base,3172000000,2074000000000000000000,2075433134000000000000,691,1234,valid
0xe79bf192cd9914786ff02560801d2eeefa84fb3103fbd33e1081a152717c8148,20260825,mixed_low_volatility,"Mixed, low volatility",49,benign,sell_base,3900000000,2135000000000000000000,2135683200000000000000,-320,1466,valid
0x07d4e3f0ceef19c1de9b145b77b93b756568a6b900e95e79078de88bc5f511c3,20260825,mixed_low_volatility,"Mixed, low volatility",50,benign,buy_base,568000000,1996000000000000000000,1997065864000000000000,534,1437,valid
0x371ba04e6180661560e4b183d4c4334476673ce075e483cd1e8804c8fe7ba36e,20260825,mixed_low_volatility,"Mixed, low volatility",51,benign,buy_base,2709000000,1961000000000000000000,1959715545000000000000,-655,873,valid
0x70e23efa95c238be8d21206f544c2e8abe6a9d7687d0fd22acdab487e8db8c72,20260825,mixed_low_volatility,"Mixed, low volatility",52,informed,buy_base,649000000,1959000000000000000000,1965294267000000000000,3213,997,valid
0x807a880b01362ad659736dee061c2de55e141da73a21a8a442ddd7d047c6ca75,20260825,mixed_low_volatility,"Mixed, low volatility",53,informed,buy_base,4456000000,2090000000000000000000,2098878320000000000000,4248,1318,valid
0x7ca56b980bce6202088048af44390e9f860797a150136e8e7d8aa7926b729ebe,20260825,mixed_low_volatility,"Mixed, low volatility",54,benign,buy_base,4928000000,1968000000000000000000,1968432960000000000000,220,701,valid
0xd465c93704f2e049f7eca07f741b3cb52fcb54f326494bb67d81750508c1cc54,20260825,mixed_low_volatility,"Mixed, low volatility",55,benign,sell_base,3419000000,2140000000000000000000,2141170580000000000000,-547,736,valid
0x1f212b20a746a51e3f11ba33f163d0a719b3f4d4615a4d544c09d7a3b4a85448,20260825,mixed_low_volatility,"Mixed, low volatility",56,inventory_improving,sell_base,3581000000,2177000000000000000000,2179026787000000000000,-931,968,valid
0x67c38819cfea1a2d31e40f846e3cab62503ba910aef22d1af398df19e0254c36,20260825,mixed_low_volatility,"Mixed, low volatility",57,benign,buy_base,3891000000,1921000000000000000000,1922100733000000000000,573,1369,valid
0x5f55beab541d86a4897bc9dc671159528b02279a37a0896d53294c3fb977d8ff,20260825,mixed_low_volatility,"Mixed, low volatility",58,informed,sell_base,204000000,1930000000000000000000,1922453700000000000000,3910,1495,valid
0x1e58841f5e659496f6774711153ad178bdef1de690022e393c6528eb44be347c,20260825,mixed_low_volatility,"Mixed, low volatility",59,informed,sell_base,2758000000,1855000000000000000000,1847622665000000000000,3977,603,valid
0x2a6dd778a64ba7e4c94775b33ed3eecdbb9494f4021fe2eb132ca83ae9515675,20260825,mixed_low_volatility,"Mixed, low volatility",60,benign,sell_base,4081000000,1886000000000000000000,1885417226000000000000,309,515,valid
0x5b9486e04eef5ef059877a742ab71545ec67a6ef07ff3573ceef3c5f5fb7ac90,20260825,mixed_low_volatility,"Mixed, low volatility",61,benign,buy_base,552000000,2195000000000000000000,2195608015000000000000,277,514,valid
0xd9720d0dfaa50f25034a7514781d2fb179884c217cdc452e1114677d74ed075a,20260825,mixed_low_volatility,"Mixed, low volatility",62,informed,sell_base,4272000000,2176000000000000000000,2169900672000000000000,2803,1439,valid
0x1e119fa9d9ef1cec1cd42615c3c43a67d20bad797e1e78f7fa06705fb2d1f0b2,20260825,mixed_low_volatility,"Mixed, low volatility",63,benign,sell_base,1244000000,1993000000000000000000,1992744896000000000000,128,562,valid
0x79620294f43ed7f71f2f22c51fb8345ebdbc952e49fc7b6d16bf7e8f7805f045,20260825,mixed_low_volatility,"Mixed, low volatility",64,benign,sell_base,2652000000,2164000000000000000000,2164077904000000000000,-36,1019,valid
0x9e145fdc4af71854b7448aa44124b147fc5bf73ff4e3f9ecd03c4e3da9ad0bd5,20260825,mixed_low_volatility,"Mixed, low volatility",65,benign,sell_base,2301000000,2045000000000000000000,2044112470000000000000,434,511,valid
0xe2918c6396978f3b2b0cb6affc4964f2c77e19127fed77c85eb15ae5a446a4a2,20260825,mixed_low_volatility,"Mixed, low volatility",66,benign,buy_base,1478000000,2145000000000000000000,2143655085000000000000,-627,1086,valid
0x498de827ca8b77cbc6d0b4b40e58bd5a63cd14faa77416478ae79e98384220e5,20260825,mixed_low_volatility,"Mixed, low volatility",67,benign,sell_base,4166000000,2002000000000000000000,2002200200000000000000,-100,1279,valid
0x7e7ea6946b3296f4889b0349c834fa770d35a801495e9eedc3b17b1faf886713,20260825,mixed_low_volatility,"Mixed, low volatility",68,informed,sell_base,3109000000,1956000000000000000000,1950235668000000000000,2947,1128,valid
0x1ba7db8752c0ae4a9befd0932b4a809a4accf0459e25b778d5a8b824dd45fc0f,20260825,mixed_low_volatility,"Mixed, low volatility",69,benign,buy_base,901000000,2005000000000000000000,2004332335000000000000,-333,611,valid
0x5ba7802abefcddd53693aec012d29e4499d77dab17620fde042433af16263e18,20260825,mixed_low_volatility,"Mixed, low volatility",70,benign,buy_base,4658000000,1802000000000000000000,1801149456000000000000,-472,1233,valid
0x8d55e8cef7439e9dba34773cf796a3f38587653b9f37dc6a9428131a250a1e75,20260825,mixed_low_volatility,"Mixed, low volatility",71,benign,buy_base,1617000000,2175000000000000000000,2174978250000000000000,-10,766,valid
0x23ab3402fa753344dca6d3b79c89f0aa7f77b1b799d60ff1ab60710ae47a7bbe,20260825,mixed_low_volatility,"Mixed, low volatility",72,inventory_improving,buy_base,2598000000,2198000000000000000000,2192515990000000000000,-2495,809,valid
0x5dd2ebd2af6968f05c870914fc5ffca722bff1ffb5d4f83d58be57648667b2af,20260825,mixed_low_volatility,"Mixed, low volatility",73,benign,buy_base,375000000,1908000000000000000000,1909505412000000000000,789,929,valid
0x947b9df7c7d6042955d70122b8487f772050fed26282b29fa7ca1cd450aaf624,20260825,mixed_low_volatility,"Mixed, low volatility",74,informed,sell_base,2175000000,1818000000000000000000,1813854960000000000000,2280,882,valid
0x352f9867afde276639baa62e172a66d2b343ac4323bb30af7581d14e46247a97,20260825,mixed_low_volatility,"Mixed, low volatility",75,informed,buy_base,4665000000,1934000000000000000000,1938345698000000000000,2247,1472,valid
0xe0f924989a996019a4678e54f51e60344fe7170ed8d4f867cbdb67dd03db1de7,20260825,mixed_low_volatility,"Mixed, low volatility",76,inventory_improving,buy_base,4184000000,2022000000000000000000,2019379488000000000000,-1296,1466,valid
0x267423d045ff28e994ed9f2c327c0a9754cbf74d09e0a615940e73e1534ff416,20260825,mixed_low_volatility,"Mixed, low volatility",77,benign,sell_base,3946000000,2013000000000000000000,2012694024000000000000,152,1186,valid
0x4c63b90ad98c6295ff8533b6fe9a252995197965c83e2e1c6779b0efa84b9876,20260825,mixed_low_volatility,"Mixed, low volatility",78,benign,buy_base,776000000,1873000000000000000000,1872468068000000000000,-284,674,valid
0x9d0706e1091534467b4360e09cafa9dab42f2024c3c5ff95fcaf8f67359684a9,20260825,mixed_low_volatility,"Mixed, low volatility",79,benign,sell_base,580000000,2189000000000000000000,2187537748000000000000,668,1281,valid
0x56e4d2b53482a7a43a301cc7dad5cd0050661c81c91ddb79bd8058ff0d64e0c5,20260825,mixed_low_volatility,"Mixed, low volatility",80,benign,buy_base,1054000000,1978000000000000000000,1976504632000000000000,-756,1235,valid
0x95424038cba4eafbdb9bf2a3c255f14a7212a67f4dc5959e058f7ed2fd018a71,20260825,mixed_low_volatility,"Mixed, low volatility",81,informed,sell_base,102000000,1879000000000000000000,1874663268000000000000,2308,1364,valid
0x6484247bcf6905de2867519921fc4a9956fe6bc69aa5d624d00638e176f231b2,20260825,mixed_low_volatility,"Mixed, low volatility",82,benign,sell_base,442000000,2004000000000000000000,2004875748000000000000,-437,732,valid
0x5233e9ce70a1a1a275cdf65513b67eb4332f12f3768deaf68e6d916460a54903,20260825,mixed_low_volatility,"Mixed, low volatility",83,benign,sell_base,2198000000,1947000000000000000000,1947282315000000000000,-145,756,valid
0xfba499c3cf2c54f36f9b2e380c3c2eb1b8b5a7771bbeef387eec6bbafd3e7493,20260825,mixed_low_volatility,"Mixed, low volatility",84,benign,buy_base,1849000000,2114000000000000000000,2114008456000000000000,4,907,valid
0x4c1c7ea00425b3f0b417429a9ebf1aaf56ff2c05f54b2f677403d8b5d6629127,20260825,mixed_low_volatility,"Mixed, low volatility",85,informed,sell_base,2435000000,2149000000000000000000,2144029363000000000000,2313,1292,valid
0xa9f70bc922bd15438f7b1ae85574c531884921b572132c4fe905c545996e5b48,20260825,mixed_low_volatility,"Mixed, low volatility",86,benign,buy_base,2124000000,1855000000000000000000,1856222445000000000000,659,672,valid
0xaca1ccbeb56d3f81606739406edde6e24241920e077a972c1413cc7b0241ccdf,20260825,mixed_low_volatility,"Mixed, low volatility",87,informed,sell_base,580000000,2101000000000000000000,2096596304000000000000,2096,986,valid
0x9a5b4a855accd4ddbc85f7a966becd58d65e5d4fafcca09fb0a86f4d889c6a8c,20260825,mixed_low_volatility,"Mixed, low volatility",88,benign,buy_base,1212000000,2027000000000000000000,2026874326000000000000,-62,666,valid
0x12e190f0e8003d1b7a0060ad8bbb8e640f3a4ee2d38ef3f652417e7d6181b7e1,20260825,mixed_low_volatility,"Mixed, low volatility",89,informed,buy_base,749000000,2135000000000000000000,2142457555000000000000,3493,884,valid
0xa895251a1c957c89cc1025474b702e5557baecd75a0aba572ca145127a1d5866,20260825,mixed_low_volatility,"Mixed, low volatility",90,informed,buy_base,749000000,2050000000000000000000,2058804750000000000000,4295,557,valid
0x06ef619f48757eee73f0f1d183cb38787e1820fd1a0b11c8d05c2ff05fde4107,20260825,mixed_low_volatility,"Mixed, low volatility",91,benign,sell_base,662000000,1909000000000000000000,1909238625000000000000,-125,644,valid
0x9a731b1c008fcc1cc4ed024b08bc0515151643a05477d0872bc8709dab660526,20260825,mixed_low_volatility,"Mixed, low volatility",92,inventory_improving,buy_base,2657000000,1910000000000000000000,1907501720000000000000,-1308,1347,valid
0xfde30193edb525bdcc61523d16c8e283c5eef960f618f2a6d9081d6067cb0f12,20260825,mixed_low_volatility,"Mixed, low volatility",93,informed,buy_base,3414000000,1997000000000000000000,2003522202000000000000,3266,1029,valid
0x7d15588769e39170509634d4b9ec667b0d2b22b3e88d68af181f88e3ab1a8dd0,20260825,mixed_low_volatility,"Mixed, low volatility",94,informed,sell_base,1958000000,1813000000000000000000,1810019428000000000000,1644,572,valid
0x087a7edcbe4b647cc435e7ba602c1aba9a3516e42236fbf90bb7071be1dac559,20260825,mixed_low_volatility,"Mixed, low volatility",95,benign,buy_base,4573000000,1826000000000000000000,1824767450000000000000,-675,826,valid
0xb84987b9dcb9aa19a9a51af4e1f4feb022477855322ddb1c17114e5c4e4ecb98,20260825,mixed_low_volatility,"Mixed, low volatility",96,inventory_improving,buy_base,1723000000,2064000000000000000000,2060478816000000000000,-1706,895,valid
0x95efdce5d1776b4d31d58f8248d529483a40a1d003a6e42a6b2aee6ae18db707,20260825,mixed_low_volatility,"Mixed, low volatility",97,benign,sell_base,605000000,1840000000000000000000,1839374400000000000000,340,1481,valid
0x254f515c68b994a75253e8c9df11ab8acf588c9173a2d697f508142196624499,20260825,mixed_low_volatility,"Mixed, low volatility",98,inventory_improving,buy_base,4002000000,1846000000000000000000,1841152404000000000000,-2626,625,valid
0x9d5447ee80fe6ee157c85dbd15056bb09e12b7989b1d99eeec0267654933948e,20260825,mixed_low_volatility,"Mixed, low volatility",99,benign,sell_base,1882000000,2176000000000000000000,2174383232000000000000,743,890,valid
0x7dbaccbea15c3feda2501e2317d78d16af822f86e6e4e83bab7aa2142f0611fe,20260825,mixed_low_volatility,"Mixed, low volatility",100,benign,buy_base,300000000,1907000000000000000000,1906534692000000000000,-244,743,valid
0x38b204144655c91f4363185bb2e50704b14ebc30f9a6c1cc4425a52f3ab4fb46,20260825,mixed_low_volatility,"Mixed, low volatility",101,benign,sell_base,2114000000,1952000000000000000000,1953057984000000000000,-542,961,valid
0x9adc488dee845db121f55b1c585ee3cf99f0d9642c2ccf5f61c4c24767decc47,20260825,mixed_low_volatility,"Mixed, low volatility",102,benign,sell_base,665000000,1890000000000000000000,1890703080000000000000,-372,1343,valid
0x2f48a6697c502389f47ebe343c57b4d715a4b1607904c2066ad04fa62808f8d2,20260825,mixed_low_volatility,"Mixed, low volatility",103,benign,buy_base,1983000000,2028000000000000000000,2026722360000000000000,-630,877,valid
0xfe158470925c5939f80b3fda14311a156a0b6d4daf3649413d0c70475a747bc4,20260825,mixed_low_volatility,"Mixed, low volatility",104,benign,buy_base,573000000,1948000000000000000000,1947694164000000000000,-157,536,valid
0xd39d9f4afdebbac80b30e79e463101d7bc1c6e99155949a4057d855492ceb13b,20260825,mixed_low_volatility,"Mixed, low volatility",105,benign,buy_base,4585000000,1932000000000000000000,1933518552000000000000,786,708,valid
0xa5eaed5d3b1e9ec06c83481296cb787f3d3d107892524456a93451caf36552f3,20260825,mixed_low_volatility,"Mixed, low volatility",106,benign,buy_base,3958000000,2047000000000000000000,2047481045000000000000,235,1278,valid
0x92cb63a987e7548a8f5044b8148fd5d696549a36d1d4c088a29f07d86305d715,20260825,mixed_low_volatility,"Mixed, low volatility",107,informed,sell_base,3632000000,2012000000000000000000,2006287932000000000000,2839,818,valid
0x721c608230ab9e97fdd69217d0469b40ef6d8d961c395e5015dc26d1d922d93d,20260825,mixed_low_volatility,"Mixed, low volatility",108,informed,buy_base,2053000000,1870000000000000000000,1876470200000000000000,3460,618,valid
0xdf0967438c6be280c2c183a7849665ba53ea9197bb9b0fc8ba3e20003e96074e,20260825,mixed_low_volatility,"Mixed, low volatility",109,benign,sell_base,4793000000,2111000000000000000000,2112579028000000000000,-748,1217,valid
0xb766e9b58ef8c802a0e8150b95b0a7a9fe08ce52162084560715903f388c6db0,20260825,mixed_low_volatility,"Mixed, low volatility",110,benign,sell_base,991000000,1811000000000000000000,1810319064000000000000,376,782,valid
0xd802419bcd354229db896e84e8d1c66aa732f3bd1252ca14a5ef0ebb9306f62d,20260825,mixed_low_volatility,"Mixed, low volatility",111,informed,sell_base,1774000000,1814000000000000000000,1806811118000000000000,3963,508,valid
0x017a68ad5821bab6f434d593e00cfa315087892ba26a6c6a24306a40f9a549e5,20260825,mixed_low_volatility,"Mixed, low volatility",112,benign,buy_base,1309000000,1843000000000000000000,1843938087000000000000,509,1389,valid
0x2f9300941813db4590d867c37b29f208c25a5ba804c1612f310acf2475e14d5f,20260825,mixed_low_volatility,"Mixed, low volatility",113,benign,buy_base,661000000,2198000000000000000000,2197052662000000000000,-431,645,valid
0x9637fbabfb3282e0c4170ea71be19c1af2b03bd801df928fa875b4120146f45e,20260825,mixed_low_volatility,"Mixed, low volatility",114,informed,buy_base,1888000000,2045000000000000000000,2053194315000000000000,4007,776,valid
0xaeda42644ac02c86aadfa39546d9459a7ce1042a0fc9e9af5b737bccc380a767,20260825,mixed_low_volatility,"Mixed, low volatility",115,benign,sell_base,675000000,1839000000000000000000,1837997745000000000000,545,1261,valid
0xb082ff70372d9a58b7cfb24af65c40afdf3c15198efff4b978e8b32a1e35d1cf,20260825,mixed_low_volatility,"Mixed, low volatility",116,benign,sell_base,1599000000,1811000000000000000000,1809875369000000000000,621,1416,valid
0xc2d19bc82933ad882f11ea50d53553d4c85687853c78bc6250e4b4a9763e499b,20260825,mixed_low_volatility,"Mixed, low volatility",117,informed,buy_base,894000000,2178000000000000000000,2187491724000000000000,4358,1276,valid
0xb856a0a4daf363930204267e35f7b1a2e4922f6209d1bfea187da0cb895e1841,20260825,mixed_low_volatility,"Mixed, low volatility",118,benign,sell_base,1002000000,1930000000000000000000,1930706380000000000000,-366,829,valid
0xf72b35d9a2d5328a7dc1512468adf208cb4ef4a57cd5db782368bb58d4e66a8b,20260825,mixed_low_volatility,"Mixed, low volatility",119,benign,sell_base,4909000000,2127000000000000000000,2127676386000000000000,-318,822,valid
0x5ae5870207deb26d22f5f72f350abbda779d00466399a3485f9ecf3fb9b70ce3,20260825,mixed_low_volatility,"Mixed, low volatility",120,benign,buy_base,3259000000,1917000000000000000000,1917392985000000000000,205,581,valid
0xca78fb64d0248aa4fbe071c72fbe95029328873e2cbe088f2c5e9336209af107,20260825,mixed_low_volatility,"Mixed, low volatility",121,benign,sell_base,1176000000,2053000000000000000000,2052979470000000000000,10,1429,valid
0x4a0f364d4745136aa45b3bc312675be71910c8f9fd57004be8ad655fd0ec11a0,20260825,mixed_low_volatility,"Mixed, low volatility",122,benign,sell_base,2997000000,2107000000000000000000,2108620283000000000000,-769,1204,valid
0xc94bde42e51b44113b3896866a2a92540f4685e48a1b6e05e5071389b1acc6f7,20260825,mixed_low_volatility,"Mixed, low volatility",123,informed,sell_base,3129000000,2013000000000000000000,2008917636000000000000,2028,1398,valid
0x867039a5cb1f9fb8841439183d38df1b02d78e4091eca08c85f9f5a84fc0c821,20260825,mixed_low_volatility,"Mixed, low volatility",124,benign,sell_base,1202000000,2063000000000000000000,2061760137000000000000,601,1351,valid
0x16792ccdbdf873e11da8e321ac52b3a97964a59b07e35e59f2f3204fdba18400,20260825,mixed_low_volatility,"Mixed, low volatility",125,informed,sell_base,3210000000,2020000000000000000000,2014487420000000000000,2729,1137,valid
0xc506e43ecb9a4b34acf3791be8c92873d7ca04bccb430454c7f314846f014e74,20260825,mixed_low_volatility,"Mixed, low volatility",126,benign,sell_base,2772000000,1967000000000000000000,1968068081000000000000,-543,1112,valid
0x33162a2b19f10a66cc5450ec4f2744fe73f9a6ee4652779f9848c3f83d8896db,20260825,mixed_low_volatility,"Mixed, low volatility",127,informed,sell_base,4217000000,2058000000000000000000,2053221324000000000000,2322,1290,valid
0xe2ee1bb7c191014c4dcb335ef18c076a743fb4ba0e6fff3547c7a467e15940f8,20260825,mixed_high_volatility,"Mixed, high volatility",0,benign,buy_base,2431000000,2154000000000000000000,2150719458000000000000,-1523,9700,valid
0x2cb86043892bb9aa7ff4f78ec943c183ac10c18e2256457bad5d39f150baa8d3,20260825,mixed_high_volatility,"Mixed, high volatility",1,benign,sell_base,2758000000,1881000000000000000000,1881054549000000000000,-29,9863,valid
0x1ca63330a28b87702ff72c39b0d2e62f7c6f949e9d06f571b4588520a58604d8,20260825,mixed_high_volatility,"Mixed, high volatility",2,benign,buy_base,2886000000,1851000000000000000000,1848597402000000000000,-1298,7785,valid
0x93e749a5576bfb5a9497ba9008a60f4cb88b98b7d5763125e7d26afd24288cff,20260825,mixed_high_volatility,"Mixed, high volatility",3,informed,buy_base,325000000,2109000000000000000000,2120519358000000000000,5462,7137,valid
0x0d4e1c0f4176b6704eecb1b2134a2ef0913bb0b3360eaaf7edc6696e54835973,20260825,mixed_high_volatility,"Mixed, high volatility",4,inventory_improving,buy_base,3474000000,1806000000000000000000,1797302304000000000000,-4816,5308,valid
0x3dc37f7d54a127813322c127925c25b204702620dd9de525066564bd7fc3a70e,20260825,mixed_high_volatility,"Mixed, high volatility",5,benign,sell_base,4414000000,1854000000000000000000,1853590266000000000000,221,6558,valid
0x2737cb66ab27cfbea522805ad0c1c4d3ce9855dd228fee3eb67944b49b2cc611,20260825,mixed_high_volatility,"Mixed, high volatility",6,benign,buy_base,2281000000,1807000000000000000000,1807213226000000000000,118,8355,valid
0x58066ac1ab9e6faed3bd79fa6cd11044b91315cdb2f0bb7691467f58bb2855d3,20260825,mixed_high_volatility,"Mixed, high volatility",7,benign,sell_base,2360000000,1920000000000000000000,1920831360000000000000,-433,4939,valid
0xbe33390c180339d24b123cf65964642536c7a1c97298510d2417761c94ca5c38,20260825,mixed_high_volatility,"Mixed, high volatility",8,benign,buy_base,4496000000,1846000000000000000000,1845688026000000000000,-169,4147,valid
0x44f74eb68e2efb6d7600120ad9278d6c0333495f61c72c33dd28f4ff344b517a,20260825,mixed_high_volatility,"Mixed, high volatility",9,informed,sell_base,3886000000,1881000000000000000000,1874888631000000000000,3249,4579,valid
0x3a0c758bd5697240df9866231f27c58b0af755bb478c6e27c0677304b4c5235b,20260825,mixed_high_volatility,"Mixed, high volatility",10,benign,sell_base,1385000000,1853000000000000000000,1854613963000000000000,-871,4778,valid
0x325e613ee9297f4cf2b482a8b2d53e90d581146086b5c763a18d3b651d27d163,20260825,mixed_high_volatility,"Mixed, high volatility",11,inventory_improving,sell_base,3464000000,2108000000000000000000,2115831220000000000000,-3715,4979,valid
0xaaf47ca3c6d86fe012c9688e05f56477bb39db9a25884764309fec46021a20c1,20260825,mixed_high_volatility,"Mixed, high volatility",12,inventory_improving,sell_base,3963000000,1981000000000000000000,1987905766000000000000,-3486,9664,valid
0xca25a3116fd428991a33f626c413cfd0f754c65929ae994db22dfa46bb01fdfe,20260825,mixed_high_volatility,"Mixed, high volatility",13,inventory_improving,buy_base,3728000000,2169000000000000000000,2161731681000000000000,-3351,6583,valid
0x4709b6c242c56b34e088b2a9c5f93eef7e2bb4149f720eb299e7bf2423459882,20260825,mixed_high_volatility,"Mixed, high volatility",14,inventory_improving,buy_base,160000000,2021000000000000000000,2009601560000000000000,-5640,6783,valid
0xf5b6ba466076dac14439613c53ceef7637bd0e839f556f4bbff8d34435e82a08,20260825,mixed_high_volatility,"Mixed, high volatility",15,inventory_improving,buy_base,3830000000,2158000000000000000000,2151558370000000000000,-2985,8046,valid
0x24fec3dc45c3c3f60b85e2fbdeb2483cb6bedae09c5175cc01478be65b09713c,20260825,mixed_high_volatility,"Mixed, high volatility",16,informed,sell_base,2966000000,1857000000000000000000,1847898843000000000000,4901,4347,valid
0xb204c46311da0d795553188a08eaf854197b048a1c1efd8311569eb83fe99631,20260825,mixed_high_volatility,"Mixed, high volatility",17,benign,buy_base,1439000000,2191000000000000000000,2192060444000000000000,484,4917,valid
0xbf5878c0bdd67d9788b2f156508efd51bf67d3d15cabb519f637d64c5fa280cf,20260825,mixed_high_volatility,"Mixed, high volatility",18,benign,buy_base,1028000000,1980000000000000000000,1982829420000000000000,1429,7051,valid
0x70e412bc0cbddae8f49238d74c0020aadd7155653622e216a617e4bd6a748dc6,20260825,mixed_high_volatility,"Mixed, high volatility",19,benign,sell_base,3250000000,2195000000000000000000,2190937055000000000000,1851,8970,valid
0x41f03e01cc78e731009c7f7f6b1c77c295aa87a3fe1cfdb9bcb68bc288cdd767,20260825,mixed_high_volatility,"Mixed, high volatility",20,informed,buy_base,4598000000,2070000000000000000000,2085630570000000000000,7551,8031,valid
0xe38c5f953271973c7ee9941af408b1134d027b5af117464c96abe3e00add496e,20260825,mixed_high_volatility,"Mixed, high volatility",21,benign,sell_base,4282000000,1851000000000000000000,1853419257000000000000,-1307,7804,valid
0x5f2219c976247bc4e0561867b8e72500c72db23479a070648de2dbc7a26a286f,20260825,mixed_high_volatility,"Mixed, high volatility",22,benign,sell_base,4951000000,1970000000000000000000,1966591900000000000000,1730,4653,valid
0x4aa8870c61a41e96a7c339276460882872abcc45ffb8c5b4a551c9d29d4af3f2,20260825,mixed_high_volatility,"Mixed, high volatility",23,benign,buy_base,4874000000,2128000000000000000000,2130249296000000000000,1057,9765,valid
0xb7dbb495fd52537f52e1284fbfd519efbe0cd00e7fa1e392d4f79ed1d8dbe656,20260825,mixed_high_volatility,"Mixed, high volatility",24,informed,sell_base,917000000,1959000000000000000000,1947269508000000000000,5988,6583,valid
0x388c086c7f52101029ad6529cc605e7fe2a6d237960d6ea770b8aee888221b56,20260825,mixed_high_volatility,"Mixed, high volatility",25,benign,sell_base,1053000000,1991000000000000000000,1990145861000000000000,429,7556,valid
0x2fe0e0ae4306f11d40b4107bf44ed218c366f5e8934929632c5654379b1d6721,20260825,mixed_high_volatility,"Mixed, high volatility",26,benign,buy_base,631000000,1997000000000000000000,1999578127000000000000,1291,4062,valid
0x8dcbe6a723eb0d085b2afbfc6c484c209ef3bd93ec36af93c95c40e3667123c2,20260825,mixed_high_volatility,"Mixed, high volatility",27,benign,buy_base,1261000000,2010000000000000000000,2010402000000000000000,200,7630,valid
0x2ab672e982c4669fe4da0c580bf2266010893c9cacbbb64e5f4eb8722def7114,20260825,mixed_high_volatility,"Mixed, high volatility",28,informed,sell_base,2553000000,2193000000000000000000,2182493337000000000000,4791,5795,valid
0x909996cd400eaad59473e2e8a95a91b9d8f433bc9c8018bfdbe47586f191e3a6,20260825,mixed_high_volatility,"Mixed, high volatility",29,benign,sell_base,4960000000,1907000000000000000000,1908840255000000000000,-965,7747,valid
0xcb659e01826d7386ac4a5127ce8ec037eabe5f3cd88c0d8c24324734acd09b1d,20260825,mixed_high_volatility,"Mixed, high volatility",30,benign,sell_base,2845000000,2041000000000000000000,2042083771000000000000,-531,4084,valid
0x1d51820ec22c105e0f171767640b0bf8652ca42c480a4c58ec31e21c9eba7de1,20260825,mixed_high_volatility,"Mixed, high volatility",31,inventory_improving,buy_base,382000000,2120000000000000000000,2109857920000000000000,-4784,7082,valid
0x4b1761e1fd2e3ea5a1c0cce1e5f4f19bfae83f2c6e5787c8974263a32cd4625f,20260825,mixed_high_volatility,"Mixed, high volatility",32,inventory_improving,buy_base,1990000000,1809000000000000000000,1802315745000000000000,-3695,7582,valid
0xce480ed9c453acdce10bea334d6bd454f21a3b0ba0fbe0ee786df56c9b1a23fe,20260825,mixed_high_volatility,"Mixed, high volatility",33,benign,sell_base,3470000000,1918000000000000000000,1915000248000000000000,1564,4253,valid
0x69b13160e561f3c3cc7b29b2415d5c8242113d108d7434d7624cd02bbff17f85,20260825,mixed_high_volatility,"Mixed, high volatility",34,benign,buy_base,795000000,2059000000000000000000,2062218217000000000000,1563,6438,valid
0xc4c395388bd7cea9c86a7019af63209075c6d7f3c06c09769b3a73d743202695,20260825,mixed_high_volatility,"Mixed, high volatility",35,benign,buy_base,2704000000,2024000000000000000000,2022649992000000000000,-667,9635,valid
0x4b69599f53e8b63899fd81aa39f01c1878ed597c9c70b8cca29fd6d9be7765e3,20260825,mixed_high_volatility,"Mixed, high volatility",36,benign,buy_base,1369000000,2154000000000000000000,2155329018000000000000,617,5479,valid
0xc6912d82e39f00e9eea96571cff68def5c38d4d24cc0134f4de96f980a43dc3d,20260825,mixed_high_volatility,"Mixed, high volatility",37,informed,sell_base,2370000000,1934000000000000000000,1927099488000000000000,3568,5390,valid
0x6f365af2bd0f5a0fdcd28e37fefdb28a65340838cc56efd083d317f0cbfd9b21,20260825,mixed_high_volatility,"Mixed, high volatility",38,informed,buy_base,1657000000,1822000000000000000000,1834502564000000000000,6862,9809,valid
0xd7968dbd2ac577e3d67ce805419c56631194d0337c72355f33a1ecd5e69662bf,20260825,mixed_high_volatility,"Mixed, high volatility",39,informed,sell_base,3830000000,1813000000000000000000,1803503506000000000000,5238,4466,valid
0x938c9b3fa2aea46a1e44ca4ce121f8b003638bb5ce73d326ecb1006a68475d91,20260825,mixed_high_volatility,"Mixed, high volatility",40,informed,buy_base,1678000000,1900000000000000000000,1914785800000000000000,7782,8116,valid
0xad46be3b8e8114252c93d729370560a07506091fe8d8cae6ea19d09608234d94,20260825,mixed_high_volatility,"Mixed, high volatility",41,inventory_improving,sell_base,3432000000,2135000000000000000000,2140367390000000000000,-2514,5120,valid
0x0f75852862b5ede2dcd0fb2c024be85e1f6c0166ac80e440d1590b7599f46a7a,20260825,mixed_high_volatility,"Mixed, high volatility",42,benign,buy_base,3268000000,2110000000000000000000,2111487550000000000000,705,8640,valid
0xd609112ff54f12260ad27dd9b9555d51bd985f6fb19b31e63718cb782dc7d557,20260825,mixed_high_volatility,"Mixed, high volatility",43,inventory_improving,sell_base,3009000000,1975000000000000000000,1986680150000000000000,-5914,7892,valid
0xc14b34a9d65c28c13689eb950ddb55d2c5882f94e9682b1cf90747e684e64bc6,20260825,mixed_high_volatility,"Mixed, high volatility",44,benign,buy_base,3594000000,2111000000000000000000,2111316650000000000000,150,4200,valid
0x0e3348b7556166521d95a6518e9e6c8621403b41bd720bc5fcd705673123a3a4,20260825,mixed_high_volatility,"Mixed, high volatility",45,inventory_improving,sell_base,1268000000,2173000000000000000000,2182461242000000000000,-4354,4123,valid
0xaa372c6f3859129a26281cdff5afddbeb42da5f5f0e02904d4c10de2a932c7d1,20260825,mixed_high_volatility,"Mixed, high volatility",46,informed,buy_base,3872000000,1973000000000000000000,1986530834000000000000,6858,4865,valid
0x76a93cfd0f21b9fa7456dd69b39fd39f97df59af0db0558959006f8f37c7b7b9,20260825,mixed_high_volatility,"Mixed, high volatility",47,benign,buy_base,4866000000,2005000000000000000000,2008576920000000000000,1784,5569,valid
0x787584eea56297311663bbba1c12fcde8202a9bfd0f5e183b69bf4601a60355c,20260825,mixed_high_volatility,"Mixed, high volatility",48,benign,sell_base,357000000,2110000000000000000000,2111719650000000000000,-815,7953,valid
0xa9aa02af4b72136cb8b462dd1f53e5db227a1de1fead7b12821491e9d6046422,20260825,mixed_high_volatility,"Mixed, high volatility",49,benign,sell_base,3216000000,1997000000000000000000,1999624058000000000000,-1314,7557,valid
0x08c93f5524bf82e177e0717a8ea5e3ca4c2a9fc6453b8262282297d354dd760b,20260825,mixed_high_volatility,"Mixed, high volatility",50,benign,buy_base,3819000000,1850000000000000000000,1847413700000000000000,-1398,4245,valid
0xd92bc7bef6cbdd0fe854f5d392894b867d33564e60d8dac1dabf27d304af357c,20260825,mixed_high_volatility,"Mixed, high volatility",51,informed,sell_base,1777000000,2044000000000000000000,2031819804000000000000,5959,9045,valid
0x6c62e827165a7d1e643ef8f553c56671062beaa821b861725c3e5bb6f1f0b0cf,20260825,mixed_high_volatility,"Mixed, high volatility",52,benign,buy_base,1981000000,2045000000000000000000,2044625765000000000000,-183,5796,valid
0xe3699f976e4b5b60c1cee8bc73aa37f977aec1d17e16225ac32a317368478762,20260825,mixed_high_volatility,"Mixed, high volatility",53,benign,sell_base,1701000000,1917000000000000000000,1918316979000000000000,-687,5989,valid
0xfd9d7bc5fe14f50725b5bc77eab3a0bd3f264bb874faaf2280396584bf247d43,20260825,mixed_high_volatility,"Mixed, high volatility",54,benign,sell_base,989000000,1895000000000000000000,1897438865000000000000,-1287,5690,valid
0xafa97337acf1ee157907a1600feb96385216946e97dd4d09628f901afd5e88fb,20260825,mixed_high_volatility,"Mixed, high volatility",55,benign,sell_base,3765000000,1817000000000000000000,1817572355000000000000,-315,8028,valid
0x99187b74698e968ee159c62bc428523c5a7bb3abf76211b45c6b67ad6a430152,20260825,mixed_high_volatility,"Mixed, high volatility",56,benign,sell_base,3237000000,1818000000000000000000,1815687504000000000000,1272,6527,valid
0xdeed2ec0033617618f569ab4419ba919333a1ff6524d7ac945152f454c7f5538,20260825,mixed_high_volatility,"Mixed, high volatility",57,benign,buy_base,3466000000,2180000000000000000000,2182304260000000000000,1057,9070,valid
0xcbf3809abffe2a77609debab36830000a3c2f78f1f4f016433c34dfd3f9a4288,20260825,mixed_high_volatility,"Mixed, high volatility",58,benign,buy_base,1925000000,1968000000000000000000,1967992128000000000000,-4,5333,valid
0x5ba1afd46d305bc0343402680a3230c5926c0ee1caa31f71312667cb5c2e3133,20260825,mixed_high_volatility,"Mixed, high volatility",59,benign,sell_base,2385000000,1862000000000000000000,1863809864000000000000,-972,8058,valid
0xb1fc0f62c963a2fa52d1c67c8953196c7953955522dd4de2dca5d8a312383ed4,20260825,mixed_high_volatility,"Mixed, high volatility",60,benign,buy_base,3997000000,2114000000000000000000,2112310914000000000000,-799,4214,valid
0xe9d399aa3e31594261b3b90f2e2480347e1192ec5bc0766e371f3907c966c3c0,20260825,mixed_high_volatility,"Mixed, high volatility",61,benign,sell_base,643000000,2073000000000000000000,2073822981000000000000,-397,4638,valid
0xdbcf5c196efb654c47c9346222def73cc828c8667c8359254d23cc33a6478fc4,20260825,mixed_high_volatility,"Mixed, high volatility",62,inventory_improving,sell_base,2240000000,2132000000000000000000,2139012148000000000000,-3289,4618,valid
0x0e3e7526d2809e53d026a7a82c3a0c07cba1295be9ab32c9a6442806fbc76c40,20260825,mixed_high_volatility,"Mixed, high volatility",63,inventory_improving,sell_base,4711000000,1895000000000000000000,1899131100000000000000,-2180,8520,valid
0xce8e903bb6d26248945a9339e042490df23b7ac320d865f821fe8e54a7bbacd2,20260825,mixed_high_volatility,"Mixed, high volatility",64,inventory_improving,sell_base,4766000000,1803000000000000000000,1809050868000000000000,-3356,8201,valid
0x53d8b1c61e97bea53aebfd73ced4fa829addba02f48dfd1ea299561189d243ab,20260825,mixed_high_volatility,"Mixed, high volatility",65,benign,buy_base,1029000000,2077000000000000000000,2073963426000000000000,-1462,9915,valid
0xef55a316001e8e7ea43fe45d58b5b38eb5d342763aa9b5be165dff669341c561,20260825,mixed_high_volatility,"Mixed, high volatility",66,inventory_improving,buy_base,3984000000,1971000000000000000000,1964655351000000000000,-3219,6571,valid
0x543160b7f929e4e40d244346859725934a0175afbf783c4365ef34b265e945d9,20260825,mixed_high_volatility,"Mixed, high volatility",67,inventory_improving,buy_base,3474000000,1914000000000000000000,1902812670000000000000,-5845,9356,valid
0x4c038baa55f145d35568fbaffbbc9fcbfbe25b608539ce56bf6ba8f9918b3965,20260825,mixed_high_volatility,"Mixed, high volatility",68,benign,buy_base,1598000000,2137000000000000000000,2137711621000000000000,333,6293,valid
0x563699e72c68fb549c6c0264c8269391074f6de8e75981ba40c24c6e19627456,20260825,mixed_high_volatility,"Mixed, high volatility",69,benign,buy_base,4312000000,2082000000000000000000,2085085524000000000000,1482,4797,valid
0xfce93e5a7399e0c17892a222139c48206b79e839c3307603da6a94bec717e7e7,20260825,mixed_high_volatility,"Mixed, high volatility",70,inventory_improving,sell_base,4321000000,2038000000000000000000,2044173102000000000000,-3029,7242,valid
0x7552432d7f156c216c3e48c4e18ede83bb0fe4b76c643b26a4b1d21113ed18e5,20260825,mixed_high_volatility,"Mixed, high volatility",71,informed,buy_base,3158000000,1953000000000000000000,1965979638000000000000,6646,8785,valid
0x827e752b1aab1f703c3834800189853324416230ddc5dda3310dd681d39dbcd3,20260825,mixed_high_volatility,"Mixed, high volatility",72,benign,sell_base,4855000000,1980000000000000000000,1979566380000000000000,219,9426,valid
0x5460ddf8d61a60d19af68b6be4960266a015be90d1146123c0c69913976cbdcb,20260825,mixed_high_volatility,"Mixed, high volatility",73,benign,sell_base,2174000000,2083000000000000000000,2082614645000000000000,185,6851,valid
0xd749b373f978b26af25b6172013fdb1ce5a79b7f41ae0f82a03c7cb3c966d59d,20260825,mixed_high_volatility,"Mixed, high volatility",74,benign,buy_base,4917000000,2102000000000000000000,2104427810000000000000,1155,8206,valid
0x9b4e85546e41c17e56c5abe553571f86ff28784e63e376e7139fafe094ff8e7c,20260825,mixed_high_volatility,"Mixed, high volatility",75,inventory_improving,sell_base,1698000000,1914000000000000000000,1924584420000000000000,-5530,9942,valid
0xee61f9eaabbd257c612774b4fdcf933efd9d040f96209af064a4ad74af8a0b7f,20260825,mixed_high_volatility,"Mixed, high volatility",76,informed,buy_base,4710000000,2200000000000000000000,2212916200000000000000,5871,6282,valid
0xd323d10bc0566802bdbe4ecc9a41344aa473c2a93b6e69ee65b25e2c257a6206,20260825,mixed_high_volatility,"Mixed, high volatility",77,inventory_improving,sell_base,4081000000,2028000000000000000000,2033406648000000000000,-2666,7786,valid
0x0cddda26d78b6b874d2b30fb036136201ed30fa8af1e0b7a888c9599d927a91b,20260825,mixed_high_volatility,"Mixed, high volatility",78,benign,buy_base,2665000000,2123000000000000000000,2125917002000000000000,1374,4109,valid
0x58f4c42b61501d6fe5a34ebfc104e75adf91e7ee0fe880b6082fc4670f6858de,20260825,mixed_high_volatility,"Mixed, high volatility",79,benign,sell_base,2003000000,2173000000000000000000,2170657506000000000000,1078,6379,valid
0xd7866dd0fa0146bc3ab5a9cfe26ce26e2ef135faad2cbf145a674f7417117a74,20260825,mixed_high_volatility,"Mixed, high volatility",80,benign,buy_base,3017000000,1860000000000000000000,1857079800000000000000,-1570,6917,valid
0x5c85ec0bda0525e8d695e59419e00d5aa8213a79cc0417bb176f0d397c31b086,20260825,mixed_high_volatility,"Mixed, high volatility",81,benign,buy_base,4669000000,1908000000000000000000,1909762992000000000000,924,9238,valid
0x22c5b5ecc0144f1f979e25a26225ddaff6fad0cd222ec9d5df31248297c8b16f,20260825,mixed_high_volatility,"Mixed, high volatility",82,informed,buy_base,3591000000,2086000000000000000000,2096283980000000000000,4930,5063,valid
0x4fdad063cb3cfedfd0b93dd270b9f30ee0d514b496b566aa1c6e6214cdb15f43,20260825,mixed_high_volatility,"Mixed, high volatility",83,benign,buy_base,3462000000,1917000000000000000000,1916470908000000000000,-276,6601,valid
0x9446e5882ec8d68107762aa3233d58b4cb779bd820f028f8e1feb3838e6944a7,20260825,mixed_high_volatility,"Mixed, high volatility",84,benign,sell_base,1917000000,2189000000000000000000,2191543618000000000000,-1162,7582,valid
0x174c306cc0c27403c78ddc695a5b2bb896f59bffcdc8152003d905203847e79c,20260825,mixed_high_volatility,"Mixed, high volatility",85,benign,sell_base,860000000,2135000000000000000000,2133915420000000000000,508,5130,valid
0x645a64d39570246d8dac9c6737b5c649f180a71cd8d025ddb1c9a1c6b6b36fbf,20260825,mixed_high_volatility,"Mixed, high volatility",86,benign,buy_base,1593000000,2127000000000000000000,2123917977000000000000,-1449,9696,valid
0x01540a17397eb1faf53da132b0303ff333bb4d5546ae2f593082ecadb52078f3,20260825,mixed_high_volatility,"Mixed, high volatility",87,inventory_improving,sell_base,2372000000,1835000000000000000000,1842374865000000000000,-4019,8028,valid
0x1ee4c7309639388efbcfaecd9622c102c870584061d93c654f88bac001ccfab7,20260825,mixed_high_volatility,"Mixed, high volatility",88,benign,buy_base,3026000000,1956000000000000000000,1955397552000000000000,-308,4639,valid
0x8c8c3b62d4970f79b2580385efc28b9081c8c416d2f4f6d2d0e0260069eddddf,20260825,mixed_high_volatility,"Mixed, high volatility",89,informed,sell_base,2882000000,2086000000000000000000,2073123122000000000000,6173,7231,valid
0xa0038c5c245fa00a9fd8c8cfbb466d1e2debf266cef544f8acf46b38912806c9,20260825,mixed_high_volatility,"Mixed, high volatility",90,benign,sell_base,3451000000,1962000000000000000000,1958313402000000000000,1879,4497,valid
0x9c643fa3980bf86e64cb4f52764d310bd9465e8a4833733f70f3efee523f05ce,20260825,mixed_high_volatility,"Mixed, high volatility",91,benign,buy_base,4113000000,2001000000000000000000,2000025513000000000000,-487,5458,valid
0x1a605a0fd6699b67003ed9a140dea7df4780282bd498f1fd9b584f7bbf013941,20260825,mixed_high_volatility,"Mixed, high volatility",92,inventory_improving,buy_base,4671000000,1999000000000000000000,1990018493000000000000,-4493,4861,valid
0x2049e08f132843aa0f352f0c026d942bb38957df7ea28c18986569ec16a37d29,20260825,mixed_high_volatility,"Mixed, high volatility",93,benign,sell_base,3687000000,2014000000000000000000,2016990790000000000000,-1485,8470,valid
0x8f6a027bddef82a6ff538404bc89dac07e70dedda9666f47c806ed03b5206121,20260825,mixed_high_volatility,"Mixed, high volatility",94,benign,sell_base,4942000000,1936000000000000000000,1935802528000000000000,102,5567,valid
0xa53a4c2442dce5ab03456dd2f7efbbd5377feb97c297b33d3ef45c5758d2b4f2,20260825,mixed_high_volatility,"Mixed, high volatility",95,benign,sell_base,1381000000,1834000000000000000000,1836096262000000000000,-1143,5710,valid
0x5383c18db9533fcd192ed973213f274a210164b644e4ce84b2e05165a3872b6f,20260825,mixed_high_volatility,"Mixed, high volatility",96,benign,buy_base,3025000000,1968000000000000000000,1964239152000000000000,-1911,8245,valid
0xea781d2fb0bffa0467176a9d11e3b991e0275902e15bcdef4c38283115462936,20260825,mixed_high_volatility,"Mixed, high volatility",97,inventory_improving,buy_base,4671000000,2167000000000000000000,2157137983000000000000,-4551,5801,valid
0x6adf599f30d62ba09f664a15e9c2e5f199e22d25c7dceab6b21c21d5ce635abe,20260825,mixed_high_volatility,"Mixed, high volatility",98,benign,buy_base,3306000000,1881000000000000000000,1882017621000000000000,541,4362,valid
0xf05900258c9142597a7382367cac699dbd44c99cd9ff7c2bb95c82fac8a126a6,20260825,mixed_high_volatility,"Mixed, high volatility",99,inventory_improving,buy_base,3061000000,2016000000000000000000,2004990624000000000000,-5461,5175,valid
0x817783ad2b76003db586d7032ece8ee6f872c1cc5ec2d45c5e5cb9d63be428cb,20260825,mixed_high_volatility,"Mixed, high volatility",100,benign,sell_base,2301000000,2064000000000000000000,2065655328000000000000,-802,8495,valid
0xdb887bda20438a78f9da7929ab39a2db2c29d14040b15464feea3d6bafca629f,20260825,mixed_high_volatility,"Mixed, high volatility",101,benign,sell_base,3428000000,1946000000000000000000,1945464850000000000000,275,5671,valid
0x143a32de8fa01ac5a2e19749429c5f0d15d9725037f663763012d491f44b23be,20260825,mixed_high_volatility,"Mixed, high volatility",102,benign,sell_base,1443000000,2161000000000000000000,2163057272000000000000,-952,7208,valid
0x67c2b0919024ce036f3ff6316a356a7ebda3a7a0ab838d8bc5cd4a7e3d1560c8,20260825,mixed_high_volatility,"Mixed, high volatility",103,informed,buy_base,3655000000,1960000000000000000000,1969633400000000000000,4915,6402,valid
0xeb9d397f865096e5a444054d1045efada25d24a8918775e5b633cbcf08d27813,20260825,mixed_high_volatility,"Mixed, high volatility",104,informed,sell_base,930000000,1814000000000000000000,1808024684000000000000,3294,8396,valid
0x7f088b842ef62bb00a9bb5bb75004e0587be8983fbb05516bccb80c9d03cd5d2,20260825,mixed_high_volatility,"Mixed, high volatility",105,benign,sell_base,1654000000,2127000000000000000000,2123445783000000000000,1671,5989,valid
0x3aaf4c988ba24be9b2db6d9a46b2c86bd9e914611660523e2555bd0c83944a20,20260825,mixed_high_volatility,"Mixed, high volatility",106,benign,buy_base,2661000000,1839000000000000000000,1842170436000000000000,1724,9598,valid
0xb5b348a9dc05da787368403dcdc87f7ca5e29b71c31185a3b4deb5512aa495e4,20260825,mixed_high_volatility,"Mixed, high volatility",107,informed,buy_base,924000000,1877000000000000000000,1886373738000000000000,4994,5260,valid
0x7e6d2db4fbdd6610ddbeacdbfe213c73ed8e942ece05d9ea44024fcf96d1b36b,20260825,mixed_high_volatility,"Mixed, high volatility",108,benign,sell_base,2539000000,2049000000000000000000,2051858355000000000000,-1395,8849,valid
0xf6118e32208392a4bd246ab7ced80890908858c1e591a2ef7067421d797c8e97,20260825,mixed_high_volatility,"Mixed, high volatility",109,benign,sell_base,2756000000,2135000000000000000000,2131818850000000000000,1490,5569,valid
0x246e56765ac045652d1418d95b4bedb97ba9fa42eb3642f498578deef72d49cd,20260825,mixed_high_volatility,"Mixed, high volatility",110,informed,buy_base,2782000000,2112000000000000000000,2124646656000000000000,5988,4229,valid
0x2ece3626590c0a9eb7823c01498c6cba35b5d451636878f12dd3b58de403e3cb,20260825,mixed_high_volatility,"Mixed, high volatility",111,benign,sell_base,2050000000,1839000000000000000000,1840355343000000000000,-737,8716,valid
0xec4244d2dbb396e261138d3a6c2d6786fae3eb5558b466bfe55611e62815dab7,20260825,mixed_high_volatility,"Mixed, high volatility",112,informed,sell_base,3988000000,1986000000000000000000,1973784114000000000000,6151,4777,valid
0x7d0caba0b9b59c7027b5bbeff44d25d89023816bde57e976294f7ab17fcb4842,20260825,mixed_high_volatility,"Mixed, high volatility",113,benign,buy_base,2871000000,2052000000000000000000,2055348864000000000000,1632,4372,valid
0x12eccd413cfe8bd878aa56bae907e8360012e3e541d03aa61df6488671c0f448,20260825,mixed_high_volatility,"Mixed, high volatility",114,benign,sell_base,2651000000,2120000000000000000000,2116898440000000000000,1463,9635,valid
0x6335e915a00e9a40b6ae9c07616444a2f7fe7db766539c81f2b3fee54fd2e9f8,20260825,mixed_high_volatility,"Mixed, high volatility",115,benign,sell_base,2734000000,2172000000000000000000,2171039976000000000000,442,5515,valid
0x7a8bcbbb2193d7102460679cc77002ca7141ef5a360a95647ab5f0b844393c75,20260825,mixed_high_volatility,"Mixed, high volatility",116,informed,sell_base,4164000000,2166000000000000000000,2155014048000000000000,5072,7746,valid
0xb6df6c1bedc0d804767c99981f568bf91ac49373b73fac801047f8d96f88f132,20260825,mixed_high_volatility,"Mixed, high volatility",117,informed,buy_base,3508000000,1847000000000000000000,1857164041000000000000,5503,4583,valid
0xea9d7015a759440a81a9292a5261571861f05c5476dacca4a7aed3145ca24101,20260825,mixed_high_volatility,"Mixed, high volatility",118,benign,sell_base,149000000,1838000000000000000000,1840097158000000000000,-1141,5202,valid
0xe1a361d7b6dbddfe60cbff99f05adada8c907ff71126db0f608ce55fdc5a6948,20260825,mixed_high_volatility,"Mixed, high volatility",119,benign,buy_base,2591000000,1832000000000000000000,1833482088000000000000,809,5587,valid
0x88f881e6e8cde8c8484f3f157bf226c9b5d7b353a868d044000e75d2e048e6f8,20260825,mixed_high_volatility,"Mixed, high volatility",120,benign,buy_base,1570000000,2053000000000000000000,2056744672000000000000,1824,8405,valid
0xea9a0db561d6bab53640d21ae37eb08a5db81c9a3f969c56e802637ff58a10a1,20260825,mixed_high_volatility,"Mixed, high volatility",121,benign,buy_base,4197000000,2111000000000000000000,2114210831000000000000,1521,7840,valid
0x309d7d02e6f4237f17e8d12f819004e746569d52ea31d5aea72fbc89a60e6f4b,20260825,mixed_high_volatility,"Mixed, high volatility",122,benign,buy_base,3887000000,1809000000000000000000,1808173287000000000000,-457,9199,valid
0xa3c9ea5b2cb0911f946bd2e767badc48bfbf2cd7ba7232143150cabf22ab621a,20260825,mixed_high_volatility,"Mixed, high volatility",123,inventory_improving,sell_base,3067000000,1994000000000000000000,2000939120000000000000,-3480,8887,valid
0x20e49fa6fd43fde79d27b509b312f6d9a7d8d6b9bcbf3e49068999be05223f2e,20260825,mixed_high_volatility,"Mixed, high volatility",124,benign,buy_base,1399000000,2152000000000000000000,2148528824000000000000,-1613,8207,valid
0x7f3cc8d150e9fa80818e9fb739546899b614992b6008194458b7afde89f20cc6,20260825,mixed_high_volatility,"Mixed, high volatility",125,benign,sell_base,110000000,1914000000000000000000,1913724384000000000000,144,8882,valid
0xe9c895a5fb17973ac6c53431c6c1e38a84aedc9f15adec57f179ac028671074b,20260825,mixed_high_volatility,"Mixed, high volatility",126,benign,buy_base,4908000000,2044000000000000000000,2042714324000000000000,-629,9799,valid
0xedd493eaeba175a7c5b362734f0cb29f6ce2468b0a94c9ad35298d0b0b767af4,20260825,mixed_high_volatility,"Mixed, high volatility",127,benign,sell_base,2380000000,2194000000000000000000,2196018480000000000000,-920,4538,valid
0x0294f97f3d292c6647b76bc91ba6e60949a929a51f452442fa24032452069895,20260825,stale_manipulated_reference,Stale/manipulated reference,0,benign,sell_base,3948000000,2172000000000000000000,2171950044000000000000,23,3037,valid
0x412bb5723c6d1cef75e2c1bab7684728536109ec6270e354aecc6c1509bea13b,20260825,stale_manipulated_reference,Stale/manipulated reference,1,inventory_improving,sell_base,168000000,2017000000000000000000,2022421696000000000000,-2688,1521,valid
0x1f273f92cac73b07a9c5467201aaf3cc2b4d29deeba02fb43e3923694976c97d,20260825,stale_manipulated_reference,Stale/manipulated reference,2,benign,sell_base,2793000000,1947000000000000000000,1948129260000000000000,-580,1775,valid
0xcb94c34f351ec645ca73dbabcc58766cefbf4b5185d529501372cd30d15d8586,20260825,stale_manipulated_reference,Stale/manipulated reference,3,benign,buy_base,2211000000,1942000000000000000000,1940661962000000000000,-689,1758,valid
0x306b52f88ff965eaf606730cab28b6962648c2243d357d3782331b499f688e8e,20260825,stale_manipulated_reference,Stale/manipulated reference,4,benign,sell_base,3282000000,2166000000000000000000,2166012996000000000000,-6,3193,stale
0x62d72d9929510006045c3355999135a32cc7779ed8e12d72b2445878316aacb1,20260825,stale_manipulated_reference,Stale/manipulated reference,5,inventory_improving,sell_base,3510000000,1908000000000000000000,1909721016000000000000,-902,1759,valid
0x71c989631c46ec050f8c578fd48942b9ab400a023b1a460b20ad496c241166ed,20260825,stale_manipulated_reference,Stale/manipulated reference,6,benign,sell_base,2033000000,1950000000000000000000,1948206000000000000000,920,3512,manipulated
0x4d9f19c1c7512c44d97448075e3e90a529ed5ef6ccd13e80c396142a85502b43,20260825,stale_manipulated_reference,Stale/manipulated reference,7,benign,buy_base,4402000000,2136000000000000000000,2134163040000000000000,-860,2684,valid
0x7a0eba212536f31cb4451b2521e04bb442d9fe893dc88933eeb41d51596c5200,20260825,stale_manipulated_reference,Stale/manipulated reference,8,benign,sell_base,2212000000,1950000000000000000000,1949955150000000000000,23,2217,manipulated
0xb12e47ad7afbca5f73868a127078e61a471c4c452843b5479ce9c66b65cd7c03,20260825,stale_manipulated_reference,Stale/manipulated reference,9,informed,sell_base,4071000000,2075000000000000000000,2067617150000000000000,3558,4483,stale
0x2931e8cd1c6084517610de505ce52b681e08099d4971df5acbfd12f60c2dfd50,20260825,stale_manipulated_reference,Stale/manipulated reference,10,benign,sell_base,2981000000,2109000000000000000000,2111026749000000000000,-961,3002,manipulated
0xd523a84e4334950c5dc712d25938b31b0249146de94fd151448e208c24491393,20260825,stale_manipulated_reference,Stale/manipulated reference,11,inventory_improving,buy_base,2172000000,2138000000000000000000,2130946738000000000000,-3299,2241,stale
0x33e9786e3a31adc84e0fe55301d6423339079e44a9a8eb99bc668df54bd0ae58,20260825,stale_manipulated_reference,Stale/manipulated reference,12,benign,sell_base,1243000000,1853000000000000000000,1851156265000000000000,995,2136,valid
0xf99318af95d2932afe370a4d95745b244078009f39659397671999cbf58c8c8e,20260825,stale_manipulated_reference,Stale/manipulated reference,13,informed,buy_base,4295000000,1856000000000000000000,1864593280000000000000,4630,1717,stale
0xf532ba77ac31fb41b1055fbc525bd9da0dfea16e039b58e52150d50c6d25cfe6,20260825,stale_manipulated_reference,Stale/manipulated reference,14,inventory_improving,sell_base,1162000000,2087000000000000000000,2092351068000000000000,-2564,4985,valid
0x5c53f6d947d89031498b4969b0061f55f8a499e04974939dbdc6285afdcd5818,20260825,stale_manipulated_reference,Stale/manipulated reference,15,benign,sell_base,1405000000,1962000000000000000000,1961352540000000000000,330,2335,valid
0x1dbc2f82894084076ea0d3c21ef85dd18b5cf5fe10012a0a1c5349689c3f9266,20260825,stale_manipulated_reference,Stale/manipulated reference,16,benign,sell_base,1137000000,2034000000000000000000,2033340984000000000000,324,4484,stale
0x35ed79b0a9d5c024993bd76548e97f9a6f115bd4f55f46f2f70f15b31f730eb2,20260825,stale_manipulated_reference,Stale/manipulated reference,17,benign,sell_base,214000000,2164000000000000000000,2165720380000000000000,-795,3298,stale
0xc7ba11ee37ce0a3f292aa67e2d223e90a871bf1f4c118acda75d46babae7b679,20260825,stale_manipulated_reference,Stale/manipulated reference,18,inventory_improving,sell_base,1946000000,1871000000000000000000,1876560612000000000000,-2972,2619,manipulated
0x2c6ec172464c8e8135f9fbf4e5f5619f4b0513058334b2f4f5426370136f42d6,20260825,stale_manipulated_reference,Stale/manipulated reference,19,informed,sell_base,1129000000,2154000000000000000000,2144302692000000000000,4502,4859,valid
0x7ec4f130d8df34ce5dc9e185bfc57bb731ec869cd0a91d25d68398ae44565127,20260825,stale_manipulated_reference,Stale/manipulated reference,20,benign,buy_base,135000000,2046000000000000000000,2048005080000000000000,980,4104,valid
0x5f973169b91d60b06b65fb49dba188434e9ced9e09a75a5f8a1ee3176d9ae6bc,20260825,stale_manipulated_reference,Stale/manipulated reference,21,benign,buy_base,540000000,1934000000000000000000,1933924574000000000000,-39,3538,valid
0xcd994ebfb0f03ccbfdf928c7c2a39a3d64bd7b4695f176a096ae6ebe9dc31579,20260825,stale_manipulated_reference,Stale/manipulated reference,22,inventory_improving,buy_base,934000000,1800000000000000000000,1793826000000000000000,-3430,4121,valid
0x8c3b0e44efd6d7e6348ebd88be4b0e2814c7c76fbadfbdd7425f40fbcf75e823,20260825,stale_manipulated_reference,Stale/manipulated reference,23,informed,sell_base,2802000000,2078000000000000000000,2067815722000000000000,4901,3385,manipulated
0xd8e7e53f86d35d367d8d40f21bfd0f7d52081bebcdc375b53ba1fea8c6f5cd6a,20260825,stale_manipulated_reference,Stale/manipulated reference,24,benign,buy_base,2511000000,2122000000000000000000,2121758092000000000000,-114,3595,manipulated
0xd908a2968a04876b702fd87ec56e7b94eb48ae4c97b8efe43beccd924845e54b,20260825,stale_manipulated_reference,Stale/manipulated reference,25,benign,sell_base,2226000000,1857000000000000000000,1855958223000000000000,561,4337,stale
0x4900dcfd31e118a3deaaa1716ba9a1a852f72bd31901a2a14da2680f87128130,20260825,stale_manipulated_reference,Stale/manipulated reference,26,benign,buy_base,1934000000,2189000000000000000000,2190035397000000000000,473,3909,valid
0xe6e63615199c4c4d944cc59531eda562179d1c3e7cb91e3275772f088e22c9ea,20260825,stale_manipulated_reference,Stale/manipulated reference,27,inventory_improving,sell_base,2732000000,2003000000000000000000,2008031536000000000000,-2512,2731,manipulated
0xeb1e29d108bc8b445fb449fbd52d6f013401e782658f0664b36bc97e42452761,20260825,stale_manipulated_reference,Stale/manipulated reference,28,benign,sell_base,277000000,2170000000000000000000,2171668730000000000000,-769,3598,valid
0x88d96a3a263563305d4b7a00fc2c08f10f715157e858022870d9d0ea634542d2,20260825,stale_manipulated_reference,Stale/manipulated reference,29,benign,buy_base,1959000000,1901000000000000000000,1899659795000000000000,-705,4142,valid
0xde38e8236256f3e9a5700d193e66a1d9e5145778af766a4d93321490291a196e,20260825,stale_manipulated_reference,Stale/manipulated reference,30,benign,buy_base,2790000000,2125000000000000000000,2126570375000000000000,739,4435,stale
0x49f159e7bcb0439eb7d15f2ccf22f86efcfe60902314464b9591cca113f931a3,20260825,stale_manipulated_reference,Stale/manipulated reference,31,inventory_improving,sell_base,949000000,2176000000000000000000,2178846208000000000000,-1308,1777,valid
0x8de2da0b69415f2340f69b2b2728f926bae8c44cd5a4f0d73fddc8ee53d3b07e,20260825,stale_manipulated_reference,Stale/manipulated reference,32,benign,sell_base,2727000000,1896000000000000000000,1895586672000000000000,218,1649,valid
0xe3446d87285b6144ff3a437c63f0207e7db6ad4c1eb241249f8489d547302cbf,20260825,stale_manipulated_reference,Stale/manipulated reference,33,benign,buy_base,4658000000,1842000000000000000000,1840874538000000000000,-611,2969,valid
0x2b262903ae10f2693c2d05723ab8ae422e33522afeaa6ae051285e7802e2f5de,20260825,stale_manipulated_reference,Stale/manipulated reference,34,inventory_improving,sell_base,2936000000,1825000000000000000000,1828575175000000000000,-1959,3728,valid
0x45a6f3db0c12cebe13426c9a894d00a4cafb77102715b7dcd2f65d7f00d9c9a1,20260825,stale_manipulated_reference,Stale/manipulated reference,35,benign,buy_base,2612000000,1938000000000000000000,1936941852000000000000,-546,3072,manipulated
0x8d554da8fa51d78c06e64a2040c47e95956510d34180d28bfdf01b5c2dba446c,20260825,stale_manipulated_reference,Stale/manipulated reference,36,informed,sell_base,1513000000,1882000000000000000000,1876434926000000000000,2957,1797,stale
0x20024eeb2457534217a7b60edbe8afaae520f92e58502ed73271fb9dc4dd3741,20260825,stale_manipulated_reference,Stale/manipulated reference,37,informed,sell_base,3995000000,1904000000000000000000,1898042384000000000000,3129,2263,stale
0x7cd4d4a37dcb71623bd82a1362af74ced333af70f282e10609f6cba658abd86b,20260825,stale_manipulated_reference,Stale/manipulated reference,38,benign,sell_base,2410000000,1932000000000000000000,1932297528000000000000,-154,2041,valid
0xb4a4f9153c792ecc180058f7b3399685c9736d4327b64e2f75f88d4eebdc9c44,20260825,stale_manipulated_reference,Stale/manipulated reference,39,informed,buy_base,616000000,2070000000000000000000,2074181400000000000000,2020,3718,valid
0x30232a4a64007e6c5d54756e7b75a08f76cd1307f77e41002198f4db5dbe28b2,20260825,stale_manipulated_reference,Stale/manipulated reference,40,informed,buy_base,1674000000,1836000000000000000000,1842440688000000000000,3508,4301,manipulated
0xb01b744a19dcf95b937d2cbf9dc9c70e6126378d71c7348f05dd4fbb905da821,20260825,stale_manipulated_reference,Stale/manipulated reference,41,informed,sell_base,2940000000,1988000000000000000000,1982509144000000000000,2762,2364,stale
0xf123b84bfcc5cc605a1ceaeabd80da8894c13b9ad030db72560aa3ca0646ccb2,20260825,stale_manipulated_reference,Stale/manipulated reference,42,inventory_improving,buy_base,3712000000,1839000000000000000000,1833665061000000000000,-2901,3196,valid
0x2643b5305273495647c5f587659f4797b89aef39351bbb561946afb2772af81b,20260825,stale_manipulated_reference,Stale/manipulated reference,43,informed,buy_base,4788000000,2078000000000000000000,2088173888000000000000,4896,2438,stale
0xbceed56fed62f66917934f6c6b4a62704788b9b37fe260d5053431487ab56312,20260825,stale_manipulated_reference,Stale/manipulated reference,44,inventory_improving,sell_base,2848000000,1892000000000000000000,1895941036000000000000,-2083,2309,stale
0x2554a505da5f3a49e19de89ccebf115f4a61a5ba5b99e87d2c5a194f31dfc33f,20260825,stale_manipulated_reference,Stale/manipulated reference,45,benign,buy_base,150000000,1832000000000000000000,1831970688000000000000,-16,4344,valid
0x2eb35a47bd95530f1c93990b7266f4920afebc8cc898f769f12ff485da83a072,20260825,stale_manipulated_reference,Stale/manipulated reference,46,inventory_improving,sell_base,4980000000,1943000000000000000000,1947247398000000000000,-2186,3807,valid
0x81bc2aa2921efc5473da79d1f8219ab355166142c4c098fbec4ee136b2b73b2b,20260825,stale_manipulated_reference,Stale/manipulated reference,47,benign,sell_base,838000000,1955000000000000000000,1953737070000000000000,646,1768,valid
0x544a00d17c4a3831608fad352f9e2ec8486d4cf450d849d143e3fa15afc11d9e,20260825,stale_manipulated_reference,Stale/manipulated reference,48,benign,sell_base,3609000000,2096000000000000000000,2094178576000000000000,869,3709,manipulated
0x726f273c7eb8c5c171ab6dce463db5df5655669324bad8155f4a51a1a87a751c,20260825,stale_manipulated_reference,Stale/manipulated reference,49,benign,buy_base,3723000000,1983000000000000000000,1983297450000000000000,150,4470,valid
0xa9ef3fb4c2dd7b0bdadc2697f1c643d67ddb8c03d1a5c0ab4b301477bf21aa37,20260825,stale_manipulated_reference,Stale/manipulated reference,50,inventory_improving,buy_base,904000000,2190000000000000000000,2183640240000000000000,-2904,2843,stale
0xba0c37753a19735f7899044ddec3ca95a8d8c593bef7c056048f140ec4ee14e8,20260825,stale_manipulated_reference,Stale/manipulated reference,51,inventory_improving,buy_base,2759000000,2154000000000000000000,2147889102000000000000,-2837,2074,stale
0x3e533c33d22f69981f1704291f98c6d095335c95080767f4f4a521268be1de16,20260825,stale_manipulated_reference,Stale/manipulated reference,52,benign,buy_base,1833000000,2111000000000000000000,2111650188000000000000,308,4991,manipulated
0x2072bd19ffeb32354937dcd4d89cfdf9c23cf4daece020d9648747d56145b835,20260825,stale_manipulated_reference,Stale/manipulated reference,53,inventory_improving,buy_base,4776000000,2092000000000000000000,2086307668000000000000,-2721,3692,valid
0x9e9d2aca74a16176dceb4e4d82490924a2bf0186b95b15e742efee5dc8fdc83b,20260825,stale_manipulated_reference,Stale/manipulated reference,54,benign,buy_base,676000000,2165000000000000000000,2163521305000000000000,-683,4210,valid
0x89f915ac29e3ccad72f60b8dd48f28b2568ca930dbef6ee68dd779e39153662f,20260825,stale_manipulated_reference,Stale/manipulated reference,55,inventory_improving,sell_base,1419000000,2187000000000000000000,2192579037000000000000,-2551,3911,manipulated
0xf61966eadbea4c59b84647b33214fe1821bc0fbff04c26d0b65c991ad7f78e97,20260825,stale_manipulated_reference,Stale/manipulated reference,56,benign,buy_base,4947000000,2033000000000000000000,2033046759000000000000,23,3785,valid
0xe8677dc1c0e84071954f1ddc027296301e3d7fbccc6c723a59e62c35426cfac0,20260825,stale_manipulated_reference,Stale/manipulated reference,57,benign,sell_base,3349000000,1979000000000000000000,1977337640000000000000,840,2283,valid
0x68e67d243684c1aafe40deb19c680989721ef9b23fec8230d6702ff0441fa87d,20260825,stale_manipulated_reference,Stale/manipulated reference,58,informed,buy_base,4185000000,2164000000000000000000,2174902232000000000000,5038,4122,valid
0xd9394c0d291330a8b43769c08fc125122defd1222d15f96e7a4e0e5d4b5dda2e,20260825,stale_manipulated_reference,Stale/manipulated reference,59,inventory_improving,sell_base,300000000,1907000000000000000000,1911675964000000000000,-2452,4098,valid
0x2d3ba8eef1b5ea524eac0af4a162f783ea0e2646bffa7300c2d5312ce6c31a32,20260825,stale_manipulated_reference,Stale/manipulated reference,60,informed,sell_base,1050000000,2038000000000000000000,2029854114000000000000,3997,3327,valid
0x623da6b308c914ccabd876f1a89dabec93e7ad260a1a85de36cbade7d994bb47,20260825,stale_manipulated_reference,Stale/manipulated reference,61,informed,buy_base,634000000,2016000000000000000000,2021683104000000000000,2819,3389,manipulated
0x67cfb3e0ef21f5da7268cf4664df22e00e0f2a3bfd20ea2cea6aa915673e1d22,20260825,stale_manipulated_reference,Stale/manipulated reference,62,informed,buy_base,4618000000,1924000000000000000000,1930356896000000000000,3304,3351,valid
0xb535cbb92d5a9e848869a5d2b20eaffecddd472d4398ea9e21669f7cdb2e3dea,20260825,stale_manipulated_reference,Stale/manipulated reference,63,inventory_improving,sell_base,2982000000,2110000000000000000000,2115935430000000000000,-2813,2255,valid
0x7bf404fce6199177c0379cf335e0f5de3377b1b77d7059a0adcc5571c1b73116,20260825,stale_manipulated_reference,Stale/manipulated reference,64,benign,buy_base,3814000000,1984000000000000000000,1983006016000000000000,-501,4017,valid
0xc4a20a431f52e31a88ec40b7b1c8a11dcac220f809be21524c297f9cb3f44e59,20260825,stale_manipulated_reference,Stale/manipulated reference,65,informed,buy_base,2006000000,2140000000000000000000,2144192260000000000000,1959,4775,stale
0xb0195ea20129f4b0492dd31cc5cfc463e3010470624a7377b32e0f6ca010dce5,20260825,stale_manipulated_reference,Stale/manipulated reference,66,benign,buy_base,3183000000,1911000000000000000000,1912381653000000000000,723,1875,manipulated
0xfab2794fbf8d859f41c91098fe654263d502a3f2db7b1520e12a679968905edc,20260825,stale_manipulated_reference,Stale/manipulated reference,67,benign,sell_base,4341000000,2183000000000000000000,2181668370000000000000,610,2147,manipulated
0xa8d6012f7ec2b77395c2e2f00a775299d5ed99598ae3cfae2598aa320ac0f7ab,20260825,stale_manipulated_reference,Stale/manipulated reference,68,benign,sell_base,4765000000,1966000000000000000000,1964897074000000000000,561,3998,manipulated
0xd01b41ba0de8b972848c940afb6bf95a12f1ff61652705de58f5dfdab646f757,20260825,stale_manipulated_reference,Stale/manipulated reference,69,inventory_improving,sell_base,1919000000,1832000000000000000000,1836354664000000000000,-2377,2016,valid
0xb9593430f745092f6573101eaa5c91a53e44f8020f12d692f300264ebd0309ff,20260825,stale_manipulated_reference,Stale/manipulated reference,70,benign,buy_base,3366000000,2002000000000000000000,2001411412000000000000,-294,3194,manipulated
0xcaa97b142064d52d027314367972d29f7b6ba9269b28ced0ac32f2abd1aa6cae,20260825,stale_manipulated_reference,Stale/manipulated reference,71,informed,sell_base,2740000000,1973000000000000000000,1962817347000000000000,5161,3793,stale
0xfdd36f4149adc3a968a8c60658c131221023f38f94923e6c18c0d0974933d49f,20260825,stale_manipulated_reference,Stale/manipulated reference,72,benign,buy_base,3302000000,1889000000000000000000,1887420796000000000000,-836,2103,manipulated
0x09d50478cbf7317cf006b01a2477b7a7a8a34113cd4add918e75a4dcd7e48eee,20260825,stale_manipulated_reference,Stale/manipulated reference,73,informed,sell_base,429000000,2055000000000000000000,2045497680000000000000,4624,3269,manipulated
0x03404c4dc385ec94dc4c6897ff783b98090a7cac9180fc1f437680cb257c3363,20260825,stale_manipulated_reference,Stale/manipulated reference,74,benign,sell_base,3385000000,1850000000000000000000,1851381950000000000000,-747,1725,valid
0xfe00112d5c7645c97e0358a47230c5674bc41f1c34f180dcc392ccfb717b75d6,20260825,stale_manipulated_reference,Stale/manipulated reference,75,benign,sell_base,4406000000,1982000000000000000000,1981221074000000000000,393,5000,valid
0xb086c36088c90a7c44dcb29650d2d0b3f45eede461538225a6e936b13c2c52a2,20260825,stale_manipulated_reference,Stale/manipulated reference,76,informed,sell_base,2083000000,2027000000000000000000,2017795393000000000000,4541,4829,valid
0xe35ba3e56d8e6613faec83e38e23c70828c8bd6cd33efb5b18094fad5825a835,20260825,stale_manipulated_reference,Stale/manipulated reference,77,informed,buy_base,819000000,2035000000000000000000,2040803820000000000000,2852,4858,manipulated
0x3f42ff840a8b023bd3091503918973e1ecc68b82e263f3e77ad6dcce1f1d808a,20260825,stale_manipulated_reference,Stale/manipulated reference,78,informed,sell_base,4045000000,2134000000000000000000,2127275766000000000000,3151,1614,manipulated
0x277ed74432af4f7bcd608ead01be5d42b2dd2f29fe4bb1c8a715b4552a0c13cf,20260825,stale_manipulated_reference,Stale/manipulated reference,79,benign,buy_base,3776000000,1808000000000000000000,1809280064000000000000,708,2961,stale
0xcc03a15cb6403bde844652cba885dde7bc4b10bfb8b5354714506a1df428c56a,20260825,stale_manipulated_reference,Stale/manipulated reference,80,benign,buy_base,873000000,1803000000000000000000,1804132284000000000000,628,1882,manipulated
0xfb09ca3d634f4ebb10eac7dc0471487bf37f9e18b8bbeec1f4ae9700606b8659,20260825,stale_manipulated_reference,Stale/manipulated reference,81,benign,buy_base,436000000,1859000000000000000000,1858325183000000000000,-363,1936,valid
0x74aa151bf46384f871b3e270c0427f017645b1922c5935a2387e18f444165641,20260825,stale_manipulated_reference,Stale/manipulated reference,82,inventory_improving,buy_base,175000000,1917000000000000000000,1912928292000000000000,-2124,3333,valid
0x4e057885d030392e98b9daa9e09171e512a438af999b28e05b2457f83b1b278b,20260825,stale_manipulated_reference,Stale/manipulated reference,83,benign,buy_base,4702000000,2182000000000000000000,2180795536000000000000,-552,4631,valid
0x31857a09be8ddd32b4e20da706f3cd9c0b77413f37d921d3e8b878b7d35137d8,20260825,stale_manipulated_reference,Stale/manipulated reference,84,inventory_improving,sell_base,965000000,1861000000000000000000,1863097347000000000000,-1127,3130,stale
0x5e820bb8cde4ae4e1971874d2ecd9212aed0b08da06eaea128fff78f3874bbfc,20260825,stale_manipulated_reference,Stale/manipulated reference,85,benign,buy_base,122000000,2090000000000000000000,2091824570000000000000,873,1874,valid
0xffd08c55547f493b1a20d62c4fdaed79afba5bf98f0d43e2030c1ddf4b3e43cd,20260825,stale_manipulated_reference,Stale/manipulated reference,86,benign,sell_base,3685000000,2158000000000000000000,2157637456000000000000,168,4427,manipulated
0xe57c82195578f7fa49b83abee613513b65d73338a5e5937f02e94bf3ba7df5f1,20260825,stale_manipulated_reference,Stale/manipulated reference,87,benign,sell_base,333000000,2135000000000000000000,2136938580000000000000,-908,3511,manipulated
0xe317f157e9f7006c3a030a9016a66f30d1a2f5dc0658e61410493ba986514681,20260825,stale_manipulated_reference,Stale/manipulated reference,88,informed,sell_base,2390000000,1984000000000000000000,1980248256000000000000,1891,2179,manipulated
0x0d2cac42c99bb752c13de481919c04e782d3bbc69375164397f29e998511019d,20260825,stale_manipulated_reference,Stale/manipulated reference,89,informed,buy_base,1573000000,2044000000000000000000,2053050832000000000000,4428,2291,manipulated
0xa6162b304562364d1e9d9c7e9e351e4beae79de37332d9f579319f62992e0190,20260825,stale_manipulated_reference,Stale/manipulated reference,90,benign,sell_base,4184000000,1811000000000000000000,1812705962000000000000,-942,2260,stale
0x4246fbd51bae924c28386e06444e00de600a95c03cace2be875bcd04e77f259d,20260825,stale_manipulated_reference,Stale/manipulated reference,91,informed,buy_base,4666000000,1824000000000000000000,1827367104000000000000,1846,2911,stale
0x13a28f575d5322793aaff9998b3d6d155a72b9fd0720064b7861469c9c5df16f,20260825,stale_manipulated_reference,Stale/manipulated reference,92,benign,buy_base,4412000000,2168000000000000000000,2166183216000000000000,-838,4927,manipulated
0xdffb01755e4caf7295f3fed11c512e0df83ab8b431e34a7613f90c731c272818,20260825,stale_manipulated_reference,Stale/manipulated reference,93,inventory_improving,sell_base,4770000000,2153000000000000000000,2156212276000000000000,-1492,4201,manipulated
0x10587978e34bfac0c88970b7e3dc7356182922e14c5550a4556001e0577914c3,20260825,stale_manipulated_reference,Stale/manipulated reference,94,benign,buy_base,253000000,1942000000000000000000,1940063826000000000000,-997,4978,stale
0x725f67692439eeb6e993ac05ec1015982942f312c34684df5b35397db0e05484,20260825,stale_manipulated_reference,Stale/manipulated reference,95,benign,sell_base,2425000000,1914000000000000000000,1915774278000000000000,-927,3065,stale
0x11e2591b8cae9190dc1836ef82794af6595cfbdc160ea9d939264b3398882350,20260825,stale_manipulated_reference,Stale/manipulated reference,96,benign,sell_base,4264000000,2178000000000000000000,2180127906000000000000,-977,4211,stale
0x1c52bdb28f2991c0d90fcbc512f7b14ff1c048be9fb1a570f47ae6149c2a2da3,20260825,stale_manipulated_reference,Stale/manipulated reference,97,benign,buy_base,3143000000,1966000000000000000000,1966112062000000000000,57,4370,manipulated
0xebbb9487314e8ac1277063bb2db2144589b84ea17a6ab154f8197e87548e2e03,20260825,stale_manipulated_reference,Stale/manipulated reference,98,benign,buy_base,2582000000,2123000000000000000000,2122036158000000000000,-454,2933,manipulated
0xc6f1883638f92367c9ef3251752657b7d453ee67c9717504022b1e19e11799bd,20260825,stale_manipulated_reference,Stale/manipulated reference,99,benign,buy_base,605000000,2114000000000000000000,2114215628000000000000,102,1867,valid
0x69ae455fb4173bc537aae7793fa3f2d5f5fd262a17a78e02cc4b85ad3174b85e,20260825,stale_manipulated_reference,Stale/manipulated reference,100,inventory_improving,sell_base,3221000000,2119000000000000000000,2125126029000000000000,-2891,3175,valid
0x9dad86802523c8ee65b2ca5affeb7f63b4144e08488bc0a39d52858844d028e7,20260825,stale_manipulated_reference,Stale/manipulated reference,101,inventory_improving,sell_base,2149000000,2152000000000000000000,2155144072000000000000,-1461,2828,valid
0xb61e0f65b06227496b035d5332e5745ea0be67927e04ce5396066d54eaccc092,20260825,stale_manipulated_reference,Stale/manipulated reference,102,inventory_improving,buy_base,3240000000,1936000000000000000000,1929953872000000000000,-3123,4691,stale
0xc60c623ebb537af5b061863d759de46fb066d83c1cf6ae428a522367181032b1,20260825,stale_manipulated_reference,Stale/manipulated reference,103,inventory_improving,buy_base,4612000000,1901000000000000000000,1896281718000000000000,-2482,1553,valid
0x541000882c07cfbc88fdc0e1a5414e46a67a625e1b7d199d7acefa6d8258057a,20260825,stale_manipulated_reference,Stale/manipulated reference,104,informed,buy_base,977000000,2078000000000000000000,2085792500000000000000,3750,1902,manipulated
0x4ebcabd5c98c385dc6fc21b1b54395b753f3dc7f1abd4c899836165dd9da31f7,20260825,stale_manipulated_reference,Stale/manipulated reference,105,benign,sell_base,806000000,1899000000000000000000,1898849979000000000000,79,2636,valid
0x7c82912e523b26d388884982e4e49a1e58a4cf1e548f0c86d52f35ff85706b94,20260825,stale_manipulated_reference,Stale/manipulated reference,106,inventory_improving,buy_base,2696000000,2188000000000000000000,2180670200000000000000,-3350,3359,manipulated
0xcf6847db3295f6c15934cce5d99f5a752ef137d206a7a8b88877468a4a4c48fa,20260825,stale_manipulated_reference,Stale/manipulated reference,107,benign,buy_base,4767000000,2120000000000000000000,2119828280000000000000,-81,3488,manipulated
0x5df2a991a730e8d5e6d122329a3c1eb255169482948be2b96971610159a8a080,20260825,stale_manipulated_reference,Stale/manipulated reference,108,benign,buy_base,2920000000,2035000000000000000000,2033691495000000000000,-643,2127,valid
0x704601fecb274b7573cb2b47e5039b688f9bc23756f4c418f018d998aa2b217b,20260825,stale_manipulated_reference,Stale/manipulated reference,109,benign,buy_base,4376000000,2162000000000000000000,2163878778000000000000,869,1625,valid
0x0c2b419608b789559fcc0aaa8b14fd9c722b1804548c32e3cb039d5ffedaed5f,20260825,stale_manipulated_reference,Stale/manipulated reference,110,benign,sell_base,4613000000,2003000000000000000000,2004654478000000000000,-826,4245,valid
0x6025199d92b2c1297796b43b0d61949a8f0be92ad155dd9b1bbb7fb13b7532e2,20260825,stale_manipulated_reference,Stale/manipulated reference,111,inventory_improving,buy_base,3734000000,1804000000000000000000,1799194144000000000000,-2664,3064,valid
0xaac68ec8d7575b8174d2cdf6bfc259d51ce183162a2af6067c51c696a19c8c69,20260825,stale_manipulated_reference,Stale/manipulated reference,112,benign,sell_base,575000000,1965000000000000000000,1966314585000000000000,-669,2715,stale
0xab1ade9f9aa49c1bc0ba4dcf224bc8232e225f6a396440dcf7652916bfabb6e7,20260825,stale_manipulated_reference,Stale/manipulated reference,113,benign,sell_base,2082000000,1821000000000000000000,1821912321000000000000,-501,3591,valid
0x3f0a4ea9137dd566282c6b476b7991ac416ebf1ba212bf7bf78a00cd1a5aa2a2,20260825,stale_manipulated_reference,Stale/manipulated reference,114,benign,buy_base,1085000000,1942000000000000000000,1942283532000000000000,146,3547,valid
0x1a66b197d0d91dbdd341e6b4e25c2f7f1f52a43cda6903a2ba14890e1f555a28,20260825,stale_manipulated_reference,Stale/manipulated reference,115,inventory_improving,sell_base,3459000000,1926000000000000000000,1931048046000000000000,-2621,4787,valid
0x4ba3b032d6006e80384cccc51f15f36f9f06322a72dbcd055b0696c13b2caecd,20260825,stale_manipulated_reference,Stale/manipulated reference,116,informed,buy_base,3615000000,2070000000000000000000,2081376720000000000000,5496,1613,stale
0xbbd1364d5086f55977ef495c63af563a49a7cacb594d34d5c1c056fc289f93c9,20260825,stale_manipulated_reference,Stale/manipulated reference,117,inventory_improving,buy_base,4487000000,2190000000000000000000,2188164780000000000000,-838,2875,valid
0x3d10a81a6de1643b44f02a662f4d258cda533ecffac6044ce895776e414187ee,20260825,stale_manipulated_reference,Stale/manipulated reference,118,informed,buy_base,2851000000,1970000000000000000000,1978736950000000000000,4435,4832,valid
0x3821fca225faaccb908c14be3b2aa356786e6a55b4555cb6977a9d27504cbc76,20260825,stale_manipulated_reference,Stale/manipulated reference,119,benign,sell_base,2174000000,2090000000000000000000,2088731370000000000000,607,4854,manipulated
0x0bd80005d23137f70b54c026d68f3a8ed60476121d8fa67011240d1fa6cc57dd,20260825,stale_manipulated_reference,Stale/manipulated reference,120,informed,buy_base,2645000000,1884000000000000000000,1887334680000000000000,1770,2291,valid
0xab11d0b167bce59065aed3b36e2b15a4e90198bb792c08289a53f9b57042bbb3,20260825,stale_manipulated_reference,Stale/manipulated reference,121,inventory_improving,sell_base,4099000000,2089000000000000000000,2095956370000000000000,-3330,3777,valid
0x48e1741e74391a80d2c8ade39d1c5ca810c631bd5b3277f4f5cf465bb193986a,20260825,stale_manipulated_reference,Stale/manipulated reference,122,informed,sell_base,4098000000,1848000000000000000000,1839188736000000000000,4768,2294,valid
0x402c5510fdd8aefcb5fbc143e83d2b665664ee5af4133db6408e8e7a5067d673,20260825,stale_manipulated_reference,Stale/manipulated reference,123,benign,buy_base,4218000000,2136000000000000000000,2135540760000000000000,-215,2951,stale
0xed2c6e791dee1c792cd63abbf1123ad46cadc618485028614e12cc990876cb17,20260825,stale_manipulated_reference,Stale/manipulated reference,124,informed,sell_base,4781000000,2190000000000000000000,2178382050000000000000,5305,2964,valid
0x03a8cd0652c7353c10c5602d2fd99300f91652588485bf809591edb6342c3493,20260825,stale_manipulated_reference,Stale/manipulated reference,125,inventory_improving,sell_base,4844000000,2118000000000000000000,2122115274000000000000,-1943,1679,stale
0xa1c65b1f514adf862f2c99095c07f7524353a3f62e5b2a0c651eb44417ae2ff8,20260825,stale_manipulated_reference,Stale/manipulated reference,126,informed,buy_base,1907000000,1955000000000000000000,1960178795000000000000,2649,2720,valid
0xbf9b1a7be50e9d7dd9b68175ec5156a5a36f2ae5d7f0ca9e4a1e17dfd24e9691,20260825,stale_manipulated_reference,Stale/manipulated reference,127,inventory_improving,sell_base,2032000000,2067000000000000000000,2069771847000000000000,-1341,1651,valid
